market,season,team,t,bid,ask,result
title,2025,Wolves,1754107200,0.0,0.16,no
title,2025,Wolves,1754193600,0.0,0.16,no
title,2025,Wolves,1754280000,0.0,0.05,no
title,2025,Wolves,1754366400,0.0,0.01,no
title,2025,Wolves,1754452800,0.0,0.01,no
title,2025,Wolves,1754539200,0.0,0.01,no
title,2025,Wolves,1754625600,0.0,0.01,no
title,2025,Wolves,1754712000,0.0,0.01,no
title,2025,Wolves,1754798400,0.0,0.01,no
title,2025,Wolves,1754884800,0.0,0.01,no
title,2025,Wolves,1754971200,0.0,0.01,no
title,2025,Wolves,1755057600,0.0,0.01,no
title,2025,Wolves,1755144000,0.0,0.01,no
title,2025,Wolves,1755230400,0.0,0.01,no
title,2025,Wolves,1755316800,0.0,0.01,no
title,2025,Wolves,1755403200,0.0,0.01,no
title,2025,Wolves,1755489600,0.0,0.01,no
title,2025,Wolves,1755576000,0.0,0.01,no
title,2025,Wolves,1755662400,0.0,0.01,no
title,2025,Wolves,1755748800,0.0,0.01,no
title,2025,Wolves,1755835200,0.0,0.01,no
title,2025,Wolves,1755921600,0.0,0.01,no
title,2025,Wolves,1756008000,0.0,0.01,no
title,2025,Wolves,1756094400,0.0,0.01,no
title,2025,Wolves,1756180800,0.0,0.01,no
title,2025,Wolves,1756267200,0.0,0.01,no
title,2025,Wolves,1756353600,0.0,0.01,no
title,2025,Wolves,1756440000,0.0,0.01,no
title,2025,Wolves,1756526400,0.0,0.01,no
title,2025,Wolves,1756612800,0.0,0.01,no
title,2025,Wolves,1756699200,0.0,0.01,no
title,2025,Wolves,1756785600,0.0,0.01,no
title,2025,Wolves,1756872000,0.0,0.01,no
title,2025,Wolves,1756958400,0.0,0.01,no
title,2025,Wolves,1757044800,0.0,0.01,no
title,2025,Wolves,1757131200,0.0,0.01,no
title,2025,Wolves,1757217600,0.0,0.01,no
title,2025,Wolves,1757304000,0.0,0.01,no
title,2025,Wolves,1757390400,0.0,0.01,no
title,2025,Wolves,1757476800,0.0,0.01,no
title,2025,Wolves,1757563200,0.0,0.01,no
title,2025,Wolves,1757649600,0.0,0.01,no
title,2025,Wolves,1757736000,0.0,0.01,no
title,2025,Wolves,1757822400,0.0,0.01,no
title,2025,Wolves,1757908800,0.0,0.01,no
title,2025,Wolves,1757995200,0.0,0.01,no
title,2025,Wolves,1758081600,0.0,0.01,no
title,2025,Wolves,1758168000,0.0,0.01,no
title,2025,Wolves,1758254400,0.0,0.01,no
title,2025,Wolves,1758340800,0.0,0.01,no
title,2025,Wolves,1758427200,0.0,0.01,no
title,2025,Wolves,1758513600,0.0,0.01,no
title,2025,Wolves,1758600000,0.0,0.01,no
title,2025,Wolves,1758686400,0.0,0.01,no
title,2025,Wolves,1758772800,0.0,0.01,no
title,2025,Wolves,1758859200,0.0,0.01,no
title,2025,Wolves,1758945600,0.0,0.01,no
title,2025,Wolves,1759032000,0.0,0.01,no
title,2025,Wolves,1759118400,0.0,0.01,no
title,2025,Wolves,1759204800,0.0,0.01,no
title,2025,Wolves,1759291200,0.0,0.01,no
title,2025,Wolves,1759377600,0.0,0.01,no
title,2025,Wolves,1759464000,0.0,0.01,no
title,2025,Wolves,1759550400,0.0,0.01,no
title,2025,Wolves,1759636800,0.0,0.01,no
title,2025,Wolves,1759723200,0.0,0.01,no
title,2025,Wolves,1759809600,0.0,0.01,no
title,2025,Wolves,1759896000,0.0,0.01,no
title,2025,Wolves,1759982400,0.0,0.01,no
title,2025,Wolves,1760068800,0.0,0.01,no
title,2025,Wolves,1760155200,0.0,0.01,no
title,2025,Wolves,1760241600,0.0,0.01,no
title,2025,Wolves,1760328000,0.0,0.01,no
title,2025,Wolves,1760414400,0.0,0.01,no
title,2025,Wolves,1760500800,0.0,0.01,no
title,2025,Wolves,1760587200,0.0,0.01,no
title,2025,Wolves,1760673600,0.0,0.01,no
title,2025,Wolves,1760760000,0.0,0.01,no
title,2025,Wolves,1760846400,0.0,0.01,no
title,2025,Wolves,1760932800,0.0,0.01,no
title,2025,Wolves,1761019200,0.0,0.01,no
title,2025,Wolves,1761105600,0.0,0.01,no
title,2025,Wolves,1761192000,0.0,0.01,no
title,2025,Wolves,1761278400,0.0,0.01,no
title,2025,Wolves,1761364800,0.0,0.01,no
title,2025,Wolves,1761451200,0.0,0.01,no
title,2025,Wolves,1761537600,0.0,0.01,no
title,2025,Wolves,1761624000,0.0,0.01,no
title,2025,Wolves,1761710400,0.0,0.01,no
title,2025,Wolves,1761796800,0.0,0.01,no
title,2025,Wolves,1761883200,0.0,0.01,no
title,2025,Wolves,1761969600,0.0,0.01,no
title,2025,Wolves,1762056000,0.0,0.01,no
title,2025,Wolves,1762142400,0.0,0.01,no
title,2025,Wolves,1762232400,0.0,0.01,no
title,2025,Wolves,1762318800,0.0,0.01,no
title,2025,Wolves,1762405200,0.0,0.01,no
title,2025,Wolves,1762491600,0.0,0.01,no
title,2025,Wolves,1762578000,0.0,0.01,no
title,2025,Wolves,1762664400,0.0,0.01,no
title,2025,Wolves,1762750800,0.0,0.01,no
title,2025,Wolves,1762837200,0.0,0.01,no
title,2025,Wolves,1762923600,0.0,0.01,no
title,2025,Wolves,1763010000,0.0,0.01,no
title,2025,Wolves,1763096400,0.0,0.01,no
title,2025,Wolves,1763182800,0.0,0.01,no
title,2025,Wolves,1763269200,0.0,0.01,no
title,2025,Wolves,1763355600,0.0,0.01,no
title,2025,Wolves,1763442000,0.0,0.01,no
title,2025,Wolves,1763528400,0.0,0.01,no
title,2025,Wolves,1763614800,0.0,0.01,no
title,2025,Wolves,1763701200,0.0,0.01,no
title,2025,Wolves,1763787600,0.0,0.01,no
title,2025,Wolves,1763874000,0.0,0.01,no
title,2025,Wolves,1763960400,0.0,0.01,no
title,2025,Wolves,1764046800,0.0,0.01,no
title,2025,Wolves,1764133200,0.0,0.01,no
title,2025,Wolves,1764219600,0.0,0.01,no
title,2025,Wolves,1764306000,0.0,0.01,no
title,2025,Wolves,1764392400,0.0,0.01,no
title,2025,Wolves,1764478800,0.0,0.01,no
title,2025,Wolves,1764565200,0.0,0.01,no
title,2025,Wolves,1764651600,0.0,0.01,no
title,2025,Wolves,1764738000,0.0,0.01,no
title,2025,Wolves,1764824400,0.0,0.01,no
title,2025,Wolves,1764910800,0.0,0.01,no
title,2025,Wolves,1764997200,0.0,0.01,no
title,2025,Wolves,1765083600,0.0,0.01,no
title,2025,Wolves,1765170000,0.0,0.01,no
title,2025,Wolves,1765256400,0.0,0.01,no
title,2025,Wolves,1765342800,0.0,0.01,no
title,2025,Wolves,1765429200,0.0,0.01,no
title,2025,Wolves,1765515600,0.0,0.01,no
title,2025,Wolves,1765602000,0.0,0.01,no
title,2025,Wolves,1765688400,0.0,0.01,no
title,2025,Wolves,1765774800,0.0,0.01,no
title,2025,Wolves,1765861200,0.0,0.01,no
title,2025,Wolves,1765947600,0.0,0.01,no
title,2025,Wolves,1766034000,0.0,0.01,no
title,2025,Wolves,1766120400,0.0,0.01,no
title,2025,Wolves,1766206800,0.0,0.01,no
title,2025,Wolves,1766293200,0.0,0.01,no
title,2025,Wolves,1766379600,0.0,0.01,no
title,2025,Wolves,1766466000,0.0,0.01,no
title,2025,Wolves,1766552400,0.0,0.01,no
title,2025,Wolves,1766638800,0.0,0.01,no
title,2025,Wolves,1766725200,0.0,0.01,no
title,2025,Wolves,1766811600,0.0,0.01,no
title,2025,Wolves,1766898000,0.0,0.01,no
title,2025,Wolves,1766984400,0.0,0.01,no
title,2025,Wolves,1767070800,0.0,0.01,no
title,2025,Wolves,1767157200,0.0,0.01,no
title,2025,Wolves,1767243600,0.0,0.01,no
title,2025,Wolves,1767330000,0.0,0.01,no
title,2025,Wolves,1767416400,0.0,0.01,no
title,2025,Wolves,1767502800,0.0,0.01,no
title,2025,Wolves,1767589200,0.0,0.01,no
title,2025,Wolves,1767675600,0.0,0.01,no
title,2025,Wolves,1767762000,0.0,0.01,no
title,2025,Wolves,1767848400,0.0,0.01,no
title,2025,Wolves,1767934800,0.0,0.01,no
title,2025,Wolves,1768021200,0.0,0.01,no
title,2025,Wolves,1768107600,0.0,0.01,no
title,2025,Wolves,1768194000,0.0,0.01,no
title,2025,Wolves,1768280400,0.0,0.01,no
title,2025,Wolves,1768366800,0.0,0.01,no
title,2025,Wolves,1768453200,0.0,0.01,no
title,2025,Wolves,1768539600,0.0,0.01,no
title,2025,Wolves,1768626000,0.0,0.01,no
title,2025,Wolves,1768712400,0.0,0.01,no
title,2025,Wolves,1768798800,0.0,0.01,no
title,2025,Wolves,1768885200,0.0,0.01,no
title,2025,Wolves,1768971600,0.0,0.01,no
title,2025,Wolves,1769058000,0.0,0.01,no
title,2025,Wolves,1769144400,0.0,0.01,no
title,2025,Wolves,1769230800,0.0,0.01,no
title,2025,Wolves,1769317200,0.0,0.01,no
title,2025,Wolves,1769403600,0.0,0.01,no
title,2025,Wolves,1769490000,0.0,0.01,no
title,2025,Wolves,1769576400,0.0,0.01,no
title,2025,Wolves,1769662800,0.0,0.01,no
title,2025,Wolves,1769749200,0.0,0.01,no
title,2025,Wolves,1769835600,0.0,0.01,no
title,2025,Wolves,1769922000,0.0,0.01,no
title,2025,Wolves,1770008400,0.0,0.01,no
title,2025,Wolves,1770094800,0.0,0.01,no
title,2025,Wolves,1770181200,0.0,0.01,no
title,2025,Wolves,1770267600,0.0,0.01,no
title,2025,Wolves,1770354000,0.0,0.01,no
title,2025,Wolves,1770440400,0.0,0.01,no
title,2025,Wolves,1770526800,0.0,0.01,no
title,2025,Wolves,1770613200,0.0,0.01,no
title,2025,Wolves,1770699600,0.0,0.01,no
title,2025,Wolves,1770958800,0.0,0.01,no
title,2025,Wolves,1771131600,0.0,0.01,no
title,2025,Wolves,1771218000,0.0,0.01,no
title,2025,Wolves,1771390800,0.0,0.01,no
title,2025,Wolves,1771477200,0.0,0.01,no
title,2025,Wolves,1771822800,0.0,0.01,no
title,2025,Wolves,1771909200,0.0,0.01,no
title,2025,Wolves,1772254800,0.0,0.01,no
title,2025,Wolves,1772341200,0.0,0.01,no
title,2025,Wolves,1772600400,0.0,0.01,no
title,2025,Wolves,1772773200,0.0,0.01,no
title,2025,Wolves,1772859600,0.0,0.01,no
title,2025,Wolves,1772946000,0.0,0.01,no
title,2025,Wolves,1773032400,0.0,0.01,no
title,2025,Wolves,1773633600,0.0,0.01,no
title,2025,Wolves,1773720000,0.0,0.01,no
title,2025,Wolves,1773892800,0.0,0.01,no
title,2025,Wolves,1774065600,0.0,0.01,no
title,2025,Wolves,1774238400,0.0,0.01,no
title,2025,Wolves,1774324800,0.0,0.01,no
title,2025,Wolves,1774411200,0.0,0.01,no
title,2025,Wolves,1774497600,0.0,0.01,no
title,2025,Wolves,1774584000,0.0,0.01,no
title,2025,Wolves,1774843200,0.0,0.01,no
title,2025,Wolves,1774929600,0.0,0.01,no
title,2025,Wolves,1775102400,0.0,0.01,no
title,2025,Wolves,1775188800,0.0,0.01,no
title,2025,Wolves,1775448000,0.0,0.01,no
title,2025,Wolves,1775880000,0.0,0.01,no
title,2025,Wolves,1776139200,0.0,0.01,no
title,2025,Wolves,1776312000,0.0,0.01,no
title,2025,Wolves,1776484800,0.0,0.01,no
title,2025,Wolves,1776571200,0.0,0.01,no
title,2025,Wolves,1776657600,0.0,0.01,no
title,2025,Wolves,1776744000,0.0,0.01,no
title,2025,Wolves,1776830400,0.0,0.01,no
title,2025,Wolves,1776916800,0.0,0.01,no
title,2025,Wolves,1777003200,0.0,0.01,no
title,2025,Wolves,1777089600,0.0,0.01,no
title,2025,Wolves,1777176000,0.0,0.01,no
title,2025,Wolves,1777262400,0.0,0.01,no
title,2025,Wolves,1777348800,0.0,0.01,no
title,2025,Wolves,1777435200,0.0,0.01,no
title,2025,Wolves,1777521600,0.0,0.01,no
title,2025,Wolves,1777608000,0.0,0.01,no
title,2025,Wolves,1777694400,0.0,0.01,no
title,2025,Wolves,1777780800,0.0,0.01,no
title,2025,Wolves,1777867200,0.0,0.01,no
title,2025,Wolves,1777953600,0.0,0.01,no
title,2025,Wolves,1778040000,0.0,0.01,no
title,2025,Wolves,1778126400,0.0,0.01,no
title,2025,Wolves,1778212800,0.0,0.01,no
title,2025,Wolves,1778299200,0.0,0.01,no
title,2025,Wolves,1778385600,0.0,0.01,no
title,2025,Wolves,1778472000,0.0,0.01,no
title,2025,Wolves,1778558400,0.0,0.01,no
title,2025,Wolves,1778644800,0.0,0.01,no
title,2025,Wolves,1778731200,0.0,0.01,no
title,2025,Wolves,1778817600,0.0,0.01,no
title,2025,Wolves,1778904000,0.0,0.01,no
title,2025,Wolves,1778990400,0.0,0.01,no
title,2025,Wolves,1779076800,0.0,0.01,no
title,2025,Wolves,1779163200,0.0,0.01,no
title,2025,Wolves,1779249600,0.0,0.01,no
title,2025,West Ham,1754107200,0.0,0.2,no
title,2025,West Ham,1754193600,0.0,0.2,no
title,2025,West Ham,1754280000,0.0,0.06,no
title,2025,West Ham,1754366400,0.0,0.01,no
title,2025,West Ham,1754452800,0.0,0.01,no
title,2025,West Ham,1754539200,0.0,0.01,no
title,2025,West Ham,1754625600,0.0,0.01,no
title,2025,West Ham,1754712000,0.0,0.01,no
title,2025,West Ham,1754798400,0.0,0.01,no
title,2025,West Ham,1754884800,0.0,0.01,no
title,2025,West Ham,1754971200,0.0,0.01,no
title,2025,West Ham,1755057600,0.0,0.01,no
title,2025,West Ham,1755144000,0.0,0.01,no
title,2025,West Ham,1755230400,0.0,0.01,no
title,2025,West Ham,1755316800,0.0,0.01,no
title,2025,West Ham,1755403200,0.0,0.01,no
title,2025,West Ham,1755489600,0.0,0.01,no
title,2025,West Ham,1755576000,0.0,0.01,no
title,2025,West Ham,1755662400,0.0,0.01,no
title,2025,West Ham,1755748800,0.0,0.01,no
title,2025,West Ham,1755835200,0.0,0.01,no
title,2025,West Ham,1755921600,0.0,0.01,no
title,2025,West Ham,1756008000,0.0,0.01,no
title,2025,West Ham,1756094400,0.0,0.01,no
title,2025,West Ham,1756180800,0.0,0.01,no
title,2025,West Ham,1756267200,0.0,0.01,no
title,2025,West Ham,1756353600,0.0,0.01,no
title,2025,West Ham,1756440000,0.0,0.01,no
title,2025,West Ham,1756526400,0.0,0.01,no
title,2025,West Ham,1756612800,0.0,0.01,no
title,2025,West Ham,1756699200,0.0,0.01,no
title,2025,West Ham,1756785600,0.0,0.01,no
title,2025,West Ham,1756872000,0.0,0.01,no
title,2025,West Ham,1756958400,0.0,0.01,no
title,2025,West Ham,1757044800,0.0,0.01,no
title,2025,West Ham,1757131200,0.0,0.01,no
title,2025,West Ham,1757217600,0.0,0.01,no
title,2025,West Ham,1757304000,0.0,0.01,no
title,2025,West Ham,1757390400,0.0,0.01,no
title,2025,West Ham,1757476800,0.0,0.01,no
title,2025,West Ham,1757563200,0.0,0.01,no
title,2025,West Ham,1757649600,0.0,0.01,no
title,2025,West Ham,1757736000,0.0,0.01,no
title,2025,West Ham,1757822400,0.0,0.01,no
title,2025,West Ham,1757908800,0.0,0.01,no
title,2025,West Ham,1757995200,0.0,0.01,no
title,2025,West Ham,1758081600,0.0,0.01,no
title,2025,West Ham,1758168000,0.0,0.01,no
title,2025,West Ham,1758254400,0.0,0.01,no
title,2025,West Ham,1758340800,0.0,0.01,no
title,2025,West Ham,1758427200,0.0,0.01,no
title,2025,West Ham,1758513600,0.0,0.01,no
title,2025,West Ham,1758600000,0.0,0.01,no
title,2025,West Ham,1758686400,0.0,0.01,no
title,2025,West Ham,1758772800,0.0,0.01,no
title,2025,West Ham,1758859200,0.0,0.01,no
title,2025,West Ham,1758945600,0.0,0.01,no
title,2025,West Ham,1759032000,0.0,0.01,no
title,2025,West Ham,1759118400,0.0,0.01,no
title,2025,West Ham,1759204800,0.0,0.01,no
title,2025,West Ham,1759291200,0.0,0.01,no
title,2025,West Ham,1759377600,0.0,0.01,no
title,2025,West Ham,1759464000,0.0,0.01,no
title,2025,West Ham,1759550400,0.0,0.01,no
title,2025,West Ham,1759636800,0.0,0.01,no
title,2025,West Ham,1759723200,0.0,0.01,no
title,2025,West Ham,1759809600,0.0,0.01,no
title,2025,West Ham,1759896000,0.0,0.01,no
title,2025,West Ham,1759982400,0.0,0.01,no
title,2025,West Ham,1760068800,0.0,0.01,no
title,2025,West Ham,1760155200,0.0,0.01,no
title,2025,West Ham,1760241600,0.0,0.01,no
title,2025,West Ham,1760328000,0.0,0.01,no
title,2025,West Ham,1760414400,0.0,0.01,no
title,2025,West Ham,1760500800,0.0,0.01,no
title,2025,West Ham,1760587200,0.0,0.01,no
title,2025,West Ham,1760673600,0.0,0.01,no
title,2025,West Ham,1760760000,0.0,0.01,no
title,2025,West Ham,1760846400,0.0,0.01,no
title,2025,West Ham,1760932800,0.0,0.01,no
title,2025,West Ham,1761019200,0.0,0.01,no
title,2025,West Ham,1761105600,0.0,0.01,no
title,2025,West Ham,1761192000,0.0,0.01,no
title,2025,West Ham,1761278400,0.0,0.01,no
title,2025,West Ham,1761364800,0.0,0.01,no
title,2025,West Ham,1761451200,0.0,0.01,no
title,2025,West Ham,1761537600,0.0,0.01,no
title,2025,West Ham,1761624000,0.0,0.01,no
title,2025,West Ham,1761710400,0.0,0.01,no
title,2025,West Ham,1761796800,0.0,0.01,no
title,2025,West Ham,1761883200,0.0,0.01,no
title,2025,West Ham,1761969600,0.0,0.01,no
title,2025,West Ham,1762056000,0.0,0.01,no
title,2025,West Ham,1762142400,0.0,0.01,no
title,2025,West Ham,1762232400,0.0,0.01,no
title,2025,West Ham,1762318800,0.0,0.01,no
title,2025,West Ham,1762405200,0.0,0.01,no
title,2025,West Ham,1762491600,0.0,0.01,no
title,2025,West Ham,1762578000,0.0,0.01,no
title,2025,West Ham,1762664400,0.0,0.01,no
title,2025,West Ham,1762750800,0.0,0.01,no
title,2025,West Ham,1762837200,0.0,0.01,no
title,2025,West Ham,1762923600,0.0,0.01,no
title,2025,West Ham,1763010000,0.0,0.01,no
title,2025,West Ham,1763096400,0.0,0.01,no
title,2025,West Ham,1763182800,0.0,0.01,no
title,2025,West Ham,1763269200,0.0,0.01,no
title,2025,West Ham,1763355600,0.0,0.01,no
title,2025,West Ham,1763442000,0.0,0.01,no
title,2025,West Ham,1763528400,0.0,0.01,no
title,2025,West Ham,1763614800,0.0,0.01,no
title,2025,West Ham,1763701200,0.0,0.01,no
title,2025,West Ham,1763787600,0.0,0.01,no
title,2025,West Ham,1763874000,0.0,0.01,no
title,2025,West Ham,1763960400,0.0,0.01,no
title,2025,West Ham,1764046800,0.0,0.01,no
title,2025,West Ham,1764133200,0.0,0.01,no
title,2025,West Ham,1764219600,0.0,0.01,no
title,2025,West Ham,1764306000,0.0,0.01,no
title,2025,West Ham,1764392400,0.0,0.01,no
title,2025,West Ham,1764478800,0.0,0.01,no
title,2025,West Ham,1764565200,0.0,0.01,no
title,2025,West Ham,1764651600,0.0,0.01,no
title,2025,West Ham,1764738000,0.0,0.01,no
title,2025,West Ham,1764824400,0.0,0.01,no
title,2025,West Ham,1764910800,0.0,0.01,no
title,2025,West Ham,1764997200,0.0,0.01,no
title,2025,West Ham,1765083600,0.0,0.01,no
title,2025,West Ham,1765170000,0.0,0.01,no
title,2025,West Ham,1765256400,0.0,0.01,no
title,2025,West Ham,1765342800,0.0,0.01,no
title,2025,West Ham,1765429200,0.0,0.01,no
title,2025,West Ham,1765515600,0.0,0.01,no
title,2025,West Ham,1765602000,0.0,0.01,no
title,2025,West Ham,1765688400,0.0,0.01,no
title,2025,West Ham,1765774800,0.0,0.01,no
title,2025,West Ham,1765861200,0.0,0.01,no
title,2025,West Ham,1765947600,0.0,0.01,no
title,2025,West Ham,1766034000,0.0,0.01,no
title,2025,West Ham,1766120400,0.0,0.01,no
title,2025,West Ham,1766206800,0.0,0.01,no
title,2025,West Ham,1766293200,0.0,0.01,no
title,2025,West Ham,1766379600,0.0,0.01,no
title,2025,West Ham,1766466000,0.0,0.01,no
title,2025,West Ham,1766552400,0.0,0.01,no
title,2025,West Ham,1766638800,0.0,0.01,no
title,2025,West Ham,1766725200,0.0,0.01,no
title,2025,West Ham,1766811600,0.0,0.01,no
title,2025,West Ham,1766898000,0.0,0.01,no
title,2025,West Ham,1766984400,0.0,0.01,no
title,2025,West Ham,1767070800,0.0,0.01,no
title,2025,West Ham,1767157200,0.0,0.01,no
title,2025,West Ham,1767243600,0.0,0.01,no
title,2025,West Ham,1767330000,0.0,0.01,no
title,2025,West Ham,1767416400,0.0,0.01,no
title,2025,West Ham,1767502800,0.0,0.01,no
title,2025,West Ham,1767589200,0.0,0.01,no
title,2025,West Ham,1767675600,0.0,0.01,no
title,2025,West Ham,1767762000,0.0,0.01,no
title,2025,West Ham,1767848400,0.0,0.01,no
title,2025,West Ham,1767934800,0.0,0.01,no
title,2025,West Ham,1768021200,0.0,0.01,no
title,2025,West Ham,1768107600,0.0,0.01,no
title,2025,West Ham,1768194000,0.0,0.01,no
title,2025,West Ham,1768280400,0.0,0.01,no
title,2025,West Ham,1768366800,0.0,0.01,no
title,2025,West Ham,1768453200,0.0,0.01,no
title,2025,West Ham,1768539600,0.0,0.01,no
title,2025,West Ham,1768626000,0.0,0.01,no
title,2025,West Ham,1768712400,0.0,0.01,no
title,2025,West Ham,1768798800,0.0,0.01,no
title,2025,West Ham,1768885200,0.0,0.01,no
title,2025,West Ham,1768971600,0.0,0.01,no
title,2025,West Ham,1769058000,0.0,0.01,no
title,2025,West Ham,1769144400,0.0,0.01,no
title,2025,West Ham,1769230800,0.0,0.01,no
title,2025,West Ham,1769317200,0.0,0.01,no
title,2025,West Ham,1769403600,0.0,0.01,no
title,2025,West Ham,1769490000,0.0,0.01,no
title,2025,West Ham,1769576400,0.0,0.01,no
title,2025,West Ham,1769662800,0.0,0.01,no
title,2025,West Ham,1769749200,0.0,0.01,no
title,2025,West Ham,1769835600,0.0,0.01,no
title,2025,West Ham,1769922000,0.0,0.01,no
title,2025,West Ham,1770008400,0.0,0.01,no
title,2025,West Ham,1770094800,0.0,0.01,no
title,2025,West Ham,1770181200,0.0,0.01,no
title,2025,West Ham,1770267600,0.0,0.01,no
title,2025,West Ham,1770354000,0.0,0.01,no
title,2025,West Ham,1770440400,0.0,0.01,no
title,2025,West Ham,1770526800,0.0,0.01,no
title,2025,West Ham,1770613200,0.0,0.01,no
title,2025,West Ham,1770699600,0.0,0.01,no
title,2025,West Ham,1770958800,0.0,0.01,no
title,2025,West Ham,1771045200,0.0,0.01,no
title,2025,West Ham,1771131600,0.0,0.01,no
title,2025,West Ham,1771218000,0.0,0.01,no
title,2025,West Ham,1771304400,0.0,0.01,no
title,2025,West Ham,1771390800,0.0,0.01,no
title,2025,West Ham,1771477200,0.0,0.01,no
title,2025,West Ham,1771563600,0.0,0.01,no
title,2025,West Ham,1771650000,0.0,0.01,no
title,2025,West Ham,1771736400,0.0,0.01,no
title,2025,West Ham,1771822800,0.0,0.01,no
title,2025,West Ham,1771909200,0.0,0.01,no
title,2025,West Ham,1772254800,0.0,0.01,no
title,2025,West Ham,1772341200,0.0,0.01,no
title,2025,West Ham,1772600400,0.0,0.01,no
title,2025,West Ham,1772859600,0.0,0.01,no
title,2025,West Ham,1773032400,0.0,0.01,no
title,2025,West Ham,1773633600,0.0,0.01,no
title,2025,West Ham,1773720000,0.0,0.01,no
title,2025,West Ham,1773892800,0.0,0.01,no
title,2025,West Ham,1774065600,0.0,0.01,no
title,2025,West Ham,1774238400,0.0,0.01,no
title,2025,West Ham,1774324800,0.0,0.01,no
title,2025,West Ham,1774411200,0.0,0.01,no
title,2025,West Ham,1774497600,0.0,0.01,no
title,2025,West Ham,1774584000,0.0,0.01,no
title,2025,West Ham,1774843200,0.0,0.01,no
title,2025,West Ham,1774929600,0.0,0.01,no
title,2025,West Ham,1775016000,0.0,0.01,no
title,2025,West Ham,1775188800,0.0,0.01,no
title,2025,West Ham,1775448000,0.0,0.01,no
title,2025,West Ham,1775880000,0.0,0.01,no
title,2025,West Ham,1775966400,0.0,0.01,no
title,2025,West Ham,1776139200,0.0,0.01,no
title,2025,West Ham,1776312000,0.0,0.01,no
title,2025,West Ham,1776398400,0.0,0.01,no
title,2025,West Ham,1776484800,0.0,0.01,no
title,2025,West Ham,1776571200,0.0,0.01,no
title,2025,West Ham,1776657600,0.0,0.01,no
title,2025,West Ham,1776744000,0.0,0.01,no
title,2025,West Ham,1776830400,0.0,0.01,no
title,2025,West Ham,1776916800,0.0,0.01,no
title,2025,West Ham,1777003200,0.0,0.01,no
title,2025,West Ham,1777089600,0.0,0.01,no
title,2025,West Ham,1777176000,0.0,0.01,no
title,2025,West Ham,1777262400,0.0,0.01,no
title,2025,West Ham,1777348800,0.0,0.01,no
title,2025,West Ham,1777435200,0.0,0.01,no
title,2025,West Ham,1777521600,0.0,0.01,no
title,2025,West Ham,1777608000,0.0,0.01,no
title,2025,West Ham,1777694400,0.0,0.01,no
title,2025,West Ham,1777780800,0.0,0.01,no
title,2025,West Ham,1777867200,0.0,0.01,no
title,2025,West Ham,1777953600,0.0,0.01,no
title,2025,West Ham,1778040000,0.0,0.01,no
title,2025,West Ham,1778126400,0.0,0.01,no
title,2025,West Ham,1778212800,0.0,0.01,no
title,2025,West Ham,1778299200,0.0,0.01,no
title,2025,West Ham,1778385600,0.0,0.01,no
title,2025,West Ham,1778472000,0.0,0.01,no
title,2025,West Ham,1778558400,0.0,0.01,no
title,2025,West Ham,1778644800,0.0,0.01,no
title,2025,West Ham,1778731200,0.0,0.01,no
title,2025,West Ham,1778817600,0.0,0.01,no
title,2025,West Ham,1778904000,0.0,0.01,no
title,2025,West Ham,1778990400,0.0,0.01,no
title,2025,West Ham,1779076800,0.0,0.01,no
title,2025,West Ham,1779163200,0.0,0.01,no
title,2025,West Ham,1779249600,0.0,0.01,no
title,2025,Sunderland,1754107200,0.0,0.16,no
title,2025,Sunderland,1754193600,0.0,0.16,no
title,2025,Sunderland,1754280000,0.0,0.04,no
title,2025,Sunderland,1754366400,0.0,0.01,no
title,2025,Sunderland,1754452800,0.0,0.01,no
title,2025,Sunderland,1754539200,0.0,0.01,no
title,2025,Sunderland,1754625600,0.0,0.01,no
title,2025,Sunderland,1754712000,0.0,0.01,no
title,2025,Sunderland,1754798400,0.0,0.01,no
title,2025,Sunderland,1754884800,0.0,0.01,no
title,2025,Sunderland,1754971200,0.0,0.01,no
title,2025,Sunderland,1755057600,0.0,0.01,no
title,2025,Sunderland,1755144000,0.0,0.01,no
title,2025,Sunderland,1755230400,0.0,0.01,no
title,2025,Sunderland,1755316800,0.0,0.01,no
title,2025,Sunderland,1755403200,0.0,0.01,no
title,2025,Sunderland,1755489600,0.0,0.01,no
title,2025,Sunderland,1755576000,0.0,0.01,no
title,2025,Sunderland,1755662400,0.0,0.01,no
title,2025,Sunderland,1755748800,0.0,0.01,no
title,2025,Sunderland,1755835200,0.0,0.01,no
title,2025,Sunderland,1755921600,0.0,0.01,no
title,2025,Sunderland,1756008000,0.0,0.01,no
title,2025,Sunderland,1756094400,0.0,0.01,no
title,2025,Sunderland,1756180800,0.0,0.01,no
title,2025,Sunderland,1756267200,0.0,0.01,no
title,2025,Sunderland,1756353600,0.0,0.01,no
title,2025,Sunderland,1756440000,0.0,0.01,no
title,2025,Sunderland,1756526400,0.0,0.01,no
title,2025,Sunderland,1756612800,0.0,0.01,no
title,2025,Sunderland,1756699200,0.0,0.01,no
title,2025,Sunderland,1756785600,0.0,0.01,no
title,2025,Sunderland,1756872000,0.0,0.01,no
title,2025,Sunderland,1756958400,0.0,0.01,no
title,2025,Sunderland,1757044800,0.0,0.01,no
title,2025,Sunderland,1757131200,0.0,0.01,no
title,2025,Sunderland,1757217600,0.0,0.01,no
title,2025,Sunderland,1757304000,0.0,0.01,no
title,2025,Sunderland,1757390400,0.0,0.01,no
title,2025,Sunderland,1757476800,0.0,0.01,no
title,2025,Sunderland,1757563200,0.0,0.01,no
title,2025,Sunderland,1757649600,0.0,0.01,no
title,2025,Sunderland,1757736000,0.0,0.01,no
title,2025,Sunderland,1757822400,0.0,0.01,no
title,2025,Sunderland,1757908800,0.0,0.01,no
title,2025,Sunderland,1757995200,0.0,0.01,no
title,2025,Sunderland,1758081600,0.0,0.01,no
title,2025,Sunderland,1758168000,0.0,0.01,no
title,2025,Sunderland,1758254400,0.0,0.01,no
title,2025,Sunderland,1758340800,0.0,0.01,no
title,2025,Sunderland,1758427200,0.0,0.01,no
title,2025,Sunderland,1758513600,0.0,0.01,no
title,2025,Sunderland,1758600000,0.0,0.01,no
title,2025,Sunderland,1758686400,0.0,0.01,no
title,2025,Sunderland,1758772800,0.0,0.01,no
title,2025,Sunderland,1758859200,0.0,0.01,no
title,2025,Sunderland,1758945600,0.0,0.01,no
title,2025,Sunderland,1759032000,0.0,0.01,no
title,2025,Sunderland,1759118400,0.0,0.01,no
title,2025,Sunderland,1759204800,0.0,0.01,no
title,2025,Sunderland,1759291200,0.0,0.01,no
title,2025,Sunderland,1759377600,0.0,0.01,no
title,2025,Sunderland,1759464000,0.0,0.01,no
title,2025,Sunderland,1759550400,0.0,0.01,no
title,2025,Sunderland,1759636800,0.0,0.01,no
title,2025,Sunderland,1759723200,0.0,0.01,no
title,2025,Sunderland,1759809600,0.0,0.01,no
title,2025,Sunderland,1759896000,0.0,0.01,no
title,2025,Sunderland,1759982400,0.0,0.01,no
title,2025,Sunderland,1760068800,0.0,0.01,no
title,2025,Sunderland,1760155200,0.0,0.01,no
title,2025,Sunderland,1760241600,0.0,0.01,no
title,2025,Sunderland,1760328000,0.0,0.01,no
title,2025,Sunderland,1760414400,0.0,0.01,no
title,2025,Sunderland,1760500800,0.0,0.01,no
title,2025,Sunderland,1760587200,0.0,0.01,no
title,2025,Sunderland,1760673600,0.0,0.01,no
title,2025,Sunderland,1760760000,0.0,0.01,no
title,2025,Sunderland,1760846400,0.0,0.01,no
title,2025,Sunderland,1760932800,0.0,0.01,no
title,2025,Sunderland,1761019200,0.0,0.01,no
title,2025,Sunderland,1761105600,0.0,0.01,no
title,2025,Sunderland,1761192000,0.0,0.01,no
title,2025,Sunderland,1761278400,0.0,0.01,no
title,2025,Sunderland,1761364800,0.0,0.01,no
title,2025,Sunderland,1761451200,0.0,0.01,no
title,2025,Sunderland,1761537600,0.0,0.01,no
title,2025,Sunderland,1761624000,0.0,0.01,no
title,2025,Sunderland,1761710400,0.0,0.01,no
title,2025,Sunderland,1761796800,0.0,0.01,no
title,2025,Sunderland,1761883200,0.0,0.01,no
title,2025,Sunderland,1761969600,0.0,0.01,no
title,2025,Sunderland,1762056000,0.0,0.01,no
title,2025,Sunderland,1762142400,0.0,0.01,no
title,2025,Sunderland,1762232400,0.0,0.01,no
title,2025,Sunderland,1762318800,0.0,0.01,no
title,2025,Sunderland,1762405200,0.0,0.01,no
title,2025,Sunderland,1762491600,0.0,0.01,no
title,2025,Sunderland,1762578000,0.0,0.01,no
title,2025,Sunderland,1762664400,0.0,0.01,no
title,2025,Sunderland,1762750800,0.0,0.01,no
title,2025,Sunderland,1762837200,0.0,0.01,no
title,2025,Sunderland,1762923600,0.0,0.01,no
title,2025,Sunderland,1763010000,0.0,0.01,no
title,2025,Sunderland,1763096400,0.0,0.01,no
title,2025,Sunderland,1763182800,0.0,0.01,no
title,2025,Sunderland,1763269200,0.0,0.01,no
title,2025,Sunderland,1763355600,0.0,0.01,no
title,2025,Sunderland,1763442000,0.0,0.01,no
title,2025,Sunderland,1763528400,0.0,0.01,no
title,2025,Sunderland,1763614800,0.0,0.01,no
title,2025,Sunderland,1763701200,0.0,0.01,no
title,2025,Sunderland,1763787600,0.0,0.01,no
title,2025,Sunderland,1763874000,0.0,0.01,no
title,2025,Sunderland,1763960400,0.0,0.01,no
title,2025,Sunderland,1764046800,0.0,0.01,no
title,2025,Sunderland,1764133200,0.0,0.01,no
title,2025,Sunderland,1764219600,0.0,0.01,no
title,2025,Sunderland,1764306000,0.0,0.01,no
title,2025,Sunderland,1764392400,0.0,0.01,no
title,2025,Sunderland,1764478800,0.0,0.01,no
title,2025,Sunderland,1764565200,0.0,0.01,no
title,2025,Sunderland,1764651600,0.0,0.01,no
title,2025,Sunderland,1764738000,0.0,0.01,no
title,2025,Sunderland,1764824400,0.0,0.01,no
title,2025,Sunderland,1764910800,0.0,0.01,no
title,2025,Sunderland,1764997200,0.0,0.01,no
title,2025,Sunderland,1765083600,0.0,0.01,no
title,2025,Sunderland,1765170000,0.0,0.01,no
title,2025,Sunderland,1765256400,0.0,0.01,no
title,2025,Sunderland,1765342800,0.0,0.01,no
title,2025,Sunderland,1765429200,0.0,0.01,no
title,2025,Sunderland,1765515600,0.0,0.01,no
title,2025,Sunderland,1765602000,0.0,0.01,no
title,2025,Sunderland,1765688400,0.0,0.01,no
title,2025,Sunderland,1765774800,0.0,0.01,no
title,2025,Sunderland,1765861200,0.0,0.01,no
title,2025,Sunderland,1765947600,0.0,0.01,no
title,2025,Sunderland,1766034000,0.0,0.01,no
title,2025,Sunderland,1766120400,0.0,0.01,no
title,2025,Sunderland,1766206800,0.0,0.01,no
title,2025,Sunderland,1766293200,0.0,0.01,no
title,2025,Sunderland,1766379600,0.0,0.01,no
title,2025,Sunderland,1766466000,0.0,0.01,no
title,2025,Sunderland,1766552400,0.0,0.01,no
title,2025,Sunderland,1766638800,0.0,0.01,no
title,2025,Sunderland,1766725200,0.0,0.01,no
title,2025,Sunderland,1766811600,0.0,0.01,no
title,2025,Sunderland,1766898000,0.0,0.01,no
title,2025,Sunderland,1766984400,0.0,0.01,no
title,2025,Sunderland,1767070800,0.0,0.01,no
title,2025,Sunderland,1767157200,0.0,0.01,no
title,2025,Sunderland,1767243600,0.0,0.01,no
title,2025,Sunderland,1767330000,0.0,0.01,no
title,2025,Sunderland,1767416400,0.0,0.01,no
title,2025,Sunderland,1767502800,0.0,0.01,no
title,2025,Sunderland,1767589200,0.0,0.01,no
title,2025,Sunderland,1767675600,0.0,0.01,no
title,2025,Sunderland,1767762000,0.0,0.01,no
title,2025,Sunderland,1767848400,0.0,0.01,no
title,2025,Sunderland,1767934800,0.0,0.01,no
title,2025,Sunderland,1768021200,0.0,0.01,no
title,2025,Sunderland,1768107600,0.0,0.01,no
title,2025,Sunderland,1768194000,0.0,0.01,no
title,2025,Sunderland,1768280400,0.0,0.01,no
title,2025,Sunderland,1768366800,0.0,0.01,no
title,2025,Sunderland,1768453200,0.0,0.01,no
title,2025,Sunderland,1768539600,0.0,0.01,no
title,2025,Sunderland,1768626000,0.0,0.01,no
title,2025,Sunderland,1768712400,0.0,0.01,no
title,2025,Sunderland,1768798800,0.0,0.01,no
title,2025,Sunderland,1768885200,0.0,0.01,no
title,2025,Sunderland,1768971600,0.0,0.01,no
title,2025,Sunderland,1769058000,0.0,0.01,no
title,2025,Sunderland,1769144400,0.0,0.01,no
title,2025,Sunderland,1769230800,0.0,0.01,no
title,2025,Sunderland,1769317200,0.0,0.01,no
title,2025,Sunderland,1769403600,0.0,0.01,no
title,2025,Sunderland,1769490000,0.0,0.01,no
title,2025,Sunderland,1769576400,0.0,0.01,no
title,2025,Sunderland,1769662800,0.0,0.01,no
title,2025,Sunderland,1769749200,0.0,0.01,no
title,2025,Sunderland,1769835600,0.0,0.01,no
title,2025,Sunderland,1769922000,0.0,0.01,no
title,2025,Sunderland,1770008400,0.0,0.01,no
title,2025,Sunderland,1770094800,0.0,0.01,no
title,2025,Sunderland,1770181200,0.0,0.01,no
title,2025,Sunderland,1770267600,0.0,0.01,no
title,2025,Sunderland,1770354000,0.0,0.01,no
title,2025,Sunderland,1770440400,0.0,0.01,no
title,2025,Sunderland,1770526800,0.0,0.01,no
title,2025,Sunderland,1770613200,0.0,0.01,no
title,2025,Sunderland,1770699600,0.0,0.01,no
title,2025,Sunderland,1770958800,0.0,0.01,no
title,2025,Sunderland,1771045200,0.0,0.01,no
title,2025,Sunderland,1771131600,0.0,0.01,no
title,2025,Sunderland,1771218000,0.0,0.01,no
title,2025,Sunderland,1771304400,0.0,0.01,no
title,2025,Sunderland,1771390800,0.0,0.01,no
title,2025,Sunderland,1771477200,0.0,0.01,no
title,2025,Sunderland,1771563600,0.0,0.01,no
title,2025,Sunderland,1771650000,0.0,0.01,no
title,2025,Sunderland,1771736400,0.0,0.01,no
title,2025,Sunderland,1771822800,0.0,0.01,no
title,2025,Sunderland,1771909200,0.0,0.01,no
title,2025,Sunderland,1771995600,0.0,0.01,no
title,2025,Sunderland,1772082000,0.0,0.01,no
title,2025,Sunderland,1772168400,0.0,0.01,no
title,2025,Sunderland,1772254800,0.0,0.01,no
title,2025,Sunderland,1772341200,0.0,0.01,no
title,2025,Sunderland,1772427600,0.0,0.01,no
title,2025,Sunderland,1772514000,0.0,0.01,no
title,2025,Sunderland,1772600400,0.0,0.01,no
title,2025,Sunderland,1772773200,0.0,0.01,no
title,2025,Sunderland,1772859600,0.0,0.01,no
title,2025,Sunderland,1773032400,0.0,0.01,no
title,2025,Sunderland,1773633600,0.0,0.01,no
title,2025,Sunderland,1773720000,0.0,0.01,no
title,2025,Sunderland,1774065600,0.0,0.01,no
title,2025,Sunderland,1774238400,0.0,0.01,no
title,2025,Sunderland,1774324800,0.0,0.01,no
title,2025,Sunderland,1774411200,0.0,0.01,no
title,2025,Sunderland,1774497600,0.0,0.01,no
title,2025,Sunderland,1774584000,0.0,0.01,no
title,2025,Sunderland,1774670400,0.0,0.01,no
title,2025,Sunderland,1774843200,0.0,0.01,no
title,2025,Sunderland,1774929600,0.0,0.01,no
title,2025,Sunderland,1775188800,0.0,0.01,no
title,2025,Sunderland,1775448000,0.0,0.01,no
title,2025,Sunderland,1775880000,0.0,0.01,no
title,2025,Sunderland,1776139200,0.0,0.01,no
title,2025,Sunderland,1776312000,0.0,0.01,no
title,2025,Sunderland,1776484800,0.0,0.01,no
title,2025,Sunderland,1776571200,0.0,0.01,no
title,2025,Sunderland,1776657600,0.0,0.01,no
title,2025,Sunderland,1776744000,0.0,0.01,no
title,2025,Sunderland,1776830400,0.0,0.01,no
title,2025,Sunderland,1776916800,0.0,0.01,no
title,2025,Sunderland,1777003200,0.0,0.01,no
title,2025,Sunderland,1777089600,0.0,0.01,no
title,2025,Sunderland,1777176000,0.0,0.01,no
title,2025,Sunderland,1777262400,0.0,0.01,no
title,2025,Sunderland,1777348800,0.0,0.01,no
title,2025,Sunderland,1777435200,0.0,0.01,no
title,2025,Sunderland,1777521600,0.0,0.01,no
title,2025,Sunderland,1777608000,0.0,0.01,no
title,2025,Sunderland,1777694400,0.0,0.01,no
title,2025,Sunderland,1777780800,0.0,0.01,no
title,2025,Sunderland,1777867200,0.0,0.01,no
title,2025,Sunderland,1777953600,0.0,0.01,no
title,2025,Sunderland,1778040000,0.0,0.01,no
title,2025,Sunderland,1778126400,0.0,0.01,no
title,2025,Sunderland,1778212800,0.0,0.01,no
title,2025,Sunderland,1778299200,0.0,0.01,no
title,2025,Sunderland,1778385600,0.0,0.01,no
title,2025,Sunderland,1778472000,0.0,0.01,no
title,2025,Sunderland,1778558400,0.0,0.01,no
title,2025,Sunderland,1778644800,0.0,0.01,no
title,2025,Sunderland,1778731200,0.0,0.01,no
title,2025,Sunderland,1778817600,0.0,0.01,no
title,2025,Sunderland,1778904000,0.0,0.01,no
title,2025,Sunderland,1778990400,0.0,0.01,no
title,2025,Sunderland,1779076800,0.0,0.01,no
title,2025,Sunderland,1779163200,0.0,0.01,no
title,2025,Sunderland,1779249600,0.0,0.01,no
title,2025,Leeds,1754107200,0.0,0.2,no
title,2025,Leeds,1754193600,0.0,0.2,no
title,2025,Leeds,1754280000,0.0,0.06,no
title,2025,Leeds,1754366400,0.0,0.01,no
title,2025,Leeds,1754452800,0.0,0.01,no
title,2025,Leeds,1754539200,0.0,0.01,no
title,2025,Leeds,1754625600,0.0,0.01,no
title,2025,Leeds,1754712000,0.0,0.01,no
title,2025,Leeds,1754798400,0.0,0.01,no
title,2025,Leeds,1754884800,0.0,0.01,no
title,2025,Leeds,1754971200,0.0,0.01,no
title,2025,Leeds,1755057600,0.0,0.01,no
title,2025,Leeds,1755144000,0.0,0.01,no
title,2025,Leeds,1755230400,0.0,0.01,no
title,2025,Leeds,1755316800,0.0,0.01,no
title,2025,Leeds,1755403200,0.0,0.01,no
title,2025,Leeds,1755489600,0.0,0.01,no
title,2025,Leeds,1755576000,0.0,0.01,no
title,2025,Leeds,1755662400,0.0,0.01,no
title,2025,Leeds,1755748800,0.0,0.01,no
title,2025,Leeds,1755835200,0.0,0.01,no
title,2025,Leeds,1755921600,0.0,0.01,no
title,2025,Leeds,1756008000,0.0,0.01,no
title,2025,Leeds,1756094400,0.0,0.01,no
title,2025,Leeds,1756180800,0.0,0.01,no
title,2025,Leeds,1756267200,0.0,0.01,no
title,2025,Leeds,1756353600,0.0,0.01,no
title,2025,Leeds,1756440000,0.0,0.01,no
title,2025,Leeds,1756526400,0.0,0.01,no
title,2025,Leeds,1756612800,0.0,0.01,no
title,2025,Leeds,1756699200,0.0,0.01,no
title,2025,Leeds,1756785600,0.0,0.01,no
title,2025,Leeds,1756872000,0.0,0.01,no
title,2025,Leeds,1756958400,0.0,0.01,no
title,2025,Leeds,1757044800,0.0,0.01,no
title,2025,Leeds,1757131200,0.0,0.01,no
title,2025,Leeds,1757217600,0.0,0.01,no
title,2025,Leeds,1757304000,0.0,0.01,no
title,2025,Leeds,1757390400,0.0,0.01,no
title,2025,Leeds,1757476800,0.0,0.01,no
title,2025,Leeds,1757563200,0.0,0.01,no
title,2025,Leeds,1757649600,0.0,0.01,no
title,2025,Leeds,1757736000,0.0,0.01,no
title,2025,Leeds,1757822400,0.0,0.01,no
title,2025,Leeds,1757908800,0.0,0.01,no
title,2025,Leeds,1757995200,0.0,0.01,no
title,2025,Leeds,1758081600,0.0,0.01,no
title,2025,Leeds,1758168000,0.0,0.01,no
title,2025,Leeds,1758254400,0.0,0.01,no
title,2025,Leeds,1758340800,0.0,0.01,no
title,2025,Leeds,1758427200,0.0,0.01,no
title,2025,Leeds,1758513600,0.0,0.01,no
title,2025,Leeds,1758600000,0.0,0.01,no
title,2025,Leeds,1758686400,0.0,0.01,no
title,2025,Leeds,1758772800,0.0,0.01,no
title,2025,Leeds,1758859200,0.0,0.01,no
title,2025,Leeds,1758945600,0.0,0.01,no
title,2025,Leeds,1759032000,0.0,0.01,no
title,2025,Leeds,1759118400,0.0,0.01,no
title,2025,Leeds,1759204800,0.0,0.01,no
title,2025,Leeds,1759291200,0.0,0.01,no
title,2025,Leeds,1759377600,0.0,0.01,no
title,2025,Leeds,1759464000,0.0,0.01,no
title,2025,Leeds,1759550400,0.0,0.01,no
title,2025,Leeds,1759636800,0.0,0.01,no
title,2025,Leeds,1759723200,0.0,0.01,no
title,2025,Leeds,1759809600,0.0,0.01,no
title,2025,Leeds,1759896000,0.0,0.01,no
title,2025,Leeds,1759982400,0.0,0.01,no
title,2025,Leeds,1760068800,0.0,0.01,no
title,2025,Leeds,1760155200,0.0,0.01,no
title,2025,Leeds,1760241600,0.0,0.01,no
title,2025,Leeds,1760328000,0.0,0.01,no
title,2025,Leeds,1760414400,0.0,0.01,no
title,2025,Leeds,1760500800,0.0,0.01,no
title,2025,Leeds,1760587200,0.0,0.01,no
title,2025,Leeds,1760673600,0.0,0.01,no
title,2025,Leeds,1760760000,0.0,0.01,no
title,2025,Leeds,1760846400,0.0,0.01,no
title,2025,Leeds,1760932800,0.0,0.01,no
title,2025,Leeds,1761019200,0.0,0.01,no
title,2025,Leeds,1761105600,0.0,0.01,no
title,2025,Leeds,1761192000,0.0,0.01,no
title,2025,Leeds,1761278400,0.0,0.01,no
title,2025,Leeds,1761364800,0.0,0.01,no
title,2025,Leeds,1761451200,0.0,0.01,no
title,2025,Leeds,1761537600,0.0,0.01,no
title,2025,Leeds,1761624000,0.0,0.01,no
title,2025,Leeds,1761710400,0.0,0.01,no
title,2025,Leeds,1761796800,0.0,0.01,no
title,2025,Leeds,1761883200,0.0,0.01,no
title,2025,Leeds,1761969600,0.0,0.01,no
title,2025,Leeds,1762056000,0.0,0.01,no
title,2025,Leeds,1762142400,0.0,0.01,no
title,2025,Leeds,1762232400,0.0,0.01,no
title,2025,Leeds,1762318800,0.0,0.01,no
title,2025,Leeds,1762405200,0.0,0.01,no
title,2025,Leeds,1762491600,0.0,0.01,no
title,2025,Leeds,1762578000,0.0,0.01,no
title,2025,Leeds,1762664400,0.0,0.01,no
title,2025,Leeds,1762750800,0.0,0.01,no
title,2025,Leeds,1762837200,0.0,0.01,no
title,2025,Leeds,1762923600,0.0,0.01,no
title,2025,Leeds,1763010000,0.0,0.01,no
title,2025,Leeds,1763096400,0.0,0.01,no
title,2025,Leeds,1763182800,0.0,0.01,no
title,2025,Leeds,1763269200,0.0,0.01,no
title,2025,Leeds,1763355600,0.0,0.01,no
title,2025,Leeds,1763442000,0.0,0.01,no
title,2025,Leeds,1763528400,0.0,0.01,no
title,2025,Leeds,1763614800,0.0,0.01,no
title,2025,Leeds,1763701200,0.0,0.01,no
title,2025,Leeds,1763787600,0.0,0.01,no
title,2025,Leeds,1763874000,0.0,0.01,no
title,2025,Leeds,1763960400,0.0,0.01,no
title,2025,Leeds,1764046800,0.0,0.01,no
title,2025,Leeds,1764133200,0.0,0.01,no
title,2025,Leeds,1764219600,0.0,0.01,no
title,2025,Leeds,1764306000,0.0,0.01,no
title,2025,Leeds,1764392400,0.0,0.01,no
title,2025,Leeds,1764478800,0.0,0.01,no
title,2025,Leeds,1764565200,0.0,0.01,no
title,2025,Leeds,1764651600,0.0,0.01,no
title,2025,Leeds,1764738000,0.0,0.01,no
title,2025,Leeds,1764824400,0.0,0.01,no
title,2025,Leeds,1764910800,0.0,0.01,no
title,2025,Leeds,1764997200,0.0,0.01,no
title,2025,Leeds,1765083600,0.0,0.01,no
title,2025,Leeds,1765170000,0.0,0.01,no
title,2025,Leeds,1765256400,0.0,0.01,no
title,2025,Leeds,1765342800,0.0,0.01,no
title,2025,Leeds,1765429200,0.0,0.01,no
title,2025,Leeds,1765515600,0.0,0.01,no
title,2025,Leeds,1765602000,0.0,0.01,no
title,2025,Leeds,1765688400,0.0,0.01,no
title,2025,Leeds,1765774800,0.0,0.01,no
title,2025,Leeds,1765861200,0.0,0.01,no
title,2025,Leeds,1765947600,0.0,0.01,no
title,2025,Leeds,1766034000,0.0,0.01,no
title,2025,Leeds,1766120400,0.0,0.01,no
title,2025,Leeds,1766206800,0.0,0.01,no
title,2025,Leeds,1766293200,0.0,0.01,no
title,2025,Leeds,1766379600,0.0,0.01,no
title,2025,Leeds,1766466000,0.0,0.01,no
title,2025,Leeds,1766552400,0.0,0.01,no
title,2025,Leeds,1766638800,0.0,0.01,no
title,2025,Leeds,1766725200,0.0,0.01,no
title,2025,Leeds,1766811600,0.0,0.01,no
title,2025,Leeds,1766898000,0.0,0.01,no
title,2025,Leeds,1766984400,0.0,0.01,no
title,2025,Leeds,1767070800,0.0,0.01,no
title,2025,Leeds,1767157200,0.0,0.01,no
title,2025,Leeds,1767243600,0.0,0.01,no
title,2025,Leeds,1767330000,0.0,0.01,no
title,2025,Leeds,1767416400,0.0,0.01,no
title,2025,Leeds,1767502800,0.0,0.01,no
title,2025,Leeds,1767589200,0.0,0.01,no
title,2025,Leeds,1767675600,0.0,0.01,no
title,2025,Leeds,1767762000,0.0,0.01,no
title,2025,Leeds,1767848400,0.0,0.01,no
title,2025,Leeds,1767934800,0.0,0.01,no
title,2025,Leeds,1768021200,0.0,0.01,no
title,2025,Leeds,1768107600,0.0,0.01,no
title,2025,Leeds,1768194000,0.0,0.01,no
title,2025,Leeds,1768280400,0.0,0.01,no
title,2025,Leeds,1768366800,0.0,0.01,no
title,2025,Leeds,1768453200,0.0,0.01,no
title,2025,Leeds,1768539600,0.0,0.01,no
title,2025,Leeds,1768626000,0.0,0.01,no
title,2025,Leeds,1768712400,0.0,0.01,no
title,2025,Leeds,1768798800,0.0,0.01,no
title,2025,Leeds,1768885200,0.0,0.01,no
title,2025,Leeds,1768971600,0.0,0.01,no
title,2025,Leeds,1769058000,0.0,0.01,no
title,2025,Leeds,1769144400,0.0,0.01,no
title,2025,Leeds,1769230800,0.0,0.01,no
title,2025,Leeds,1769317200,0.0,0.01,no
title,2025,Leeds,1769403600,0.0,0.01,no
title,2025,Leeds,1769490000,0.0,0.01,no
title,2025,Leeds,1769576400,0.0,0.01,no
title,2025,Leeds,1769662800,0.0,0.01,no
title,2025,Leeds,1769749200,0.0,0.01,no
title,2025,Leeds,1769835600,0.0,0.01,no
title,2025,Leeds,1769922000,0.0,0.01,no
title,2025,Leeds,1770008400,0.0,0.01,no
title,2025,Leeds,1770094800,0.0,0.01,no
title,2025,Leeds,1770181200,0.0,0.01,no
title,2025,Leeds,1770267600,0.0,0.01,no
title,2025,Leeds,1770354000,0.0,0.01,no
title,2025,Leeds,1770440400,0.0,0.01,no
title,2025,Leeds,1770526800,0.0,0.01,no
title,2025,Leeds,1770613200,0.0,0.01,no
title,2025,Leeds,1770699600,0.0,0.01,no
title,2025,Leeds,1770958800,0.0,0.01,no
title,2025,Leeds,1771045200,0.0,0.01,no
title,2025,Leeds,1771131600,0.0,0.01,no
title,2025,Leeds,1771218000,0.0,0.01,no
title,2025,Leeds,1771304400,0.0,0.01,no
title,2025,Leeds,1771390800,0.0,0.01,no
title,2025,Leeds,1771477200,0.0,0.01,no
title,2025,Leeds,1771563600,0.0,0.01,no
title,2025,Leeds,1771650000,0.0,0.01,no
title,2025,Leeds,1771736400,0.0,0.01,no
title,2025,Leeds,1771822800,0.0,0.01,no
title,2025,Leeds,1771909200,0.0,0.01,no
title,2025,Leeds,1771995600,0.0,0.01,no
title,2025,Leeds,1772082000,0.0,0.01,no
title,2025,Leeds,1772168400,0.0,0.01,no
title,2025,Leeds,1772254800,0.0,0.01,no
title,2025,Leeds,1772341200,0.0,0.01,no
title,2025,Leeds,1772427600,0.0,0.01,no
title,2025,Leeds,1772514000,0.0,0.01,no
title,2025,Leeds,1772600400,0.0,0.01,no
title,2025,Leeds,1772859600,0.0,0.01,no
title,2025,Leeds,1773032400,0.0,0.01,no
title,2025,Leeds,1773633600,0.0,0.01,no
title,2025,Leeds,1773720000,0.0,0.01,no
title,2025,Leeds,1774065600,0.0,0.01,no
title,2025,Leeds,1774238400,0.0,0.01,no
title,2025,Leeds,1774324800,0.0,0.01,no
title,2025,Leeds,1774411200,0.0,0.01,no
title,2025,Leeds,1774497600,0.0,0.01,no
title,2025,Leeds,1774584000,0.0,0.01,no
title,2025,Leeds,1774929600,0.0,0.01,no
title,2025,Leeds,1775361600,0.0,0.01,no
title,2025,Leeds,1775448000,0.0,0.01,no
title,2025,Leeds,1775880000,0.0,0.01,no
title,2025,Leeds,1776139200,0.0,0.01,no
title,2025,Leeds,1776312000,0.0,0.01,no
title,2025,Leeds,1776484800,0.0,0.01,no
title,2025,Leeds,1776571200,0.0,0.01,no
title,2025,Leeds,1776657600,0.0,0.01,no
title,2025,Leeds,1776744000,0.0,0.01,no
title,2025,Leeds,1776830400,0.0,0.01,no
title,2025,Leeds,1776916800,0.0,0.01,no
title,2025,Leeds,1777003200,0.0,0.01,no
title,2025,Leeds,1777089600,0.0,0.01,no
title,2025,Leeds,1777176000,0.0,0.01,no
title,2025,Leeds,1777262400,0.0,0.01,no
title,2025,Leeds,1777348800,0.0,0.01,no
title,2025,Leeds,1777435200,0.0,0.01,no
title,2025,Leeds,1777521600,0.0,0.01,no
title,2025,Leeds,1777608000,0.0,0.01,no
title,2025,Leeds,1777694400,0.0,0.01,no
title,2025,Leeds,1777780800,0.0,0.01,no
title,2025,Leeds,1777867200,0.0,0.01,no
title,2025,Leeds,1777953600,0.0,0.01,no
title,2025,Leeds,1778040000,0.0,0.01,no
title,2025,Leeds,1778126400,0.0,0.01,no
title,2025,Leeds,1778212800,0.0,0.01,no
title,2025,Leeds,1778299200,0.0,0.01,no
title,2025,Leeds,1778385600,0.0,0.01,no
title,2025,Leeds,1778472000,0.0,0.01,no
title,2025,Leeds,1778558400,0.0,0.01,no
title,2025,Leeds,1778644800,0.0,0.01,no
title,2025,Leeds,1778731200,0.0,0.01,no
title,2025,Leeds,1778817600,0.0,0.01,no
title,2025,Leeds,1778904000,0.0,0.01,no
title,2025,Leeds,1778990400,0.0,0.01,no
title,2025,Leeds,1779076800,0.0,0.01,no
title,2025,Leeds,1779163200,0.0,0.01,no
title,2025,Leeds,1779249600,0.0,0.01,no
title,2025,Fulham,1754107200,0.0,0.2,no
title,2025,Fulham,1754193600,0.0,0.2,no
title,2025,Fulham,1754280000,0.0,0.06,no
title,2025,Fulham,1754366400,0.0,0.01,no
title,2025,Fulham,1754452800,0.0,0.01,no
title,2025,Fulham,1754539200,0.0,0.01,no
title,2025,Fulham,1754625600,0.0,0.01,no
title,2025,Fulham,1754712000,0.0,0.01,no
title,2025,Fulham,1754798400,0.0,0.01,no
title,2025,Fulham,1754884800,0.0,0.01,no
title,2025,Fulham,1754971200,0.0,0.01,no
title,2025,Fulham,1755057600,0.0,0.01,no
title,2025,Fulham,1755144000,0.0,0.01,no
title,2025,Fulham,1755230400,0.0,0.01,no
title,2025,Fulham,1755316800,0.0,0.01,no
title,2025,Fulham,1755403200,0.0,0.01,no
title,2025,Fulham,1755489600,0.0,0.01,no
title,2025,Fulham,1755576000,0.0,0.01,no
title,2025,Fulham,1755662400,0.0,0.01,no
title,2025,Fulham,1755748800,0.0,0.01,no
title,2025,Fulham,1755835200,0.0,0.01,no
title,2025,Fulham,1755921600,0.0,0.01,no
title,2025,Fulham,1756008000,0.0,0.01,no
title,2025,Fulham,1756094400,0.0,0.01,no
title,2025,Fulham,1756180800,0.0,0.01,no
title,2025,Fulham,1756267200,0.0,0.01,no
title,2025,Fulham,1756353600,0.0,0.01,no
title,2025,Fulham,1756440000,0.0,0.01,no
title,2025,Fulham,1756526400,0.0,0.01,no
title,2025,Fulham,1756612800,0.0,0.01,no
title,2025,Fulham,1756699200,0.0,0.01,no
title,2025,Fulham,1756785600,0.0,0.01,no
title,2025,Fulham,1756872000,0.0,0.01,no
title,2025,Fulham,1756958400,0.0,0.01,no
title,2025,Fulham,1757044800,0.0,0.01,no
title,2025,Fulham,1757131200,0.0,0.01,no
title,2025,Fulham,1757217600,0.0,0.01,no
title,2025,Fulham,1757304000,0.0,0.01,no
title,2025,Fulham,1757390400,0.0,0.01,no
title,2025,Fulham,1757476800,0.0,0.01,no
title,2025,Fulham,1757563200,0.0,0.01,no
title,2025,Fulham,1757649600,0.0,0.01,no
title,2025,Fulham,1757736000,0.0,0.01,no
title,2025,Fulham,1757822400,0.0,0.01,no
title,2025,Fulham,1757908800,0.0,0.01,no
title,2025,Fulham,1757995200,0.0,0.01,no
title,2025,Fulham,1758081600,0.0,0.01,no
title,2025,Fulham,1758168000,0.0,0.01,no
title,2025,Fulham,1758254400,0.0,0.01,no
title,2025,Fulham,1758340800,0.0,0.01,no
title,2025,Fulham,1758427200,0.0,0.01,no
title,2025,Fulham,1758513600,0.0,0.01,no
title,2025,Fulham,1758600000,0.0,0.01,no
title,2025,Fulham,1758686400,0.0,0.01,no
title,2025,Fulham,1758772800,0.0,0.01,no
title,2025,Fulham,1758859200,0.0,0.01,no
title,2025,Fulham,1758945600,0.0,0.01,no
title,2025,Fulham,1759032000,0.0,0.01,no
title,2025,Fulham,1759118400,0.0,0.01,no
title,2025,Fulham,1759204800,0.0,0.01,no
title,2025,Fulham,1759291200,0.0,0.01,no
title,2025,Fulham,1759377600,0.0,0.01,no
title,2025,Fulham,1759464000,0.0,0.01,no
title,2025,Fulham,1759550400,0.0,0.01,no
title,2025,Fulham,1759636800,0.0,0.01,no
title,2025,Fulham,1759723200,0.0,0.01,no
title,2025,Fulham,1759809600,0.0,0.01,no
title,2025,Fulham,1759896000,0.0,0.01,no
title,2025,Fulham,1759982400,0.0,0.01,no
title,2025,Fulham,1760068800,0.0,0.01,no
title,2025,Fulham,1760155200,0.0,0.01,no
title,2025,Fulham,1760241600,0.0,0.01,no
title,2025,Fulham,1760328000,0.0,0.01,no
title,2025,Fulham,1760414400,0.0,0.01,no
title,2025,Fulham,1760500800,0.0,0.01,no
title,2025,Fulham,1760587200,0.0,0.01,no
title,2025,Fulham,1760673600,0.0,0.01,no
title,2025,Fulham,1760760000,0.0,0.01,no
title,2025,Fulham,1760846400,0.0,0.01,no
title,2025,Fulham,1760932800,0.0,0.01,no
title,2025,Fulham,1761019200,0.0,0.01,no
title,2025,Fulham,1761105600,0.0,0.01,no
title,2025,Fulham,1761192000,0.0,0.01,no
title,2025,Fulham,1761278400,0.0,0.01,no
title,2025,Fulham,1761364800,0.0,0.01,no
title,2025,Fulham,1761451200,0.0,0.01,no
title,2025,Fulham,1761537600,0.0,0.01,no
title,2025,Fulham,1761624000,0.0,0.01,no
title,2025,Fulham,1761710400,0.0,0.01,no
title,2025,Fulham,1761796800,0.0,0.01,no
title,2025,Fulham,1761883200,0.0,0.01,no
title,2025,Fulham,1761969600,0.0,0.01,no
title,2025,Fulham,1762056000,0.0,0.01,no
title,2025,Fulham,1762142400,0.0,0.01,no
title,2025,Fulham,1762232400,0.0,0.01,no
title,2025,Fulham,1762318800,0.0,0.01,no
title,2025,Fulham,1762405200,0.0,0.01,no
title,2025,Fulham,1762491600,0.0,0.01,no
title,2025,Fulham,1762578000,0.0,0.01,no
title,2025,Fulham,1762664400,0.0,0.01,no
title,2025,Fulham,1762750800,0.0,0.01,no
title,2025,Fulham,1762837200,0.0,0.01,no
title,2025,Fulham,1762923600,0.0,0.01,no
title,2025,Fulham,1763010000,0.0,0.01,no
title,2025,Fulham,1763096400,0.0,0.01,no
title,2025,Fulham,1763182800,0.0,0.01,no
title,2025,Fulham,1763269200,0.0,0.01,no
title,2025,Fulham,1763355600,0.0,0.01,no
title,2025,Fulham,1763442000,0.0,0.01,no
title,2025,Fulham,1763528400,0.0,0.01,no
title,2025,Fulham,1763614800,0.0,0.01,no
title,2025,Fulham,1763701200,0.0,0.01,no
title,2025,Fulham,1763787600,0.0,0.01,no
title,2025,Fulham,1763874000,0.0,0.01,no
title,2025,Fulham,1763960400,0.0,0.01,no
title,2025,Fulham,1764046800,0.0,0.01,no
title,2025,Fulham,1764133200,0.0,0.01,no
title,2025,Fulham,1764219600,0.0,0.01,no
title,2025,Fulham,1764306000,0.0,0.01,no
title,2025,Fulham,1764392400,0.0,0.01,no
title,2025,Fulham,1764478800,0.0,0.01,no
title,2025,Fulham,1764565200,0.0,0.01,no
title,2025,Fulham,1764651600,0.0,0.01,no
title,2025,Fulham,1764738000,0.0,0.01,no
title,2025,Fulham,1764824400,0.0,0.01,no
title,2025,Fulham,1764910800,0.0,0.01,no
title,2025,Fulham,1764997200,0.0,0.01,no
title,2025,Fulham,1765083600,0.0,0.01,no
title,2025,Fulham,1765170000,0.0,0.01,no
title,2025,Fulham,1765256400,0.0,0.01,no
title,2025,Fulham,1765342800,0.0,0.01,no
title,2025,Fulham,1765429200,0.0,0.01,no
title,2025,Fulham,1765515600,0.0,0.01,no
title,2025,Fulham,1765602000,0.0,0.01,no
title,2025,Fulham,1765688400,0.0,0.01,no
title,2025,Fulham,1765774800,0.0,0.01,no
title,2025,Fulham,1765861200,0.0,0.01,no
title,2025,Fulham,1765947600,0.0,0.01,no
title,2025,Fulham,1766034000,0.0,0.01,no
title,2025,Fulham,1766120400,0.0,0.01,no
title,2025,Fulham,1766206800,0.0,0.01,no
title,2025,Fulham,1766293200,0.0,0.01,no
title,2025,Fulham,1766379600,0.0,0.01,no
title,2025,Fulham,1766466000,0.0,0.01,no
title,2025,Fulham,1766552400,0.0,0.01,no
title,2025,Fulham,1766638800,0.0,0.01,no
title,2025,Fulham,1766725200,0.0,0.01,no
title,2025,Fulham,1766811600,0.0,0.01,no
title,2025,Fulham,1766898000,0.0,0.01,no
title,2025,Fulham,1766984400,0.0,0.01,no
title,2025,Fulham,1767070800,0.0,0.01,no
title,2025,Fulham,1767157200,0.0,0.01,no
title,2025,Fulham,1767243600,0.0,0.01,no
title,2025,Fulham,1767330000,0.0,0.01,no
title,2025,Fulham,1767416400,0.0,0.01,no
title,2025,Fulham,1767502800,0.0,0.01,no
title,2025,Fulham,1767589200,0.0,0.01,no
title,2025,Fulham,1767675600,0.0,0.01,no
title,2025,Fulham,1767762000,0.0,0.01,no
title,2025,Fulham,1767848400,0.0,0.01,no
title,2025,Fulham,1767934800,0.0,0.01,no
title,2025,Fulham,1768021200,0.0,0.01,no
title,2025,Fulham,1768107600,0.0,0.01,no
title,2025,Fulham,1768194000,0.0,0.01,no
title,2025,Fulham,1768280400,0.0,0.01,no
title,2025,Fulham,1768366800,0.0,0.01,no
title,2025,Fulham,1768453200,0.0,0.01,no
title,2025,Fulham,1768539600,0.0,0.01,no
title,2025,Fulham,1768626000,0.0,0.01,no
title,2025,Fulham,1768712400,0.0,0.01,no
title,2025,Fulham,1768798800,0.0,0.01,no
title,2025,Fulham,1768885200,0.0,0.01,no
title,2025,Fulham,1768971600,0.0,0.01,no
title,2025,Fulham,1769058000,0.0,0.01,no
title,2025,Fulham,1769144400,0.0,0.01,no
title,2025,Fulham,1769230800,0.0,0.01,no
title,2025,Fulham,1769317200,0.0,0.01,no
title,2025,Fulham,1769403600,0.0,0.01,no
title,2025,Fulham,1769490000,0.0,0.01,no
title,2025,Fulham,1769576400,0.0,0.01,no
title,2025,Fulham,1769662800,0.0,0.01,no
title,2025,Fulham,1769749200,0.0,0.01,no
title,2025,Fulham,1769835600,0.0,0.01,no
title,2025,Fulham,1769922000,0.0,0.01,no
title,2025,Fulham,1770008400,0.0,0.01,no
title,2025,Fulham,1770094800,0.0,0.01,no
title,2025,Fulham,1770181200,0.0,0.01,no
title,2025,Fulham,1770267600,0.0,0.01,no
title,2025,Fulham,1770354000,0.0,0.01,no
title,2025,Fulham,1770440400,0.0,0.01,no
title,2025,Fulham,1770526800,0.0,0.01,no
title,2025,Fulham,1770613200,0.0,0.01,no
title,2025,Fulham,1770699600,0.0,0.01,no
title,2025,Fulham,1770958800,0.0,0.01,no
title,2025,Fulham,1771045200,0.0,0.01,no
title,2025,Fulham,1771131600,0.0,0.01,no
title,2025,Fulham,1771218000,0.0,0.01,no
title,2025,Fulham,1771304400,0.0,0.01,no
title,2025,Fulham,1771390800,0.0,0.01,no
title,2025,Fulham,1771477200,0.0,0.01,no
title,2025,Fulham,1771563600,0.0,0.01,no
title,2025,Fulham,1771650000,0.0,0.01,no
title,2025,Fulham,1771736400,0.0,0.01,no
title,2025,Fulham,1771822800,0.0,0.01,no
title,2025,Fulham,1771909200,0.0,0.01,no
title,2025,Fulham,1771995600,0.0,0.01,no
title,2025,Fulham,1772082000,0.0,0.01,no
title,2025,Fulham,1772168400,0.0,0.01,no
title,2025,Fulham,1772254800,0.0,0.01,no
title,2025,Fulham,1772341200,0.0,0.01,no
title,2025,Fulham,1772427600,0.0,0.01,no
title,2025,Fulham,1772514000,0.0,0.01,no
title,2025,Fulham,1772600400,0.0,0.01,no
title,2025,Fulham,1772859600,0.0,0.01,no
title,2025,Fulham,1773032400,0.0,0.01,no
title,2025,Fulham,1773633600,0.0,0.01,no
title,2025,Fulham,1773720000,0.0,0.01,no
title,2025,Fulham,1773892800,0.0,0.01,no
title,2025,Fulham,1774065600,0.0,0.01,no
title,2025,Fulham,1774238400,0.0,0.01,no
title,2025,Fulham,1774324800,0.0,0.01,no
title,2025,Fulham,1774411200,0.0,0.01,no
title,2025,Fulham,1774497600,0.0,0.01,no
title,2025,Fulham,1774584000,0.0,0.01,no
title,2025,Fulham,1774929600,0.0,0.01,no
title,2025,Fulham,1775448000,0.0,0.01,no
title,2025,Fulham,1775880000,0.0,0.01,no
title,2025,Fulham,1776139200,0.0,0.01,no
title,2025,Fulham,1776312000,0.0,0.01,no
title,2025,Fulham,1776484800,0.0,0.01,no
title,2025,Fulham,1776571200,0.0,0.01,no
title,2025,Fulham,1776657600,0.0,0.01,no
title,2025,Fulham,1776744000,0.0,0.01,no
title,2025,Fulham,1776830400,0.0,0.01,no
title,2025,Fulham,1776916800,0.0,0.01,no
title,2025,Fulham,1777003200,0.0,0.01,no
title,2025,Fulham,1777089600,0.0,0.01,no
title,2025,Fulham,1777176000,0.0,0.01,no
title,2025,Fulham,1777262400,0.0,0.01,no
title,2025,Fulham,1777348800,0.0,0.01,no
title,2025,Fulham,1777435200,0.0,0.01,no
title,2025,Fulham,1777521600,0.0,0.01,no
title,2025,Fulham,1777608000,0.0,0.01,no
title,2025,Fulham,1777694400,0.0,0.01,no
title,2025,Fulham,1777780800,0.0,0.01,no
title,2025,Fulham,1777867200,0.0,0.01,no
title,2025,Fulham,1777953600,0.0,0.01,no
title,2025,Fulham,1778040000,0.0,0.01,no
title,2025,Fulham,1778126400,0.0,0.01,no
title,2025,Fulham,1778212800,0.0,0.01,no
title,2025,Fulham,1778299200,0.0,0.01,no
title,2025,Fulham,1778385600,0.0,0.01,no
title,2025,Fulham,1778472000,0.0,0.01,no
title,2025,Fulham,1778558400,0.0,0.01,no
title,2025,Fulham,1778644800,0.0,0.01,no
title,2025,Fulham,1778731200,0.0,0.01,no
title,2025,Fulham,1778817600,0.0,0.01,no
title,2025,Fulham,1778904000,0.0,0.01,no
title,2025,Fulham,1778990400,0.0,0.01,no
title,2025,Fulham,1779076800,0.0,0.01,no
title,2025,Fulham,1779163200,0.0,0.01,no
title,2025,Fulham,1779249600,0.0,0.01,no
title,2025,Everton,1754107200,0.0,0.2,no
title,2025,Everton,1754193600,0.0,0.2,no
title,2025,Everton,1754280000,0.0,0.06,no
title,2025,Everton,1754366400,0.0,0.01,no
title,2025,Everton,1754452800,0.0,0.01,no
title,2025,Everton,1754539200,0.0,0.01,no
title,2025,Everton,1754625600,0.0,0.01,no
title,2025,Everton,1754712000,0.0,0.01,no
title,2025,Everton,1754798400,0.0,0.01,no
title,2025,Everton,1754884800,0.0,0.01,no
title,2025,Everton,1754971200,0.0,0.01,no
title,2025,Everton,1755057600,0.0,0.01,no
title,2025,Everton,1755144000,0.0,0.01,no
title,2025,Everton,1755230400,0.0,0.01,no
title,2025,Everton,1755316800,0.0,0.01,no
title,2025,Everton,1755403200,0.0,0.01,no
title,2025,Everton,1755489600,0.0,0.01,no
title,2025,Everton,1755576000,0.0,0.01,no
title,2025,Everton,1755662400,0.0,0.01,no
title,2025,Everton,1755748800,0.0,0.01,no
title,2025,Everton,1755835200,0.0,0.01,no
title,2025,Everton,1755921600,0.0,0.01,no
title,2025,Everton,1756008000,0.0,0.01,no
title,2025,Everton,1756094400,0.0,0.01,no
title,2025,Everton,1756180800,0.0,0.01,no
title,2025,Everton,1756267200,0.0,0.01,no
title,2025,Everton,1756353600,0.0,0.01,no
title,2025,Everton,1756440000,0.0,0.01,no
title,2025,Everton,1756526400,0.0,0.01,no
title,2025,Everton,1756612800,0.0,0.01,no
title,2025,Everton,1756699200,0.0,0.01,no
title,2025,Everton,1756785600,0.0,0.01,no
title,2025,Everton,1756872000,0.0,0.01,no
title,2025,Everton,1756958400,0.0,0.01,no
title,2025,Everton,1757044800,0.0,0.01,no
title,2025,Everton,1757131200,0.0,0.01,no
title,2025,Everton,1757217600,0.0,0.01,no
title,2025,Everton,1757304000,0.0,0.01,no
title,2025,Everton,1757390400,0.0,0.01,no
title,2025,Everton,1757476800,0.0,0.01,no
title,2025,Everton,1757563200,0.0,0.01,no
title,2025,Everton,1757649600,0.0,0.01,no
title,2025,Everton,1757736000,0.0,0.01,no
title,2025,Everton,1757822400,0.0,0.01,no
title,2025,Everton,1757908800,0.0,0.01,no
title,2025,Everton,1757995200,0.0,0.01,no
title,2025,Everton,1758081600,0.0,0.01,no
title,2025,Everton,1758168000,0.0,0.01,no
title,2025,Everton,1758254400,0.0,0.01,no
title,2025,Everton,1758340800,0.0,0.01,no
title,2025,Everton,1758427200,0.0,0.01,no
title,2025,Everton,1758513600,0.0,0.01,no
title,2025,Everton,1758600000,0.0,0.01,no
title,2025,Everton,1758686400,0.0,0.01,no
title,2025,Everton,1758772800,0.0,0.01,no
title,2025,Everton,1758859200,0.0,0.01,no
title,2025,Everton,1758945600,0.0,0.01,no
title,2025,Everton,1759032000,0.0,0.01,no
title,2025,Everton,1759118400,0.0,0.01,no
title,2025,Everton,1759204800,0.0,0.01,no
title,2025,Everton,1759291200,0.0,0.01,no
title,2025,Everton,1759377600,0.0,0.01,no
title,2025,Everton,1759464000,0.0,0.01,no
title,2025,Everton,1759550400,0.0,0.01,no
title,2025,Everton,1759636800,0.0,0.01,no
title,2025,Everton,1759723200,0.0,0.01,no
title,2025,Everton,1759809600,0.0,0.01,no
title,2025,Everton,1759896000,0.0,0.01,no
title,2025,Everton,1759982400,0.0,0.01,no
title,2025,Everton,1760068800,0.0,0.01,no
title,2025,Everton,1760155200,0.0,0.01,no
title,2025,Everton,1760241600,0.0,0.01,no
title,2025,Everton,1760328000,0.0,0.01,no
title,2025,Everton,1760414400,0.0,0.01,no
title,2025,Everton,1760500800,0.0,0.01,no
title,2025,Everton,1760587200,0.0,0.01,no
title,2025,Everton,1760673600,0.0,0.01,no
title,2025,Everton,1760760000,0.0,0.01,no
title,2025,Everton,1760846400,0.0,0.01,no
title,2025,Everton,1760932800,0.0,0.01,no
title,2025,Everton,1761019200,0.0,0.01,no
title,2025,Everton,1761105600,0.0,0.01,no
title,2025,Everton,1761192000,0.0,0.01,no
title,2025,Everton,1761278400,0.0,0.01,no
title,2025,Everton,1761364800,0.0,0.01,no
title,2025,Everton,1761451200,0.0,0.01,no
title,2025,Everton,1761537600,0.0,0.01,no
title,2025,Everton,1761624000,0.0,0.01,no
title,2025,Everton,1761710400,0.0,0.01,no
title,2025,Everton,1761796800,0.0,0.01,no
title,2025,Everton,1761883200,0.0,0.01,no
title,2025,Everton,1761969600,0.0,0.01,no
title,2025,Everton,1762056000,0.0,0.01,no
title,2025,Everton,1762142400,0.0,0.01,no
title,2025,Everton,1762232400,0.0,0.01,no
title,2025,Everton,1762318800,0.0,0.01,no
title,2025,Everton,1762405200,0.0,0.01,no
title,2025,Everton,1762491600,0.0,0.01,no
title,2025,Everton,1762578000,0.0,0.01,no
title,2025,Everton,1762664400,0.0,0.01,no
title,2025,Everton,1762750800,0.0,0.01,no
title,2025,Everton,1762837200,0.0,0.01,no
title,2025,Everton,1762923600,0.0,0.01,no
title,2025,Everton,1763010000,0.0,0.01,no
title,2025,Everton,1763096400,0.0,0.01,no
title,2025,Everton,1763182800,0.0,0.01,no
title,2025,Everton,1763269200,0.0,0.01,no
title,2025,Everton,1763355600,0.0,0.01,no
title,2025,Everton,1763442000,0.0,0.01,no
title,2025,Everton,1763528400,0.0,0.01,no
title,2025,Everton,1763614800,0.0,0.01,no
title,2025,Everton,1763701200,0.0,0.01,no
title,2025,Everton,1763787600,0.0,0.01,no
title,2025,Everton,1763874000,0.0,0.01,no
title,2025,Everton,1763960400,0.0,0.01,no
title,2025,Everton,1764046800,0.0,0.01,no
title,2025,Everton,1764133200,0.0,0.01,no
title,2025,Everton,1764219600,0.0,0.01,no
title,2025,Everton,1764306000,0.0,0.01,no
title,2025,Everton,1764392400,0.0,0.01,no
title,2025,Everton,1764478800,0.0,0.01,no
title,2025,Everton,1764565200,0.0,0.01,no
title,2025,Everton,1764651600,0.0,0.01,no
title,2025,Everton,1764738000,0.0,0.01,no
title,2025,Everton,1764824400,0.0,0.01,no
title,2025,Everton,1764910800,0.0,0.01,no
title,2025,Everton,1764997200,0.0,0.01,no
title,2025,Everton,1765083600,0.0,0.01,no
title,2025,Everton,1765170000,0.0,0.01,no
title,2025,Everton,1765256400,0.0,0.01,no
title,2025,Everton,1765342800,0.0,0.01,no
title,2025,Everton,1765429200,0.0,0.01,no
title,2025,Everton,1765515600,0.0,0.01,no
title,2025,Everton,1765602000,0.0,0.01,no
title,2025,Everton,1765688400,0.0,0.01,no
title,2025,Everton,1765774800,0.0,0.01,no
title,2025,Everton,1765861200,0.0,0.01,no
title,2025,Everton,1765947600,0.0,0.01,no
title,2025,Everton,1766034000,0.0,0.01,no
title,2025,Everton,1766120400,0.0,0.01,no
title,2025,Everton,1766206800,0.0,0.01,no
title,2025,Everton,1766293200,0.0,0.01,no
title,2025,Everton,1766379600,0.0,0.01,no
title,2025,Everton,1766466000,0.0,0.01,no
title,2025,Everton,1766552400,0.0,0.01,no
title,2025,Everton,1766638800,0.0,0.01,no
title,2025,Everton,1766725200,0.0,0.01,no
title,2025,Everton,1766811600,0.0,0.01,no
title,2025,Everton,1766898000,0.0,0.01,no
title,2025,Everton,1766984400,0.0,0.01,no
title,2025,Everton,1767070800,0.0,0.01,no
title,2025,Everton,1767157200,0.0,0.01,no
title,2025,Everton,1767243600,0.0,0.01,no
title,2025,Everton,1767330000,0.0,0.01,no
title,2025,Everton,1767416400,0.0,0.01,no
title,2025,Everton,1767502800,0.0,0.01,no
title,2025,Everton,1767589200,0.0,0.01,no
title,2025,Everton,1767675600,0.0,0.01,no
title,2025,Everton,1767762000,0.0,0.01,no
title,2025,Everton,1767848400,0.0,0.01,no
title,2025,Everton,1767934800,0.0,0.01,no
title,2025,Everton,1768021200,0.0,0.01,no
title,2025,Everton,1768107600,0.0,0.01,no
title,2025,Everton,1768194000,0.0,0.01,no
title,2025,Everton,1768280400,0.0,0.01,no
title,2025,Everton,1768366800,0.0,0.01,no
title,2025,Everton,1768453200,0.0,0.01,no
title,2025,Everton,1768539600,0.0,0.01,no
title,2025,Everton,1768626000,0.0,0.01,no
title,2025,Everton,1768712400,0.0,0.01,no
title,2025,Everton,1768798800,0.0,0.01,no
title,2025,Everton,1768885200,0.0,0.01,no
title,2025,Everton,1768971600,0.0,0.01,no
title,2025,Everton,1769058000,0.0,0.01,no
title,2025,Everton,1769144400,0.0,0.01,no
title,2025,Everton,1769230800,0.0,0.01,no
title,2025,Everton,1769317200,0.0,0.01,no
title,2025,Everton,1769403600,0.0,0.01,no
title,2025,Everton,1769490000,0.0,0.01,no
title,2025,Everton,1769576400,0.0,0.01,no
title,2025,Everton,1769662800,0.0,0.01,no
title,2025,Everton,1769749200,0.0,0.01,no
title,2025,Everton,1769835600,0.0,0.01,no
title,2025,Everton,1769922000,0.0,0.01,no
title,2025,Everton,1770008400,0.0,0.01,no
title,2025,Everton,1770094800,0.0,0.01,no
title,2025,Everton,1770181200,0.0,0.01,no
title,2025,Everton,1770267600,0.0,0.01,no
title,2025,Everton,1770354000,0.0,0.01,no
title,2025,Everton,1770440400,0.0,0.01,no
title,2025,Everton,1770526800,0.0,0.01,no
title,2025,Everton,1770613200,0.0,0.01,no
title,2025,Everton,1770699600,0.0,0.01,no
title,2025,Everton,1770958800,0.0,0.01,no
title,2025,Everton,1771045200,0.0,0.01,no
title,2025,Everton,1771131600,0.0,0.01,no
title,2025,Everton,1771218000,0.0,0.01,no
title,2025,Everton,1771304400,0.0,0.01,no
title,2025,Everton,1771390800,0.0,0.01,no
title,2025,Everton,1771477200,0.0,0.01,no
title,2025,Everton,1771563600,0.0,0.01,no
title,2025,Everton,1771650000,0.0,0.01,no
title,2025,Everton,1771736400,0.0,0.01,no
title,2025,Everton,1771822800,0.0,0.01,no
title,2025,Everton,1771909200,0.0,0.01,no
title,2025,Everton,1771995600,0.0,0.01,no
title,2025,Everton,1772082000,0.0,0.01,no
title,2025,Everton,1772168400,0.0,0.01,no
title,2025,Everton,1772254800,0.0,0.01,no
title,2025,Everton,1772341200,0.0,0.01,no
title,2025,Everton,1772427600,0.0,0.01,no
title,2025,Everton,1772514000,0.0,0.01,no
title,2025,Everton,1772600400,0.0,0.01,no
title,2025,Everton,1772859600,0.0,0.01,no
title,2025,Everton,1773032400,0.0,0.01,no
title,2025,Everton,1773633600,0.0,0.01,no
title,2025,Everton,1773720000,0.0,0.01,no
title,2025,Everton,1774065600,0.0,0.01,no
title,2025,Everton,1774238400,0.0,0.01,no
title,2025,Everton,1774324800,0.0,0.01,no
title,2025,Everton,1774411200,0.0,0.01,no
title,2025,Everton,1774497600,0.0,0.01,no
title,2025,Everton,1774584000,0.0,0.01,no
title,2025,Everton,1774929600,0.0,0.01,no
title,2025,Everton,1775448000,0.0,0.01,no
title,2025,Everton,1775620800,0.0,0.01,no
title,2025,Everton,1775880000,0.0,0.01,no
title,2025,Everton,1776139200,0.0,0.01,no
title,2025,Everton,1776312000,0.0,0.01,no
title,2025,Everton,1776398400,0.0,0.01,no
title,2025,Everton,1776484800,0.0,0.01,no
title,2025,Everton,1776571200,0.0,0.01,no
title,2025,Everton,1776657600,0.0,0.01,no
title,2025,Everton,1776744000,0.0,0.01,no
title,2025,Everton,1776830400,0.0,0.01,no
title,2025,Everton,1776916800,0.0,0.01,no
title,2025,Everton,1777003200,0.0,0.01,no
title,2025,Everton,1777089600,0.0,0.01,no
title,2025,Everton,1777176000,0.0,0.01,no
title,2025,Everton,1777262400,0.0,0.01,no
title,2025,Everton,1777348800,0.0,0.01,no
title,2025,Everton,1777435200,0.0,0.01,no
title,2025,Everton,1777521600,0.0,0.01,no
title,2025,Everton,1777608000,0.0,0.01,no
title,2025,Everton,1777694400,0.0,0.01,no
title,2025,Everton,1777780800,0.0,0.01,no
title,2025,Everton,1777867200,0.0,0.01,no
title,2025,Everton,1777953600,0.0,0.01,no
title,2025,Everton,1778040000,0.0,0.01,no
title,2025,Everton,1778126400,0.0,0.01,no
title,2025,Everton,1778212800,0.0,0.01,no
title,2025,Everton,1778299200,0.0,0.01,no
title,2025,Everton,1778385600,0.0,0.01,no
title,2025,Everton,1778472000,0.0,0.01,no
title,2025,Everton,1778558400,0.0,0.01,no
title,2025,Everton,1778644800,0.0,0.01,no
title,2025,Everton,1778731200,0.0,0.01,no
title,2025,Everton,1778817600,0.0,0.01,no
title,2025,Everton,1778904000,0.0,0.01,no
title,2025,Everton,1778990400,0.0,0.01,no
title,2025,Everton,1779076800,0.0,0.01,no
title,2025,Everton,1779163200,0.0,0.01,no
title,2025,Everton,1779249600,0.0,0.01,no
title,2025,Crystal Palace,1754107200,0.0,0.2,no
title,2025,Crystal Palace,1754193600,0.0,0.2,no
title,2025,Crystal Palace,1754280000,0.0,0.06,no
title,2025,Crystal Palace,1754366400,0.0,0.01,no
title,2025,Crystal Palace,1754452800,0.0,0.01,no
title,2025,Crystal Palace,1754539200,0.0,0.01,no
title,2025,Crystal Palace,1754625600,0.0,0.01,no
title,2025,Crystal Palace,1754712000,0.0,0.01,no
title,2025,Crystal Palace,1754798400,0.0,0.01,no
title,2025,Crystal Palace,1754884800,0.0,0.01,no
title,2025,Crystal Palace,1754971200,0.0,0.01,no
title,2025,Crystal Palace,1755057600,0.0,0.01,no
title,2025,Crystal Palace,1755144000,0.0,0.01,no
title,2025,Crystal Palace,1755230400,0.0,0.01,no
title,2025,Crystal Palace,1755316800,0.0,0.01,no
title,2025,Crystal Palace,1755403200,0.0,0.01,no
title,2025,Crystal Palace,1755489600,0.0,0.01,no
title,2025,Crystal Palace,1755576000,0.0,0.01,no
title,2025,Crystal Palace,1755662400,0.0,0.01,no
title,2025,Crystal Palace,1755748800,0.0,0.01,no
title,2025,Crystal Palace,1755835200,0.0,0.01,no
title,2025,Crystal Palace,1755921600,0.0,0.01,no
title,2025,Crystal Palace,1756008000,0.0,0.01,no
title,2025,Crystal Palace,1756094400,0.0,0.01,no
title,2025,Crystal Palace,1756180800,0.0,0.01,no
title,2025,Crystal Palace,1756267200,0.0,0.01,no
title,2025,Crystal Palace,1756353600,0.0,0.01,no
title,2025,Crystal Palace,1756440000,0.0,0.01,no
title,2025,Crystal Palace,1756526400,0.0,0.01,no
title,2025,Crystal Palace,1756612800,0.0,0.01,no
title,2025,Crystal Palace,1756699200,0.0,0.01,no
title,2025,Crystal Palace,1756785600,0.0,0.01,no
title,2025,Crystal Palace,1756872000,0.0,0.01,no
title,2025,Crystal Palace,1756958400,0.0,0.01,no
title,2025,Crystal Palace,1757044800,0.0,0.01,no
title,2025,Crystal Palace,1757131200,0.0,0.01,no
title,2025,Crystal Palace,1757217600,0.0,0.01,no
title,2025,Crystal Palace,1757304000,0.0,0.01,no
title,2025,Crystal Palace,1757390400,0.0,0.01,no
title,2025,Crystal Palace,1757476800,0.0,0.01,no
title,2025,Crystal Palace,1757563200,0.0,0.01,no
title,2025,Crystal Palace,1757649600,0.0,0.01,no
title,2025,Crystal Palace,1757736000,0.0,0.01,no
title,2025,Crystal Palace,1757822400,0.0,0.01,no
title,2025,Crystal Palace,1757908800,0.0,0.01,no
title,2025,Crystal Palace,1757995200,0.0,0.01,no
title,2025,Crystal Palace,1758081600,0.0,0.01,no
title,2025,Crystal Palace,1758168000,0.0,0.01,no
title,2025,Crystal Palace,1758254400,0.0,0.01,no
title,2025,Crystal Palace,1758340800,0.0,0.01,no
title,2025,Crystal Palace,1758427200,0.0,0.01,no
title,2025,Crystal Palace,1758513600,0.0,0.01,no
title,2025,Crystal Palace,1758600000,0.0,0.01,no
title,2025,Crystal Palace,1758686400,0.0,0.01,no
title,2025,Crystal Palace,1758772800,0.0,0.01,no
title,2025,Crystal Palace,1758859200,0.0,0.01,no
title,2025,Crystal Palace,1758945600,0.0,0.01,no
title,2025,Crystal Palace,1759032000,0.0,0.01,no
title,2025,Crystal Palace,1759118400,0.0,0.01,no
title,2025,Crystal Palace,1759204800,0.0,0.01,no
title,2025,Crystal Palace,1759291200,0.0,0.02,no
title,2025,Crystal Palace,1759377600,0.0,0.03,no
title,2025,Crystal Palace,1759464000,0.0,0.03,no
title,2025,Crystal Palace,1759550400,0.0,0.03,no
title,2025,Crystal Palace,1759636800,0.0,0.01,no
title,2025,Crystal Palace,1759723200,0.0,0.01,no
title,2025,Crystal Palace,1759809600,0.0,0.01,no
title,2025,Crystal Palace,1759896000,0.0,0.01,no
title,2025,Crystal Palace,1759982400,0.0,0.01,no
title,2025,Crystal Palace,1760068800,0.0,0.01,no
title,2025,Crystal Palace,1760155200,0.0,0.01,no
title,2025,Crystal Palace,1760241600,0.0,0.01,no
title,2025,Crystal Palace,1760328000,0.0,0.01,no
title,2025,Crystal Palace,1760414400,0.0,0.01,no
title,2025,Crystal Palace,1760500800,0.0,0.01,no
title,2025,Crystal Palace,1760587200,0.0,0.01,no
title,2025,Crystal Palace,1760673600,0.0,0.01,no
title,2025,Crystal Palace,1760760000,0.0,0.01,no
title,2025,Crystal Palace,1760846400,0.0,0.01,no
title,2025,Crystal Palace,1760932800,0.0,0.01,no
title,2025,Crystal Palace,1761019200,0.0,0.01,no
title,2025,Crystal Palace,1761105600,0.0,0.01,no
title,2025,Crystal Palace,1761192000,0.0,0.01,no
title,2025,Crystal Palace,1761278400,0.0,0.01,no
title,2025,Crystal Palace,1761364800,0.0,0.01,no
title,2025,Crystal Palace,1761451200,0.0,0.01,no
title,2025,Crystal Palace,1761537600,0.0,0.01,no
title,2025,Crystal Palace,1761624000,0.0,0.01,no
title,2025,Crystal Palace,1761710400,0.0,0.01,no
title,2025,Crystal Palace,1761796800,0.0,0.01,no
title,2025,Crystal Palace,1761883200,0.0,0.01,no
title,2025,Crystal Palace,1761969600,0.0,0.01,no
title,2025,Crystal Palace,1762056000,0.0,0.01,no
title,2025,Crystal Palace,1762142400,0.0,0.01,no
title,2025,Crystal Palace,1762232400,0.0,0.01,no
title,2025,Crystal Palace,1762318800,0.0,0.01,no
title,2025,Crystal Palace,1762405200,0.0,0.01,no
title,2025,Crystal Palace,1762491600,0.0,0.01,no
title,2025,Crystal Palace,1762578000,0.0,0.01,no
title,2025,Crystal Palace,1762664400,0.0,0.01,no
title,2025,Crystal Palace,1762750800,0.0,0.01,no
title,2025,Crystal Palace,1762837200,0.0,0.01,no
title,2025,Crystal Palace,1762923600,0.0,0.01,no
title,2025,Crystal Palace,1763010000,0.0,0.01,no
title,2025,Crystal Palace,1763096400,0.0,0.01,no
title,2025,Crystal Palace,1763182800,0.0,0.01,no
title,2025,Crystal Palace,1763269200,0.0,0.01,no
title,2025,Crystal Palace,1763355600,0.0,0.01,no
title,2025,Crystal Palace,1763442000,0.0,0.01,no
title,2025,Crystal Palace,1763528400,0.0,0.01,no
title,2025,Crystal Palace,1763614800,0.0,0.01,no
title,2025,Crystal Palace,1763701200,0.0,0.01,no
title,2025,Crystal Palace,1763787600,0.0,0.01,no
title,2025,Crystal Palace,1763874000,0.0,0.01,no
title,2025,Crystal Palace,1763960400,0.0,0.01,no
title,2025,Crystal Palace,1764046800,0.0,0.01,no
title,2025,Crystal Palace,1764133200,0.0,0.01,no
title,2025,Crystal Palace,1764219600,0.0,0.01,no
title,2025,Crystal Palace,1764306000,0.0,0.01,no
title,2025,Crystal Palace,1764392400,0.0,0.01,no
title,2025,Crystal Palace,1764478800,0.0,0.01,no
title,2025,Crystal Palace,1764565200,0.0,0.01,no
title,2025,Crystal Palace,1764651600,0.0,0.01,no
title,2025,Crystal Palace,1764738000,0.0,0.01,no
title,2025,Crystal Palace,1764824400,0.0,0.01,no
title,2025,Crystal Palace,1764910800,0.0,0.01,no
title,2025,Crystal Palace,1764997200,0.0,0.01,no
title,2025,Crystal Palace,1765083600,0.0,0.01,no
title,2025,Crystal Palace,1765170000,0.0,0.01,no
title,2025,Crystal Palace,1765256400,0.0,0.01,no
title,2025,Crystal Palace,1765342800,0.0,0.01,no
title,2025,Crystal Palace,1765429200,0.0,0.01,no
title,2025,Crystal Palace,1765515600,0.0,0.01,no
title,2025,Crystal Palace,1765602000,0.0,0.01,no
title,2025,Crystal Palace,1765688400,0.0,0.01,no
title,2025,Crystal Palace,1765774800,0.0,0.01,no
title,2025,Crystal Palace,1765861200,0.0,0.01,no
title,2025,Crystal Palace,1765947600,0.0,0.01,no
title,2025,Crystal Palace,1766034000,0.0,0.01,no
title,2025,Crystal Palace,1766120400,0.0,0.01,no
title,2025,Crystal Palace,1766206800,0.0,0.01,no
title,2025,Crystal Palace,1766293200,0.0,0.01,no
title,2025,Crystal Palace,1766379600,0.0,0.01,no
title,2025,Crystal Palace,1766466000,0.0,0.01,no
title,2025,Crystal Palace,1766552400,0.0,0.01,no
title,2025,Crystal Palace,1766638800,0.0,0.01,no
title,2025,Crystal Palace,1766725200,0.0,0.01,no
title,2025,Crystal Palace,1766811600,0.0,0.01,no
title,2025,Crystal Palace,1766898000,0.0,0.01,no
title,2025,Crystal Palace,1766984400,0.0,0.01,no
title,2025,Crystal Palace,1767070800,0.0,0.01,no
title,2025,Crystal Palace,1767157200,0.0,0.01,no
title,2025,Crystal Palace,1767243600,0.0,0.01,no
title,2025,Crystal Palace,1767330000,0.0,0.01,no
title,2025,Crystal Palace,1767416400,0.0,0.01,no
title,2025,Crystal Palace,1767502800,0.0,0.01,no
title,2025,Crystal Palace,1767589200,0.0,0.01,no
title,2025,Crystal Palace,1767675600,0.0,0.01,no
title,2025,Crystal Palace,1767762000,0.0,0.01,no
title,2025,Crystal Palace,1767848400,0.0,0.01,no
title,2025,Crystal Palace,1767934800,0.0,0.01,no
title,2025,Crystal Palace,1768021200,0.0,0.01,no
title,2025,Crystal Palace,1768107600,0.0,0.01,no
title,2025,Crystal Palace,1768194000,0.0,0.01,no
title,2025,Crystal Palace,1768280400,0.0,0.01,no
title,2025,Crystal Palace,1768366800,0.0,0.01,no
title,2025,Crystal Palace,1768453200,0.0,0.01,no
title,2025,Crystal Palace,1768539600,0.0,0.01,no
title,2025,Crystal Palace,1768626000,0.0,0.01,no
title,2025,Crystal Palace,1768712400,0.0,0.01,no
title,2025,Crystal Palace,1768798800,0.0,0.01,no
title,2025,Crystal Palace,1768885200,0.0,0.01,no
title,2025,Crystal Palace,1768971600,0.0,0.01,no
title,2025,Crystal Palace,1769058000,0.0,0.01,no
title,2025,Crystal Palace,1769144400,0.0,0.01,no
title,2025,Crystal Palace,1769230800,0.0,0.01,no
title,2025,Crystal Palace,1769317200,0.0,0.01,no
title,2025,Crystal Palace,1769403600,0.0,0.01,no
title,2025,Crystal Palace,1769490000,0.0,0.01,no
title,2025,Crystal Palace,1769576400,0.0,0.01,no
title,2025,Crystal Palace,1769662800,0.0,0.01,no
title,2025,Crystal Palace,1769749200,0.0,0.01,no
title,2025,Crystal Palace,1769835600,0.0,0.01,no
title,2025,Crystal Palace,1769922000,0.0,0.01,no
title,2025,Crystal Palace,1770008400,0.0,0.01,no
title,2025,Crystal Palace,1770094800,0.0,0.01,no
title,2025,Crystal Palace,1770181200,0.0,0.01,no
title,2025,Crystal Palace,1770267600,0.0,0.01,no
title,2025,Crystal Palace,1770354000,0.0,0.01,no
title,2025,Crystal Palace,1770440400,0.0,0.01,no
title,2025,Crystal Palace,1770526800,0.0,0.01,no
title,2025,Crystal Palace,1770613200,0.0,0.01,no
title,2025,Crystal Palace,1770699600,0.0,0.01,no
title,2025,Crystal Palace,1770958800,0.0,0.01,no
title,2025,Crystal Palace,1771045200,0.0,0.01,no
title,2025,Crystal Palace,1771131600,0.0,0.01,no
title,2025,Crystal Palace,1771218000,0.0,0.01,no
title,2025,Crystal Palace,1771304400,0.0,0.01,no
title,2025,Crystal Palace,1771390800,0.0,0.01,no
title,2025,Crystal Palace,1771477200,0.0,0.01,no
title,2025,Crystal Palace,1771563600,0.0,0.01,no
title,2025,Crystal Palace,1771650000,0.0,0.01,no
title,2025,Crystal Palace,1771736400,0.0,0.01,no
title,2025,Crystal Palace,1771822800,0.0,0.01,no
title,2025,Crystal Palace,1771909200,0.0,0.01,no
title,2025,Crystal Palace,1771995600,0.0,0.01,no
title,2025,Crystal Palace,1772082000,0.0,0.01,no
title,2025,Crystal Palace,1772168400,0.0,0.01,no
title,2025,Crystal Palace,1772254800,0.0,0.01,no
title,2025,Crystal Palace,1772341200,0.0,0.01,no
title,2025,Crystal Palace,1772427600,0.0,0.01,no
title,2025,Crystal Palace,1772514000,0.0,0.01,no
title,2025,Crystal Palace,1772600400,0.0,0.01,no
title,2025,Crystal Palace,1772773200,0.0,0.01,no
title,2025,Crystal Palace,1772859600,0.0,0.01,no
title,2025,Crystal Palace,1773032400,0.0,0.01,no
title,2025,Crystal Palace,1773201600,0.0,0.01,no
title,2025,Crystal Palace,1773633600,0.0,0.01,no
title,2025,Crystal Palace,1773720000,0.0,0.01,no
title,2025,Crystal Palace,1774065600,0.0,0.01,no
title,2025,Crystal Palace,1774238400,0.0,0.01,no
title,2025,Crystal Palace,1774324800,0.0,0.01,no
title,2025,Crystal Palace,1774411200,0.0,0.01,no
title,2025,Crystal Palace,1774497600,0.0,0.01,no
title,2025,Crystal Palace,1774584000,0.0,0.01,no
title,2025,Crystal Palace,1774929600,0.0,0.01,no
title,2025,Crystal Palace,1775448000,0.0,0.01,no
title,2025,Crystal Palace,1775880000,0.0,0.01,no
title,2025,Crystal Palace,1776139200,0.0,0.01,no
title,2025,Crystal Palace,1776312000,0.0,0.01,no
title,2025,Crystal Palace,1776398400,0.0,0.01,no
title,2025,Crystal Palace,1776484800,0.0,0.01,no
title,2025,Crystal Palace,1776571200,0.0,0.01,no
title,2025,Crystal Palace,1776657600,0.0,0.01,no
title,2025,Crystal Palace,1776744000,0.0,0.01,no
title,2025,Crystal Palace,1776830400,0.0,0.01,no
title,2025,Crystal Palace,1776916800,0.0,0.01,no
title,2025,Crystal Palace,1777003200,0.0,0.01,no
title,2025,Crystal Palace,1777089600,0.0,0.01,no
title,2025,Crystal Palace,1777176000,0.0,0.01,no
title,2025,Crystal Palace,1777262400,0.0,0.01,no
title,2025,Crystal Palace,1777348800,0.0,0.01,no
title,2025,Crystal Palace,1777435200,0.0,0.01,no
title,2025,Crystal Palace,1777521600,0.0,0.01,no
title,2025,Crystal Palace,1777608000,0.0,0.01,no
title,2025,Crystal Palace,1777694400,0.0,0.01,no
title,2025,Crystal Palace,1777780800,0.0,0.01,no
title,2025,Crystal Palace,1777867200,0.0,0.01,no
title,2025,Crystal Palace,1777953600,0.0,0.01,no
title,2025,Crystal Palace,1778040000,0.0,0.01,no
title,2025,Crystal Palace,1778126400,0.0,0.01,no
title,2025,Crystal Palace,1778212800,0.0,0.01,no
title,2025,Crystal Palace,1778299200,0.0,0.01,no
title,2025,Crystal Palace,1778385600,0.0,0.01,no
title,2025,Crystal Palace,1778472000,0.0,0.01,no
title,2025,Crystal Palace,1778558400,0.0,0.01,no
title,2025,Crystal Palace,1778644800,0.0,0.01,no
title,2025,Crystal Palace,1778731200,0.0,0.01,no
title,2025,Crystal Palace,1778817600,0.0,0.01,no
title,2025,Crystal Palace,1778904000,0.0,0.01,no
title,2025,Crystal Palace,1778990400,0.0,0.01,no
title,2025,Crystal Palace,1779076800,0.0,0.01,no
title,2025,Crystal Palace,1779163200,0.0,0.01,no
title,2025,Crystal Palace,1779249600,0.0,0.01,no
title,2025,Burnley,1754107200,0.0,0.16,no
title,2025,Burnley,1754193600,0.0,0.16,no
title,2025,Burnley,1754280000,0.0,0.04,no
title,2025,Burnley,1754366400,0.0,0.01,no
title,2025,Burnley,1754452800,0.0,0.01,no
title,2025,Burnley,1754539200,0.0,0.01,no
title,2025,Burnley,1754625600,0.0,0.01,no
title,2025,Burnley,1754712000,0.0,0.01,no
title,2025,Burnley,1754798400,0.0,0.01,no
title,2025,Burnley,1754884800,0.0,0.01,no
title,2025,Burnley,1754971200,0.0,0.01,no
title,2025,Burnley,1755057600,0.0,0.01,no
title,2025,Burnley,1755144000,0.0,0.01,no
title,2025,Burnley,1755230400,0.0,0.01,no
title,2025,Burnley,1755316800,0.0,0.01,no
title,2025,Burnley,1755403200,0.0,0.01,no
title,2025,Burnley,1755489600,0.0,0.01,no
title,2025,Burnley,1755576000,0.0,0.01,no
title,2025,Burnley,1755662400,0.0,0.01,no
title,2025,Burnley,1755748800,0.0,0.01,no
title,2025,Burnley,1755835200,0.0,0.01,no
title,2025,Burnley,1755921600,0.0,0.01,no
title,2025,Burnley,1756008000,0.0,0.01,no
title,2025,Burnley,1756094400,0.0,0.01,no
title,2025,Burnley,1756180800,0.0,0.01,no
title,2025,Burnley,1756267200,0.0,0.01,no
title,2025,Burnley,1756353600,0.0,0.01,no
title,2025,Burnley,1756440000,0.0,0.01,no
title,2025,Burnley,1756526400,0.0,0.01,no
title,2025,Burnley,1756612800,0.0,0.01,no
title,2025,Burnley,1756699200,0.0,0.01,no
title,2025,Burnley,1756785600,0.0,0.01,no
title,2025,Burnley,1756872000,0.0,0.01,no
title,2025,Burnley,1756958400,0.0,0.01,no
title,2025,Burnley,1757044800,0.0,0.01,no
title,2025,Burnley,1757131200,0.0,0.01,no
title,2025,Burnley,1757217600,0.0,0.01,no
title,2025,Burnley,1757304000,0.0,0.01,no
title,2025,Burnley,1757390400,0.0,0.01,no
title,2025,Burnley,1757476800,0.0,0.01,no
title,2025,Burnley,1757563200,0.0,0.01,no
title,2025,Burnley,1757649600,0.0,0.01,no
title,2025,Burnley,1757736000,0.0,0.01,no
title,2025,Burnley,1757822400,0.0,0.01,no
title,2025,Burnley,1757908800,0.0,0.01,no
title,2025,Burnley,1757995200,0.0,0.01,no
title,2025,Burnley,1758081600,0.0,0.01,no
title,2025,Burnley,1758168000,0.0,0.01,no
title,2025,Burnley,1758254400,0.0,0.01,no
title,2025,Burnley,1758340800,0.0,0.01,no
title,2025,Burnley,1758427200,0.0,0.01,no
title,2025,Burnley,1758513600,0.0,0.01,no
title,2025,Burnley,1758600000,0.0,0.01,no
title,2025,Burnley,1758686400,0.0,0.01,no
title,2025,Burnley,1758772800,0.0,0.01,no
title,2025,Burnley,1758859200,0.0,0.01,no
title,2025,Burnley,1758945600,0.0,0.01,no
title,2025,Burnley,1759032000,0.0,0.01,no
title,2025,Burnley,1759118400,0.0,0.01,no
title,2025,Burnley,1759204800,0.0,0.01,no
title,2025,Burnley,1759291200,0.0,0.01,no
title,2025,Burnley,1759377600,0.0,0.01,no
title,2025,Burnley,1759464000,0.0,0.01,no
title,2025,Burnley,1759550400,0.0,0.01,no
title,2025,Burnley,1759636800,0.0,0.01,no
title,2025,Burnley,1759723200,0.0,0.01,no
title,2025,Burnley,1759809600,0.0,0.01,no
title,2025,Burnley,1759896000,0.0,0.01,no
title,2025,Burnley,1759982400,0.0,0.01,no
title,2025,Burnley,1760068800,0.0,0.01,no
title,2025,Burnley,1760155200,0.0,0.01,no
title,2025,Burnley,1760241600,0.0,0.01,no
title,2025,Burnley,1760328000,0.0,0.01,no
title,2025,Burnley,1760414400,0.0,0.01,no
title,2025,Burnley,1760500800,0.0,0.01,no
title,2025,Burnley,1760587200,0.0,0.01,no
title,2025,Burnley,1760673600,0.0,0.01,no
title,2025,Burnley,1760760000,0.0,0.01,no
title,2025,Burnley,1760846400,0.0,0.01,no
title,2025,Burnley,1760932800,0.0,0.01,no
title,2025,Burnley,1761019200,0.0,0.01,no
title,2025,Burnley,1761105600,0.0,0.01,no
title,2025,Burnley,1761192000,0.0,0.01,no
title,2025,Burnley,1761278400,0.0,0.01,no
title,2025,Burnley,1761364800,0.0,0.01,no
title,2025,Burnley,1761451200,0.0,0.01,no
title,2025,Burnley,1761537600,0.0,0.01,no
title,2025,Burnley,1761624000,0.0,0.01,no
title,2025,Burnley,1761710400,0.0,0.01,no
title,2025,Burnley,1761796800,0.0,0.01,no
title,2025,Burnley,1761883200,0.0,0.01,no
title,2025,Burnley,1761969600,0.0,0.01,no
title,2025,Burnley,1762056000,0.0,0.01,no
title,2025,Burnley,1762142400,0.0,0.01,no
title,2025,Burnley,1762232400,0.0,0.01,no
title,2025,Burnley,1762318800,0.0,0.01,no
title,2025,Burnley,1762405200,0.0,0.01,no
title,2025,Burnley,1762491600,0.0,0.01,no
title,2025,Burnley,1762578000,0.0,0.01,no
title,2025,Burnley,1762664400,0.0,0.01,no
title,2025,Burnley,1762750800,0.0,0.01,no
title,2025,Burnley,1762837200,0.0,0.01,no
title,2025,Burnley,1762923600,0.0,0.01,no
title,2025,Burnley,1763010000,0.0,0.01,no
title,2025,Burnley,1763096400,0.0,0.01,no
title,2025,Burnley,1763182800,0.0,0.01,no
title,2025,Burnley,1763269200,0.0,0.01,no
title,2025,Burnley,1763355600,0.0,0.01,no
title,2025,Burnley,1763442000,0.0,0.01,no
title,2025,Burnley,1763528400,0.0,0.01,no
title,2025,Burnley,1763614800,0.0,0.01,no
title,2025,Burnley,1763701200,0.0,0.01,no
title,2025,Burnley,1763787600,0.0,0.01,no
title,2025,Burnley,1763874000,0.0,0.01,no
title,2025,Burnley,1763960400,0.0,0.01,no
title,2025,Burnley,1764046800,0.0,0.01,no
title,2025,Burnley,1764133200,0.0,0.01,no
title,2025,Burnley,1764219600,0.0,0.01,no
title,2025,Burnley,1764306000,0.0,0.01,no
title,2025,Burnley,1764392400,0.0,0.01,no
title,2025,Burnley,1764478800,0.0,0.01,no
title,2025,Burnley,1764565200,0.0,0.01,no
title,2025,Burnley,1764651600,0.0,0.01,no
title,2025,Burnley,1764738000,0.0,0.01,no
title,2025,Burnley,1764824400,0.0,0.01,no
title,2025,Burnley,1764910800,0.0,0.01,no
title,2025,Burnley,1764997200,0.0,0.01,no
title,2025,Burnley,1765083600,0.0,0.01,no
title,2025,Burnley,1765170000,0.0,0.01,no
title,2025,Burnley,1765256400,0.0,0.01,no
title,2025,Burnley,1765342800,0.0,0.01,no
title,2025,Burnley,1765429200,0.0,0.01,no
title,2025,Burnley,1765515600,0.0,0.01,no
title,2025,Burnley,1765602000,0.0,0.01,no
title,2025,Burnley,1765688400,0.0,0.01,no
title,2025,Burnley,1765774800,0.0,0.01,no
title,2025,Burnley,1765861200,0.0,0.01,no
title,2025,Burnley,1765947600,0.0,0.01,no
title,2025,Burnley,1766034000,0.0,0.01,no
title,2025,Burnley,1766120400,0.0,0.01,no
title,2025,Burnley,1766206800,0.0,0.01,no
title,2025,Burnley,1766293200,0.0,0.01,no
title,2025,Burnley,1766379600,0.0,0.01,no
title,2025,Burnley,1766466000,0.0,0.01,no
title,2025,Burnley,1766552400,0.0,0.01,no
title,2025,Burnley,1766638800,0.0,0.01,no
title,2025,Burnley,1766725200,0.0,0.01,no
title,2025,Burnley,1766811600,0.0,0.01,no
title,2025,Burnley,1766898000,0.0,0.01,no
title,2025,Burnley,1766984400,0.0,0.01,no
title,2025,Burnley,1767070800,0.0,0.01,no
title,2025,Burnley,1767157200,0.0,0.01,no
title,2025,Burnley,1767243600,0.0,0.01,no
title,2025,Burnley,1767330000,0.0,0.01,no
title,2025,Burnley,1767416400,0.0,0.01,no
title,2025,Burnley,1767502800,0.0,0.01,no
title,2025,Burnley,1767589200,0.0,0.01,no
title,2025,Burnley,1767675600,0.0,0.01,no
title,2025,Burnley,1767762000,0.0,0.01,no
title,2025,Burnley,1767848400,0.0,0.01,no
title,2025,Burnley,1767934800,0.0,0.01,no
title,2025,Burnley,1768021200,0.0,0.01,no
title,2025,Burnley,1768107600,0.0,0.01,no
title,2025,Burnley,1768194000,0.0,0.01,no
title,2025,Burnley,1768280400,0.0,0.01,no
title,2025,Burnley,1768366800,0.0,0.01,no
title,2025,Burnley,1768453200,0.0,0.01,no
title,2025,Burnley,1768539600,0.0,0.01,no
title,2025,Burnley,1768626000,0.0,0.01,no
title,2025,Burnley,1768712400,0.0,0.01,no
title,2025,Burnley,1768798800,0.0,0.01,no
title,2025,Burnley,1768885200,0.0,0.01,no
title,2025,Burnley,1768971600,0.0,0.01,no
title,2025,Burnley,1769058000,0.0,0.01,no
title,2025,Burnley,1769144400,0.0,0.01,no
title,2025,Burnley,1769230800,0.0,0.01,no
title,2025,Burnley,1769317200,0.0,0.01,no
title,2025,Burnley,1769403600,0.0,0.01,no
title,2025,Burnley,1769490000,0.0,0.01,no
title,2025,Burnley,1769576400,0.0,0.01,no
title,2025,Burnley,1769662800,0.0,0.01,no
title,2025,Burnley,1769749200,0.0,0.01,no
title,2025,Burnley,1769835600,0.0,0.01,no
title,2025,Burnley,1769922000,0.0,0.01,no
title,2025,Burnley,1770008400,0.0,0.01,no
title,2025,Burnley,1770094800,0.0,0.01,no
title,2025,Burnley,1770181200,0.0,0.01,no
title,2025,Burnley,1770267600,0.0,0.01,no
title,2025,Burnley,1770354000,0.0,0.01,no
title,2025,Burnley,1770440400,0.0,0.01,no
title,2025,Burnley,1770526800,0.0,0.01,no
title,2025,Burnley,1770613200,0.0,0.01,no
title,2025,Burnley,1770699600,0.0,0.01,no
title,2025,Burnley,1770958800,0.0,0.01,no
title,2025,Burnley,1771131600,0.0,0.01,no
title,2025,Burnley,1771218000,0.0,0.01,no
title,2025,Burnley,1771390800,0.0,0.01,no
title,2025,Burnley,1771477200,0.0,0.01,no
title,2025,Burnley,1771822800,0.0,0.01,no
title,2025,Burnley,1771909200,0.0,0.01,no
title,2025,Burnley,1772254800,0.0,0.01,no
title,2025,Burnley,1772341200,0.0,0.01,no
title,2025,Burnley,1772600400,0.0,0.01,no
title,2025,Burnley,1772859600,0.0,0.01,no
title,2025,Burnley,1773032400,0.0,0.01,no
title,2025,Burnley,1773633600,0.0,0.01,no
title,2025,Burnley,1773720000,0.0,0.01,no
title,2025,Burnley,1774065600,0.0,0.01,no
title,2025,Burnley,1774238400,0.0,0.01,no
title,2025,Burnley,1774324800,0.0,0.01,no
title,2025,Burnley,1774411200,0.0,0.01,no
title,2025,Burnley,1774497600,0.0,0.01,no
title,2025,Burnley,1774584000,0.0,0.01,no
title,2025,Burnley,1774929600,0.0,0.01,no
title,2025,Burnley,1775448000,0.0,0.01,no
title,2025,Burnley,1775880000,0.0,0.01,no
title,2025,Burnley,1776139200,0.0,0.01,no
title,2025,Burnley,1776312000,0.0,0.01,no
title,2025,Burnley,1776484800,0.0,0.01,no
title,2025,Burnley,1776571200,0.0,0.01,no
title,2025,Burnley,1776657600,0.0,0.01,no
title,2025,Burnley,1776744000,0.0,0.01,no
title,2025,Burnley,1776830400,0.0,0.01,no
title,2025,Burnley,1776916800,0.0,0.01,no
title,2025,Burnley,1777003200,0.0,0.01,no
title,2025,Burnley,1777089600,0.0,0.01,no
title,2025,Burnley,1777176000,0.0,0.01,no
title,2025,Burnley,1777262400,0.0,0.01,no
title,2025,Burnley,1777348800,0.0,0.01,no
title,2025,Burnley,1777435200,0.0,0.01,no
title,2025,Burnley,1777521600,0.0,0.01,no
title,2025,Burnley,1777608000,0.0,0.01,no
title,2025,Burnley,1777694400,0.0,0.01,no
title,2025,Burnley,1777780800,0.0,0.01,no
title,2025,Burnley,1777867200,0.0,0.01,no
title,2025,Burnley,1777953600,0.0,0.01,no
title,2025,Burnley,1778040000,0.0,0.01,no
title,2025,Burnley,1778126400,0.0,0.01,no
title,2025,Burnley,1778212800,0.0,0.01,no
title,2025,Burnley,1778299200,0.0,0.01,no
title,2025,Burnley,1778385600,0.0,0.01,no
title,2025,Burnley,1778472000,0.0,0.01,no
title,2025,Burnley,1778558400,0.0,0.01,no
title,2025,Burnley,1778644800,0.0,0.01,no
title,2025,Burnley,1778731200,0.0,0.01,no
title,2025,Burnley,1778817600,0.0,0.01,no
title,2025,Burnley,1778904000,0.0,0.01,no
title,2025,Burnley,1778990400,0.0,0.01,no
title,2025,Burnley,1779076800,0.0,0.01,no
title,2025,Burnley,1779163200,0.0,0.01,no
title,2025,Burnley,1779249600,0.0,0.01,no
title,2025,Brentford,1754107200,0.0,0.18,no
title,2025,Brentford,1754193600,0.0,0.18,no
title,2025,Brentford,1754280000,0.0,0.06,no
title,2025,Brentford,1754366400,0.0,0.01,no
title,2025,Brentford,1754452800,0.0,0.01,no
title,2025,Brentford,1754539200,0.0,0.01,no
title,2025,Brentford,1754625600,0.0,0.01,no
title,2025,Brentford,1754712000,0.0,0.01,no
title,2025,Brentford,1754798400,0.0,0.01,no
title,2025,Brentford,1754884800,0.0,0.01,no
title,2025,Brentford,1754971200,0.0,0.01,no
title,2025,Brentford,1755057600,0.0,0.01,no
title,2025,Brentford,1755144000,0.0,0.01,no
title,2025,Brentford,1755230400,0.0,0.01,no
title,2025,Brentford,1755316800,0.0,0.01,no
title,2025,Brentford,1755403200,0.0,0.01,no
title,2025,Brentford,1755489600,0.0,0.01,no
title,2025,Brentford,1755576000,0.0,0.01,no
title,2025,Brentford,1755662400,0.0,0.01,no
title,2025,Brentford,1755748800,0.0,0.01,no
title,2025,Brentford,1755835200,0.0,0.01,no
title,2025,Brentford,1755921600,0.0,0.01,no
title,2025,Brentford,1756008000,0.0,0.01,no
title,2025,Brentford,1756094400,0.0,0.01,no
title,2025,Brentford,1756180800,0.0,0.01,no
title,2025,Brentford,1756267200,0.0,0.01,no
title,2025,Brentford,1756353600,0.0,0.01,no
title,2025,Brentford,1756440000,0.0,0.01,no
title,2025,Brentford,1756526400,0.0,0.01,no
title,2025,Brentford,1756612800,0.0,0.01,no
title,2025,Brentford,1756699200,0.0,0.01,no
title,2025,Brentford,1756785600,0.0,0.01,no
title,2025,Brentford,1756872000,0.0,0.01,no
title,2025,Brentford,1756958400,0.0,0.01,no
title,2025,Brentford,1757044800,0.0,0.01,no
title,2025,Brentford,1757131200,0.0,0.01,no
title,2025,Brentford,1757217600,0.0,0.01,no
title,2025,Brentford,1757304000,0.0,0.01,no
title,2025,Brentford,1757390400,0.0,0.01,no
title,2025,Brentford,1757476800,0.0,0.01,no
title,2025,Brentford,1757563200,0.0,0.01,no
title,2025,Brentford,1757649600,0.0,0.01,no
title,2025,Brentford,1757736000,0.0,0.01,no
title,2025,Brentford,1757822400,0.0,0.01,no
title,2025,Brentford,1757908800,0.0,0.01,no
title,2025,Brentford,1757995200,0.0,0.01,no
title,2025,Brentford,1758081600,0.0,0.01,no
title,2025,Brentford,1758168000,0.0,0.01,no
title,2025,Brentford,1758254400,0.0,0.01,no
title,2025,Brentford,1758340800,0.0,0.01,no
title,2025,Brentford,1758427200,0.0,0.01,no
title,2025,Brentford,1758513600,0.0,0.01,no
title,2025,Brentford,1758600000,0.0,0.01,no
title,2025,Brentford,1758686400,0.0,0.01,no
title,2025,Brentford,1758772800,0.0,0.01,no
title,2025,Brentford,1758859200,0.0,0.01,no
title,2025,Brentford,1758945600,0.0,0.01,no
title,2025,Brentford,1759032000,0.0,0.01,no
title,2025,Brentford,1759118400,0.0,0.01,no
title,2025,Brentford,1759204800,0.0,0.01,no
title,2025,Brentford,1759291200,0.0,0.01,no
title,2025,Brentford,1759377600,0.0,0.01,no
title,2025,Brentford,1759464000,0.0,0.01,no
title,2025,Brentford,1759550400,0.0,0.01,no
title,2025,Brentford,1759636800,0.0,0.01,no
title,2025,Brentford,1759723200,0.0,0.01,no
title,2025,Brentford,1759809600,0.0,0.01,no
title,2025,Brentford,1759896000,0.0,0.01,no
title,2025,Brentford,1759982400,0.0,0.01,no
title,2025,Brentford,1760068800,0.0,0.01,no
title,2025,Brentford,1760155200,0.0,0.01,no
title,2025,Brentford,1760241600,0.0,0.01,no
title,2025,Brentford,1760328000,0.0,0.01,no
title,2025,Brentford,1760414400,0.0,0.01,no
title,2025,Brentford,1760500800,0.0,0.01,no
title,2025,Brentford,1760587200,0.0,0.01,no
title,2025,Brentford,1760673600,0.0,0.01,no
title,2025,Brentford,1760760000,0.0,0.01,no
title,2025,Brentford,1760846400,0.0,0.01,no
title,2025,Brentford,1760932800,0.0,0.01,no
title,2025,Brentford,1761019200,0.0,0.01,no
title,2025,Brentford,1761105600,0.0,0.01,no
title,2025,Brentford,1761192000,0.0,0.01,no
title,2025,Brentford,1761278400,0.0,0.01,no
title,2025,Brentford,1761364800,0.0,0.01,no
title,2025,Brentford,1761451200,0.0,0.01,no
title,2025,Brentford,1761537600,0.0,0.01,no
title,2025,Brentford,1761624000,0.0,0.01,no
title,2025,Brentford,1761710400,0.0,0.01,no
title,2025,Brentford,1761796800,0.0,0.01,no
title,2025,Brentford,1761883200,0.0,0.01,no
title,2025,Brentford,1761969600,0.0,0.01,no
title,2025,Brentford,1762056000,0.0,0.01,no
title,2025,Brentford,1762142400,0.0,0.01,no
title,2025,Brentford,1762232400,0.0,0.01,no
title,2025,Brentford,1762318800,0.0,0.01,no
title,2025,Brentford,1762405200,0.0,0.01,no
title,2025,Brentford,1762491600,0.0,0.01,no
title,2025,Brentford,1762578000,0.0,0.01,no
title,2025,Brentford,1762664400,0.0,0.01,no
title,2025,Brentford,1762750800,0.0,0.01,no
title,2025,Brentford,1762837200,0.0,0.01,no
title,2025,Brentford,1762923600,0.0,0.01,no
title,2025,Brentford,1763010000,0.0,0.01,no
title,2025,Brentford,1763096400,0.0,0.01,no
title,2025,Brentford,1763182800,0.0,0.01,no
title,2025,Brentford,1763269200,0.0,0.01,no
title,2025,Brentford,1763355600,0.0,0.01,no
title,2025,Brentford,1763442000,0.0,0.01,no
title,2025,Brentford,1763528400,0.0,0.01,no
title,2025,Brentford,1763614800,0.0,0.01,no
title,2025,Brentford,1763701200,0.0,0.01,no
title,2025,Brentford,1763787600,0.0,0.01,no
title,2025,Brentford,1763874000,0.0,0.01,no
title,2025,Brentford,1763960400,0.0,0.01,no
title,2025,Brentford,1764046800,0.0,0.01,no
title,2025,Brentford,1764133200,0.0,0.01,no
title,2025,Brentford,1764219600,0.0,0.01,no
title,2025,Brentford,1764306000,0.0,0.01,no
title,2025,Brentford,1764392400,0.0,0.01,no
title,2025,Brentford,1764478800,0.0,0.01,no
title,2025,Brentford,1764565200,0.0,0.01,no
title,2025,Brentford,1764651600,0.0,0.01,no
title,2025,Brentford,1764738000,0.0,0.01,no
title,2025,Brentford,1764824400,0.0,0.01,no
title,2025,Brentford,1764910800,0.0,0.01,no
title,2025,Brentford,1764997200,0.0,0.01,no
title,2025,Brentford,1765083600,0.0,0.01,no
title,2025,Brentford,1765170000,0.0,0.01,no
title,2025,Brentford,1765256400,0.0,0.01,no
title,2025,Brentford,1765342800,0.0,0.01,no
title,2025,Brentford,1765429200,0.0,0.01,no
title,2025,Brentford,1765515600,0.0,0.01,no
title,2025,Brentford,1765602000,0.0,0.01,no
title,2025,Brentford,1765688400,0.0,0.01,no
title,2025,Brentford,1765774800,0.0,0.01,no
title,2025,Brentford,1765861200,0.0,0.01,no
title,2025,Brentford,1765947600,0.0,0.01,no
title,2025,Brentford,1766034000,0.0,0.01,no
title,2025,Brentford,1766120400,0.0,0.01,no
title,2025,Brentford,1766206800,0.0,0.01,no
title,2025,Brentford,1766293200,0.0,0.01,no
title,2025,Brentford,1766379600,0.0,0.01,no
title,2025,Brentford,1766466000,0.0,0.01,no
title,2025,Brentford,1766552400,0.0,0.01,no
title,2025,Brentford,1766638800,0.0,0.01,no
title,2025,Brentford,1766725200,0.0,0.01,no
title,2025,Brentford,1766811600,0.0,0.01,no
title,2025,Brentford,1766898000,0.0,0.01,no
title,2025,Brentford,1766984400,0.0,0.01,no
title,2025,Brentford,1767070800,0.0,0.01,no
title,2025,Brentford,1767157200,0.0,0.01,no
title,2025,Brentford,1767243600,0.0,0.01,no
title,2025,Brentford,1767330000,0.0,0.01,no
title,2025,Brentford,1767416400,0.0,0.01,no
title,2025,Brentford,1767502800,0.0,0.01,no
title,2025,Brentford,1767589200,0.0,0.01,no
title,2025,Brentford,1767675600,0.0,0.01,no
title,2025,Brentford,1767762000,0.0,0.01,no
title,2025,Brentford,1767848400,0.0,0.01,no
title,2025,Brentford,1767934800,0.0,0.01,no
title,2025,Brentford,1768021200,0.0,0.01,no
title,2025,Brentford,1768107600,0.0,0.01,no
title,2025,Brentford,1768194000,0.0,0.01,no
title,2025,Brentford,1768280400,0.0,0.01,no
title,2025,Brentford,1768366800,0.0,0.01,no
title,2025,Brentford,1768453200,0.0,0.01,no
title,2025,Brentford,1768539600,0.0,0.01,no
title,2025,Brentford,1768626000,0.0,0.01,no
title,2025,Brentford,1768712400,0.0,0.01,no
title,2025,Brentford,1768798800,0.0,0.01,no
title,2025,Brentford,1768885200,0.0,0.01,no
title,2025,Brentford,1768971600,0.0,0.01,no
title,2025,Brentford,1769058000,0.0,0.01,no
title,2025,Brentford,1769144400,0.0,0.01,no
title,2025,Brentford,1769230800,0.0,0.01,no
title,2025,Brentford,1769317200,0.0,0.01,no
title,2025,Brentford,1769403600,0.0,0.01,no
title,2025,Brentford,1769490000,0.0,0.01,no
title,2025,Brentford,1769576400,0.0,0.01,no
title,2025,Brentford,1769662800,0.0,0.01,no
title,2025,Brentford,1769749200,0.0,0.01,no
title,2025,Brentford,1769835600,0.0,0.01,no
title,2025,Brentford,1769922000,0.0,0.01,no
title,2025,Brentford,1770008400,0.0,0.01,no
title,2025,Brentford,1770094800,0.0,0.01,no
title,2025,Brentford,1770181200,0.0,0.01,no
title,2025,Brentford,1770267600,0.0,0.01,no
title,2025,Brentford,1770354000,0.0,0.01,no
title,2025,Brentford,1770440400,0.0,0.01,no
title,2025,Brentford,1770526800,0.0,0.01,no
title,2025,Brentford,1770613200,0.0,0.01,no
title,2025,Brentford,1770699600,0.0,0.01,no
title,2025,Brentford,1770872400,0.0,0.01,no
title,2025,Brentford,1770958800,0.0,0.01,no
title,2025,Brentford,1771045200,0.0,0.01,no
title,2025,Brentford,1771131600,0.0,0.01,no
title,2025,Brentford,1771218000,0.0,0.01,no
title,2025,Brentford,1771304400,0.0,0.01,no
title,2025,Brentford,1771390800,0.0,0.01,no
title,2025,Brentford,1771477200,0.0,0.01,no
title,2025,Brentford,1771563600,0.0,0.01,no
title,2025,Brentford,1771650000,0.0,0.01,no
title,2025,Brentford,1771736400,0.0,0.01,no
title,2025,Brentford,1771822800,0.0,0.01,no
title,2025,Brentford,1771909200,0.0,0.01,no
title,2025,Brentford,1771995600,0.0,0.01,no
title,2025,Brentford,1772082000,0.0,0.01,no
title,2025,Brentford,1772168400,0.0,0.01,no
title,2025,Brentford,1772254800,0.0,0.01,no
title,2025,Brentford,1772341200,0.0,0.01,no
title,2025,Brentford,1772427600,0.0,0.01,no
title,2025,Brentford,1772514000,0.0,0.01,no
title,2025,Brentford,1772600400,0.0,0.01,no
title,2025,Brentford,1772859600,0.0,0.01,no
title,2025,Brentford,1773032400,0.0,0.01,no
title,2025,Brentford,1773201600,0.0,0.01,no
title,2025,Brentford,1773633600,0.0,0.01,no
title,2025,Brentford,1773720000,0.0,0.01,no
title,2025,Brentford,1773892800,0.0,0.01,no
title,2025,Brentford,1773979200,0.0,0.01,no
title,2025,Brentford,1774065600,0.0,0.01,no
title,2025,Brentford,1774238400,0.0,0.01,no
title,2025,Brentford,1774324800,0.0,0.01,no
title,2025,Brentford,1774411200,0.0,0.01,no
title,2025,Brentford,1774497600,0.0,0.01,no
title,2025,Brentford,1774584000,0.0,0.01,no
title,2025,Brentford,1774670400,0.0,0.01,no
title,2025,Brentford,1774929600,0.0,0.01,no
title,2025,Brentford,1775448000,0.0,0.01,no
title,2025,Brentford,1775880000,0.0,0.01,no
title,2025,Brentford,1775966400,0.0,0.01,no
title,2025,Brentford,1776139200,0.0,0.01,no
title,2025,Brentford,1776312000,0.0,0.01,no
title,2025,Brentford,1776484800,0.0,0.01,no
title,2025,Brentford,1776571200,0.0,0.01,no
title,2025,Brentford,1776657600,0.0,0.01,no
title,2025,Brentford,1776744000,0.0,0.01,no
title,2025,Brentford,1776830400,0.0,0.01,no
title,2025,Brentford,1776916800,0.0,0.01,no
title,2025,Brentford,1777003200,0.0,0.01,no
title,2025,Brentford,1777089600,0.0,0.01,no
title,2025,Brentford,1777176000,0.0,0.01,no
title,2025,Brentford,1777262400,0.0,0.01,no
title,2025,Brentford,1777348800,0.0,0.01,no
title,2025,Brentford,1777435200,0.0,0.01,no
title,2025,Brentford,1777521600,0.0,0.01,no
title,2025,Brentford,1777608000,0.0,0.01,no
title,2025,Brentford,1777694400,0.0,0.01,no
title,2025,Brentford,1777780800,0.0,0.01,no
title,2025,Brentford,1777867200,0.0,0.01,no
title,2025,Brentford,1777953600,0.0,0.01,no
title,2025,Brentford,1778040000,0.0,0.01,no
title,2025,Brentford,1778126400,0.0,0.01,no
title,2025,Brentford,1778212800,0.0,0.01,no
title,2025,Brentford,1778299200,0.0,0.01,no
title,2025,Brentford,1778385600,0.0,0.01,no
title,2025,Brentford,1778472000,0.0,0.01,no
title,2025,Brentford,1778558400,0.0,0.01,no
title,2025,Brentford,1778644800,0.0,0.01,no
title,2025,Brentford,1778731200,0.0,0.01,no
title,2025,Brentford,1778817600,0.0,0.01,no
title,2025,Brentford,1778904000,0.0,0.01,no
title,2025,Brentford,1778990400,0.0,0.01,no
title,2025,Brentford,1779076800,0.0,0.01,no
title,2025,Brentford,1779163200,0.0,0.01,no
title,2025,Brentford,1779249600,0.0,0.01,no
title,2025,Bournemouth,1754107200,0.0,0.2,no
title,2025,Bournemouth,1754193600,0.0,0.2,no
title,2025,Bournemouth,1754280000,0.0,0.06,no
title,2025,Bournemouth,1754366400,0.0,0.01,no
title,2025,Bournemouth,1754452800,0.0,0.01,no
title,2025,Bournemouth,1754539200,0.0,0.01,no
title,2025,Bournemouth,1754625600,0.0,0.01,no
title,2025,Bournemouth,1754712000,0.0,0.01,no
title,2025,Bournemouth,1754798400,0.0,0.01,no
title,2025,Bournemouth,1754884800,0.0,0.01,no
title,2025,Bournemouth,1754971200,0.0,0.01,no
title,2025,Bournemouth,1755057600,0.0,0.01,no
title,2025,Bournemouth,1755144000,0.0,0.01,no
title,2025,Bournemouth,1755230400,0.0,0.01,no
title,2025,Bournemouth,1755316800,0.0,0.01,no
title,2025,Bournemouth,1755403200,0.0,0.01,no
title,2025,Bournemouth,1755489600,0.0,0.01,no
title,2025,Bournemouth,1755576000,0.0,0.01,no
title,2025,Bournemouth,1755662400,0.0,0.01,no
title,2025,Bournemouth,1755748800,0.0,0.01,no
title,2025,Bournemouth,1755835200,0.0,0.01,no
title,2025,Bournemouth,1755921600,0.0,0.01,no
title,2025,Bournemouth,1756008000,0.0,0.01,no
title,2025,Bournemouth,1756094400,0.0,0.01,no
title,2025,Bournemouth,1756180800,0.0,0.01,no
title,2025,Bournemouth,1756267200,0.0,0.01,no
title,2025,Bournemouth,1756353600,0.0,0.01,no
title,2025,Bournemouth,1756440000,0.0,0.01,no
title,2025,Bournemouth,1756526400,0.0,0.01,no
title,2025,Bournemouth,1756612800,0.0,0.01,no
title,2025,Bournemouth,1756699200,0.0,0.01,no
title,2025,Bournemouth,1756785600,0.0,0.01,no
title,2025,Bournemouth,1756872000,0.0,0.01,no
title,2025,Bournemouth,1756958400,0.0,0.01,no
title,2025,Bournemouth,1757044800,0.0,0.01,no
title,2025,Bournemouth,1757131200,0.0,0.01,no
title,2025,Bournemouth,1757217600,0.0,0.01,no
title,2025,Bournemouth,1757304000,0.0,0.01,no
title,2025,Bournemouth,1757390400,0.0,0.01,no
title,2025,Bournemouth,1757476800,0.0,0.01,no
title,2025,Bournemouth,1757563200,0.0,0.01,no
title,2025,Bournemouth,1757649600,0.0,0.01,no
title,2025,Bournemouth,1757736000,0.0,0.01,no
title,2025,Bournemouth,1757822400,0.0,0.01,no
title,2025,Bournemouth,1757908800,0.0,0.01,no
title,2025,Bournemouth,1757995200,0.0,0.01,no
title,2025,Bournemouth,1758081600,0.0,0.01,no
title,2025,Bournemouth,1758168000,0.0,0.01,no
title,2025,Bournemouth,1758254400,0.0,0.01,no
title,2025,Bournemouth,1758340800,0.0,0.01,no
title,2025,Bournemouth,1758427200,0.0,0.01,no
title,2025,Bournemouth,1758513600,0.0,0.01,no
title,2025,Bournemouth,1758600000,0.0,0.01,no
title,2025,Bournemouth,1758686400,0.0,0.01,no
title,2025,Bournemouth,1758772800,0.0,0.01,no
title,2025,Bournemouth,1758859200,0.0,0.01,no
title,2025,Bournemouth,1758945600,0.0,0.01,no
title,2025,Bournemouth,1759032000,0.0,0.01,no
title,2025,Bournemouth,1759118400,0.0,0.01,no
title,2025,Bournemouth,1759204800,0.0,0.01,no
title,2025,Bournemouth,1759291200,0.0,0.01,no
title,2025,Bournemouth,1759377600,0.0,0.01,no
title,2025,Bournemouth,1759464000,0.0,0.01,no
title,2025,Bournemouth,1759550400,0.0,0.01,no
title,2025,Bournemouth,1759636800,0.0,0.01,no
title,2025,Bournemouth,1759723200,0.0,0.01,no
title,2025,Bournemouth,1759809600,0.0,0.01,no
title,2025,Bournemouth,1759896000,0.0,0.01,no
title,2025,Bournemouth,1759982400,0.0,0.01,no
title,2025,Bournemouth,1760068800,0.0,0.01,no
title,2025,Bournemouth,1760155200,0.0,0.01,no
title,2025,Bournemouth,1760241600,0.0,0.01,no
title,2025,Bournemouth,1760328000,0.0,0.01,no
title,2025,Bournemouth,1760414400,0.0,0.01,no
title,2025,Bournemouth,1760500800,0.0,0.01,no
title,2025,Bournemouth,1760587200,0.0,0.01,no
title,2025,Bournemouth,1760673600,0.0,0.01,no
title,2025,Bournemouth,1760760000,0.0,0.01,no
title,2025,Bournemouth,1760846400,0.0,0.01,no
title,2025,Bournemouth,1760932800,0.0,0.01,no
title,2025,Bournemouth,1761019200,0.0,0.01,no
title,2025,Bournemouth,1761105600,0.0,0.01,no
title,2025,Bournemouth,1761192000,0.0,0.01,no
title,2025,Bournemouth,1761278400,0.0,0.01,no
title,2025,Bournemouth,1761364800,0.0,0.01,no
title,2025,Bournemouth,1761451200,0.0,0.01,no
title,2025,Bournemouth,1761537600,0.0,0.01,no
title,2025,Bournemouth,1761624000,0.0,0.01,no
title,2025,Bournemouth,1761710400,0.0,0.01,no
title,2025,Bournemouth,1761796800,0.0,0.01,no
title,2025,Bournemouth,1761883200,0.0,0.01,no
title,2025,Bournemouth,1761969600,0.0,0.01,no
title,2025,Bournemouth,1762056000,0.0,0.01,no
title,2025,Bournemouth,1762142400,0.0,0.01,no
title,2025,Bournemouth,1762232400,0.0,0.01,no
title,2025,Bournemouth,1762318800,0.0,0.01,no
title,2025,Bournemouth,1762405200,0.0,0.01,no
title,2025,Bournemouth,1762491600,0.0,0.01,no
title,2025,Bournemouth,1762578000,0.0,0.01,no
title,2025,Bournemouth,1762664400,0.0,0.01,no
title,2025,Bournemouth,1762750800,0.0,0.01,no
title,2025,Bournemouth,1762837200,0.0,0.01,no
title,2025,Bournemouth,1762923600,0.0,0.01,no
title,2025,Bournemouth,1763010000,0.0,0.01,no
title,2025,Bournemouth,1763096400,0.0,0.01,no
title,2025,Bournemouth,1763182800,0.0,0.01,no
title,2025,Bournemouth,1763269200,0.0,0.01,no
title,2025,Bournemouth,1763355600,0.0,0.01,no
title,2025,Bournemouth,1763442000,0.0,0.01,no
title,2025,Bournemouth,1763528400,0.0,0.01,no
title,2025,Bournemouth,1763614800,0.0,0.01,no
title,2025,Bournemouth,1763701200,0.0,0.01,no
title,2025,Bournemouth,1763787600,0.0,0.01,no
title,2025,Bournemouth,1763874000,0.0,0.01,no
title,2025,Bournemouth,1763960400,0.0,0.01,no
title,2025,Bournemouth,1764046800,0.0,0.01,no
title,2025,Bournemouth,1764133200,0.0,0.01,no
title,2025,Bournemouth,1764219600,0.0,0.01,no
title,2025,Bournemouth,1764306000,0.0,0.01,no
title,2025,Bournemouth,1764392400,0.0,0.01,no
title,2025,Bournemouth,1764478800,0.0,0.01,no
title,2025,Bournemouth,1764565200,0.0,0.01,no
title,2025,Bournemouth,1764651600,0.0,0.01,no
title,2025,Bournemouth,1764738000,0.0,0.01,no
title,2025,Bournemouth,1764824400,0.0,0.01,no
title,2025,Bournemouth,1764910800,0.0,0.01,no
title,2025,Bournemouth,1764997200,0.0,0.01,no
title,2025,Bournemouth,1765083600,0.0,0.01,no
title,2025,Bournemouth,1765170000,0.0,0.01,no
title,2025,Bournemouth,1765256400,0.0,0.01,no
title,2025,Bournemouth,1765342800,0.0,0.01,no
title,2025,Bournemouth,1765429200,0.0,0.01,no
title,2025,Bournemouth,1765515600,0.0,0.01,no
title,2025,Bournemouth,1765602000,0.0,0.01,no
title,2025,Bournemouth,1765688400,0.0,0.01,no
title,2025,Bournemouth,1765774800,0.0,0.01,no
title,2025,Bournemouth,1765861200,0.0,0.01,no
title,2025,Bournemouth,1765947600,0.0,0.01,no
title,2025,Bournemouth,1766034000,0.0,0.01,no
title,2025,Bournemouth,1766120400,0.0,0.01,no
title,2025,Bournemouth,1766206800,0.0,0.01,no
title,2025,Bournemouth,1766293200,0.0,0.01,no
title,2025,Bournemouth,1766379600,0.0,0.01,no
title,2025,Bournemouth,1766466000,0.0,0.01,no
title,2025,Bournemouth,1766552400,0.0,0.01,no
title,2025,Bournemouth,1766638800,0.0,0.01,no
title,2025,Bournemouth,1766725200,0.0,0.01,no
title,2025,Bournemouth,1766811600,0.0,0.01,no
title,2025,Bournemouth,1766898000,0.0,0.01,no
title,2025,Bournemouth,1766984400,0.0,0.01,no
title,2025,Bournemouth,1767070800,0.0,0.01,no
title,2025,Bournemouth,1767157200,0.0,0.01,no
title,2025,Bournemouth,1767243600,0.0,0.01,no
title,2025,Bournemouth,1767330000,0.0,0.01,no
title,2025,Bournemouth,1767416400,0.0,0.01,no
title,2025,Bournemouth,1767502800,0.0,0.01,no
title,2025,Bournemouth,1767589200,0.0,0.01,no
title,2025,Bournemouth,1767675600,0.0,0.01,no
title,2025,Bournemouth,1767762000,0.0,0.01,no
title,2025,Bournemouth,1767848400,0.0,0.01,no
title,2025,Bournemouth,1767934800,0.0,0.01,no
title,2025,Bournemouth,1768021200,0.0,0.01,no
title,2025,Bournemouth,1768107600,0.0,0.01,no
title,2025,Bournemouth,1768194000,0.0,0.01,no
title,2025,Bournemouth,1768280400,0.0,0.01,no
title,2025,Bournemouth,1768366800,0.0,0.01,no
title,2025,Bournemouth,1768453200,0.0,0.01,no
title,2025,Bournemouth,1768539600,0.0,0.01,no
title,2025,Bournemouth,1768626000,0.0,0.01,no
title,2025,Bournemouth,1768712400,0.0,0.01,no
title,2025,Bournemouth,1768798800,0.0,0.01,no
title,2025,Bournemouth,1768885200,0.0,0.01,no
title,2025,Bournemouth,1768971600,0.0,0.01,no
title,2025,Bournemouth,1769058000,0.0,0.01,no
title,2025,Bournemouth,1769144400,0.0,0.01,no
title,2025,Bournemouth,1769230800,0.0,0.01,no
title,2025,Bournemouth,1769317200,0.0,0.01,no
title,2025,Bournemouth,1769403600,0.0,0.01,no
title,2025,Bournemouth,1769490000,0.0,0.01,no
title,2025,Bournemouth,1769576400,0.0,0.01,no
title,2025,Bournemouth,1769662800,0.0,0.01,no
title,2025,Bournemouth,1769749200,0.0,0.01,no
title,2025,Bournemouth,1769835600,0.0,0.01,no
title,2025,Bournemouth,1769922000,0.0,0.01,no
title,2025,Bournemouth,1770008400,0.0,0.01,no
title,2025,Bournemouth,1770094800,0.0,0.01,no
title,2025,Bournemouth,1770181200,0.0,0.01,no
title,2025,Bournemouth,1770267600,0.0,0.01,no
title,2025,Bournemouth,1770354000,0.0,0.01,no
title,2025,Bournemouth,1770440400,0.0,0.01,no
title,2025,Bournemouth,1770526800,0.0,0.01,no
title,2025,Bournemouth,1770613200,0.0,0.01,no
title,2025,Bournemouth,1770699600,0.0,0.01,no
title,2025,Bournemouth,1770872400,0.0,0.01,no
title,2025,Bournemouth,1770958800,0.0,0.01,no
title,2025,Bournemouth,1771045200,0.0,0.01,no
title,2025,Bournemouth,1771131600,0.0,0.01,no
title,2025,Bournemouth,1771218000,0.0,0.01,no
title,2025,Bournemouth,1771304400,0.0,0.01,no
title,2025,Bournemouth,1771390800,0.0,0.01,no
title,2025,Bournemouth,1771477200,0.0,0.01,no
title,2025,Bournemouth,1771563600,0.0,0.01,no
title,2025,Bournemouth,1771650000,0.0,0.01,no
title,2025,Bournemouth,1771736400,0.0,0.01,no
title,2025,Bournemouth,1771822800,0.0,0.01,no
title,2025,Bournemouth,1771909200,0.0,0.01,no
title,2025,Bournemouth,1771995600,0.0,0.01,no
title,2025,Bournemouth,1772082000,0.0,0.01,no
title,2025,Bournemouth,1772168400,0.0,0.01,no
title,2025,Bournemouth,1772254800,0.0,0.01,no
title,2025,Bournemouth,1772341200,0.0,0.01,no
title,2025,Bournemouth,1772427600,0.0,0.01,no
title,2025,Bournemouth,1772514000,0.0,0.01,no
title,2025,Bournemouth,1772600400,0.0,0.01,no
title,2025,Bournemouth,1772773200,0.0,0.01,no
title,2025,Bournemouth,1772859600,0.0,0.01,no
title,2025,Bournemouth,1773032400,0.0,0.01,no
title,2025,Bournemouth,1773633600,0.0,0.01,no
title,2025,Bournemouth,1773720000,0.0,0.01,no
title,2025,Bournemouth,1773892800,0.0,0.01,no
title,2025,Bournemouth,1773979200,0.0,0.01,no
title,2025,Bournemouth,1774065600,0.0,0.01,no
title,2025,Bournemouth,1774238400,0.0,0.01,no
title,2025,Bournemouth,1774324800,0.0,0.01,no
title,2025,Bournemouth,1774411200,0.0,0.01,no
title,2025,Bournemouth,1774497600,0.0,0.01,no
title,2025,Bournemouth,1774584000,0.0,0.01,no
title,2025,Bournemouth,1774670400,0.0,0.01,no
title,2025,Bournemouth,1774929600,0.0,0.01,no
title,2025,Bournemouth,1775448000,0.0,0.01,no
title,2025,Bournemouth,1775880000,0.0,0.01,no
title,2025,Bournemouth,1775966400,0.0,0.01,no
title,2025,Bournemouth,1776139200,0.0,0.01,no
title,2025,Bournemouth,1776312000,0.0,0.01,no
title,2025,Bournemouth,1776398400,0.0,0.01,no
title,2025,Bournemouth,1776484800,0.0,0.01,no
title,2025,Bournemouth,1776916800,0.0,0.01,no
title,2025,Bournemouth,1777089600,0.0,0.01,no
title,2025,Bournemouth,1777176000,0.0,0.01,no
title,2025,Bournemouth,1777262400,0.0,0.01,no
title,2025,Bournemouth,1777348800,0.0,0.01,no
title,2025,Bournemouth,1777435200,0.0,0.01,no
title,2025,Bournemouth,1777780800,0.0,0.01,no
title,2025,Bournemouth,1777867200,0.0,0.01,no
title,2025,Bournemouth,1777953600,0.0,0.01,no
title,2025,Bournemouth,1778126400,0.0,0.01,no
title,2025,Bournemouth,1778472000,0.0,0.01,no
title,2025,Bournemouth,1778731200,0.0,0.01,no
title,2025,Bournemouth,1778904000,0.0,0.01,no
title,2025,Bournemouth,1779249600,0.0,0.01,no
title,2025,Tottenham,1754107200,0.0,0.3,no
title,2025,Tottenham,1754193600,0.0,0.2,no
title,2025,Tottenham,1754280000,0.0,0.07,no
title,2025,Tottenham,1754366400,0.02,0.06,no
title,2025,Tottenham,1754452800,0.03,0.05,no
title,2025,Tottenham,1754539200,0.04,0.05,no
title,2025,Tottenham,1754625600,0.02,0.03,no
title,2025,Tottenham,1754712000,0.01,0.02,no
title,2025,Tottenham,1754798400,0.0,0.02,no
title,2025,Tottenham,1754884800,0.0,0.02,no
title,2025,Tottenham,1754971200,0.0,0.02,no
title,2025,Tottenham,1755057600,0.0,0.02,no
title,2025,Tottenham,1755144000,0.01,0.02,no
title,2025,Tottenham,1755230400,0.01,0.02,no
title,2025,Tottenham,1755316800,0.01,0.02,no
title,2025,Tottenham,1755403200,0.01,0.02,no
title,2025,Tottenham,1755489600,0.01,0.02,no
title,2025,Tottenham,1755576000,0.02,0.03,no
title,2025,Tottenham,1755662400,0.01,0.02,no
title,2025,Tottenham,1755748800,0.02,0.03,no
title,2025,Tottenham,1755835200,0.02,0.03,no
title,2025,Tottenham,1755921600,0.02,0.03,no
title,2025,Tottenham,1756008000,0.02,0.06,no
title,2025,Tottenham,1756094400,0.02,0.04,no
title,2025,Tottenham,1756180800,0.03,0.04,no
title,2025,Tottenham,1756267200,0.03,0.04,no
title,2025,Tottenham,1756353600,0.04,0.05,no
title,2025,Tottenham,1756440000,0.03,0.05,no
title,2025,Tottenham,1756526400,0.03,0.04,no
title,2025,Tottenham,1756612800,0.01,0.03,no
title,2025,Tottenham,1756699200,0.01,0.03,no
title,2025,Tottenham,1756785600,0.01,0.03,no
title,2025,Tottenham,1756872000,0.02,0.03,no
title,2025,Tottenham,1756958400,0.02,0.03,no
title,2025,Tottenham,1757044800,0.01,0.03,no
title,2025,Tottenham,1757131200,0.01,0.03,no
title,2025,Tottenham,1757217600,0.01,0.03,no
title,2025,Tottenham,1757304000,0.01,0.03,no
title,2025,Tottenham,1757390400,0.01,0.03,no
title,2025,Tottenham,1757476800,0.01,0.03,no
title,2025,Tottenham,1757563200,0.01,0.02,no
title,2025,Tottenham,1757649600,0.01,0.02,no
title,2025,Tottenham,1757736000,0.01,0.03,no
title,2025,Tottenham,1757822400,0.01,0.03,no
title,2025,Tottenham,1757908800,0.01,0.03,no
title,2025,Tottenham,1757995200,0.01,0.03,no
title,2025,Tottenham,1758081600,0.01,0.03,no
title,2025,Tottenham,1758168000,0.01,0.03,no
title,2025,Tottenham,1758254400,0.01,0.03,no
title,2025,Tottenham,1758340800,0.01,0.03,no
title,2025,Tottenham,1758427200,0.01,0.03,no
title,2025,Tottenham,1758513600,0.0,0.02,no
title,2025,Tottenham,1758600000,0.0,0.03,no
title,2025,Tottenham,1758686400,0.01,0.03,no
title,2025,Tottenham,1758772800,0.01,0.03,no
title,2025,Tottenham,1758859200,0.01,0.03,no
title,2025,Tottenham,1758945600,0.01,0.03,no
title,2025,Tottenham,1759032000,0.01,0.04,no
title,2025,Tottenham,1759118400,0.01,0.03,no
title,2025,Tottenham,1759204800,0.01,0.03,no
title,2025,Tottenham,1759291200,0.01,0.03,no
title,2025,Tottenham,1759377600,0.01,0.03,no
title,2025,Tottenham,1759464000,0.01,0.03,no
title,2025,Tottenham,1759550400,0.01,0.04,no
title,2025,Tottenham,1759636800,0.02,0.08,no
title,2025,Tottenham,1759723200,0.0,0.03,no
title,2025,Tottenham,1759809600,0.0,0.03,no
title,2025,Tottenham,1759896000,0.0,0.01,no
title,2025,Tottenham,1759982400,0.01,0.02,no
title,2025,Tottenham,1760068800,0.01,0.02,no
title,2025,Tottenham,1760155200,0.01,0.03,no
title,2025,Tottenham,1760241600,0.01,0.03,no
title,2025,Tottenham,1760328000,0.01,0.03,no
title,2025,Tottenham,1760414400,0.01,0.03,no
title,2025,Tottenham,1760500800,0.02,0.04,no
title,2025,Tottenham,1760587200,0.02,0.03,no
title,2025,Tottenham,1760673600,0.02,0.03,no
title,2025,Tottenham,1760760000,0.02,0.04,no
title,2025,Tottenham,1760846400,0.02,0.03,no
title,2025,Tottenham,1760932800,0.01,0.03,no
title,2025,Tottenham,1761019200,0.01,0.03,no
title,2025,Tottenham,1761105600,0.01,0.03,no
title,2025,Tottenham,1761192000,0.01,0.02,no
title,2025,Tottenham,1761278400,0.01,0.02,no
title,2025,Tottenham,1761364800,0.01,0.03,no
title,2025,Tottenham,1761451200,0.01,0.02,no
title,2025,Tottenham,1761537600,0.01,0.03,no
title,2025,Tottenham,1761624000,0.01,0.03,no
title,2025,Tottenham,1761710400,0.01,0.03,no
title,2025,Tottenham,1761796800,0.01,0.03,no
title,2025,Tottenham,1761883200,0.01,0.02,no
title,2025,Tottenham,1761969600,0.01,0.02,no
title,2025,Tottenham,1762056000,0.01,0.02,no
title,2025,Tottenham,1762142400,0.01,0.03,no
title,2025,Tottenham,1762232400,0.01,0.02,no
title,2025,Tottenham,1762318800,0.01,0.02,no
title,2025,Tottenham,1762405200,0.01,0.02,no
title,2025,Tottenham,1762491600,0.01,0.02,no
title,2025,Tottenham,1762578000,0.0,0.02,no
title,2025,Tottenham,1762664400,0.0,0.02,no
title,2025,Tottenham,1762750800,0.0,0.02,no
title,2025,Tottenham,1762837200,0.0,0.02,no
title,2025,Tottenham,1762923600,0.0,0.02,no
title,2025,Tottenham,1763010000,0.0,0.02,no
title,2025,Tottenham,1763096400,0.0,0.02,no
title,2025,Tottenham,1763182800,0.0,0.02,no
title,2025,Tottenham,1763269200,0.0,0.02,no
title,2025,Tottenham,1763355600,0.0,0.02,no
title,2025,Tottenham,1763442000,0.0,0.02,no
title,2025,Tottenham,1763528400,0.0,0.02,no
title,2025,Tottenham,1763614800,0.0,0.01,no
title,2025,Tottenham,1763701200,0.0,0.01,no
title,2025,Tottenham,1763787600,0.0,0.01,no
title,2025,Tottenham,1763874000,0.0,0.02,no
title,2025,Tottenham,1763960400,0.0,0.02,no
title,2025,Tottenham,1764046800,0.0,0.01,no
title,2025,Tottenham,1764133200,0.0,0.01,no
title,2025,Tottenham,1764219600,0.0,0.01,no
title,2025,Tottenham,1764306000,0.0,0.01,no
title,2025,Tottenham,1764392400,0.0,0.01,no
title,2025,Tottenham,1764478800,0.0,0.01,no
title,2025,Tottenham,1764565200,0.0,0.01,no
title,2025,Tottenham,1764651600,0.0,0.01,no
title,2025,Tottenham,1764738000,0.0,0.01,no
title,2025,Tottenham,1764824400,0.0,0.01,no
title,2025,Tottenham,1764910800,0.0,0.01,no
title,2025,Tottenham,1764997200,0.0,0.01,no
title,2025,Tottenham,1765083600,0.0,0.01,no
title,2025,Tottenham,1765170000,0.0,0.01,no
title,2025,Tottenham,1765256400,0.0,0.01,no
title,2025,Tottenham,1765342800,0.0,0.01,no
title,2025,Tottenham,1765429200,0.0,0.01,no
title,2025,Tottenham,1765515600,0.0,0.01,no
title,2025,Tottenham,1765602000,0.0,0.01,no
title,2025,Tottenham,1765688400,0.0,0.01,no
title,2025,Tottenham,1765774800,0.0,0.01,no
title,2025,Tottenham,1765861200,0.0,0.01,no
title,2025,Tottenham,1765947600,0.0,0.01,no
title,2025,Tottenham,1766034000,0.0,0.01,no
title,2025,Tottenham,1766120400,0.0,0.01,no
title,2025,Tottenham,1766206800,0.0,0.01,no
title,2025,Tottenham,1766293200,0.0,0.01,no
title,2025,Tottenham,1766379600,0.0,0.01,no
title,2025,Tottenham,1766466000,0.0,0.01,no
title,2025,Tottenham,1766552400,0.0,0.01,no
title,2025,Tottenham,1766638800,0.0,0.01,no
title,2025,Tottenham,1766725200,0.0,0.01,no
title,2025,Tottenham,1766811600,0.0,0.01,no
title,2025,Tottenham,1766898000,0.0,0.01,no
title,2025,Tottenham,1766984400,0.0,0.01,no
title,2025,Tottenham,1767070800,0.0,0.01,no
title,2025,Tottenham,1767157200,0.0,0.01,no
title,2025,Tottenham,1767243600,0.0,0.01,no
title,2025,Tottenham,1767330000,0.0,0.01,no
title,2025,Tottenham,1767416400,0.0,0.01,no
title,2025,Tottenham,1767502800,0.0,0.01,no
title,2025,Tottenham,1767589200,0.0,0.01,no
title,2025,Tottenham,1767675600,0.0,0.01,no
title,2025,Tottenham,1767762000,0.0,0.01,no
title,2025,Tottenham,1767848400,0.0,0.01,no
title,2025,Tottenham,1767934800,0.0,0.01,no
title,2025,Tottenham,1768021200,0.0,0.01,no
title,2025,Tottenham,1768107600,0.0,0.01,no
title,2025,Tottenham,1768194000,0.0,0.01,no
title,2025,Tottenham,1768280400,0.0,0.01,no
title,2025,Tottenham,1768366800,0.0,0.01,no
title,2025,Tottenham,1768453200,0.0,0.01,no
title,2025,Tottenham,1768539600,0.0,0.01,no
title,2025,Tottenham,1768626000,0.0,0.01,no
title,2025,Tottenham,1768712400,0.0,0.01,no
title,2025,Tottenham,1768798800,0.0,0.01,no
title,2025,Tottenham,1768885200,0.0,0.01,no
title,2025,Tottenham,1768971600,0.0,0.01,no
title,2025,Tottenham,1769058000,0.0,0.01,no
title,2025,Tottenham,1769144400,0.0,0.01,no
title,2025,Tottenham,1769230800,0.0,0.01,no
title,2025,Tottenham,1769317200,0.0,0.01,no
title,2025,Tottenham,1769403600,0.0,0.01,no
title,2025,Tottenham,1769490000,0.0,0.01,no
title,2025,Tottenham,1769576400,0.0,0.01,no
title,2025,Tottenham,1769662800,0.0,0.01,no
title,2025,Tottenham,1769749200,0.0,0.01,no
title,2025,Tottenham,1769835600,0.0,0.01,no
title,2025,Tottenham,1769922000,0.0,0.01,no
title,2025,Tottenham,1770008400,0.0,0.01,no
title,2025,Tottenham,1770094800,0.0,0.01,no
title,2025,Tottenham,1770181200,0.0,0.01,no
title,2025,Tottenham,1770267600,0.0,0.01,no
title,2025,Tottenham,1770354000,0.0,0.01,no
title,2025,Tottenham,1770440400,0.0,0.01,no
title,2025,Tottenham,1770526800,0.0,0.01,no
title,2025,Tottenham,1770613200,0.0,0.01,no
title,2025,Tottenham,1770699600,0.0,0.01,no
title,2025,Tottenham,1770958800,0.0,0.01,no
title,2025,Tottenham,1771045200,0.0,0.01,no
title,2025,Tottenham,1771131600,0.0,0.01,no
title,2025,Tottenham,1771218000,0.0,0.01,no
title,2025,Tottenham,1771304400,0.0,0.01,no
title,2025,Tottenham,1771390800,0.0,0.01,no
title,2025,Tottenham,1771477200,0.0,0.01,no
title,2025,Tottenham,1771563600,0.0,0.01,no
title,2025,Tottenham,1771650000,0.0,0.01,no
title,2025,Tottenham,1771736400,0.0,0.01,no
title,2025,Tottenham,1771822800,0.0,0.01,no
title,2025,Tottenham,1771909200,0.0,0.01,no
title,2025,Tottenham,1771995600,0.0,0.01,no
title,2025,Tottenham,1772082000,0.0,0.01,no
title,2025,Tottenham,1772168400,0.0,0.01,no
title,2025,Tottenham,1772254800,0.0,0.01,no
title,2025,Tottenham,1772341200,0.0,0.01,no
title,2025,Tottenham,1772427600,0.0,0.01,no
title,2025,Tottenham,1772514000,0.0,0.01,no
title,2025,Tottenham,1772600400,0.0,0.01,no
title,2025,Tottenham,1772773200,0.0,0.01,no
title,2025,Tottenham,1772859600,0.0,0.01,no
title,2025,Tottenham,1772946000,0.0,0.01,no
title,2025,Tottenham,1773032400,0.0,0.01,no
title,2025,Tottenham,1773633600,0.0,0.01,no
title,2025,Tottenham,1773720000,0.0,0.01,no
title,2025,Tottenham,1773892800,0.0,0.01,no
title,2025,Tottenham,1774065600,0.0,0.01,no
title,2025,Tottenham,1774238400,0.0,0.01,no
title,2025,Tottenham,1774324800,0.0,0.01,no
title,2025,Tottenham,1774411200,0.0,0.01,no
title,2025,Tottenham,1774497600,0.0,0.01,no
title,2025,Tottenham,1774584000,0.0,0.01,no
title,2025,Tottenham,1774670400,0.0,0.01,no
title,2025,Tottenham,1774843200,0.0,0.01,no
title,2025,Tottenham,1774929600,0.0,0.01,no
title,2025,Tottenham,1775188800,0.0,0.01,no
title,2025,Tottenham,1775275200,0.0,0.01,no
title,2025,Tottenham,1775448000,0.0,0.01,no
title,2025,Tottenham,1775534400,0.0,0.01,no
title,2025,Tottenham,1775880000,0.0,0.01,no
title,2025,Tottenham,1775966400,0.0,0.01,no
title,2025,Tottenham,1776052800,0.0,0.01,no
title,2025,Tottenham,1776139200,0.0,0.01,no
title,2025,Tottenham,1776312000,0.0,0.01,no
title,2025,Tottenham,1776398400,0.0,0.01,no
title,2025,Tottenham,1776484800,0.0,0.01,no
title,2025,Tottenham,1776571200,0.0,0.01,no
title,2025,Tottenham,1776657600,0.0,0.01,no
title,2025,Tottenham,1776744000,0.0,0.01,no
title,2025,Tottenham,1776830400,0.0,0.01,no
title,2025,Tottenham,1776916800,0.0,0.01,no
title,2025,Tottenham,1777003200,0.0,0.01,no
title,2025,Tottenham,1777089600,0.0,0.01,no
title,2025,Tottenham,1777176000,0.0,0.01,no
title,2025,Tottenham,1777262400,0.0,0.01,no
title,2025,Tottenham,1777348800,0.0,0.01,no
title,2025,Tottenham,1777435200,0.0,0.01,no
title,2025,Tottenham,1777521600,0.0,0.01,no
title,2025,Tottenham,1777608000,0.0,0.01,no
title,2025,Tottenham,1777694400,0.0,0.01,no
title,2025,Tottenham,1777780800,0.0,0.01,no
title,2025,Tottenham,1777867200,0.0,0.01,no
title,2025,Tottenham,1777953600,0.0,0.01,no
title,2025,Tottenham,1778040000,0.0,0.01,no
title,2025,Tottenham,1778126400,0.0,0.01,no
title,2025,Tottenham,1778212800,0.0,0.01,no
title,2025,Tottenham,1778299200,0.0,0.01,no
title,2025,Tottenham,1778385600,0.0,0.01,no
title,2025,Tottenham,1778472000,0.0,0.01,no
title,2025,Tottenham,1778558400,0.0,0.01,no
title,2025,Tottenham,1778644800,0.0,0.01,no
title,2025,Tottenham,1778731200,0.0,0.01,no
title,2025,Tottenham,1778817600,0.0,0.01,no
title,2025,Tottenham,1778904000,0.0,0.01,no
title,2025,Tottenham,1778990400,0.0,0.01,no
title,2025,Tottenham,1779076800,0.0,0.01,no
title,2025,Tottenham,1779163200,0.0,0.01,no
title,2025,Tottenham,1779249600,0.0,0.01,no
title,2025,Nott'm Forest,1754107200,0.0,0.2,no
title,2025,Nott'm Forest,1754193600,0.0,0.2,no
title,2025,Nott'm Forest,1754280000,0.0,0.06,no
title,2025,Nott'm Forest,1754366400,0.0,0.01,no
title,2025,Nott'm Forest,1754452800,0.0,0.01,no
title,2025,Nott'm Forest,1754539200,0.0,0.01,no
title,2025,Nott'm Forest,1754625600,0.0,0.01,no
title,2025,Nott'm Forest,1754712000,0.0,0.01,no
title,2025,Nott'm Forest,1754798400,0.0,0.01,no
title,2025,Nott'm Forest,1754884800,0.0,0.01,no
title,2025,Nott'm Forest,1754971200,0.0,0.01,no
title,2025,Nott'm Forest,1755057600,0.0,0.01,no
title,2025,Nott'm Forest,1755144000,0.0,0.01,no
title,2025,Nott'm Forest,1755230400,0.0,0.01,no
title,2025,Nott'm Forest,1755316800,0.0,0.01,no
title,2025,Nott'm Forest,1755403200,0.0,0.01,no
title,2025,Nott'm Forest,1755489600,0.0,0.01,no
title,2025,Nott'm Forest,1755576000,0.0,0.01,no
title,2025,Nott'm Forest,1755662400,0.0,0.01,no
title,2025,Nott'm Forest,1755748800,0.0,0.01,no
title,2025,Nott'm Forest,1755835200,0.0,0.01,no
title,2025,Nott'm Forest,1755921600,0.0,0.01,no
title,2025,Nott'm Forest,1756008000,0.0,0.01,no
title,2025,Nott'm Forest,1756094400,0.0,0.01,no
title,2025,Nott'm Forest,1756180800,0.0,0.01,no
title,2025,Nott'm Forest,1756267200,0.0,0.01,no
title,2025,Nott'm Forest,1756353600,0.0,0.01,no
title,2025,Nott'm Forest,1756440000,0.0,0.01,no
title,2025,Nott'm Forest,1756526400,0.0,0.01,no
title,2025,Nott'm Forest,1756612800,0.0,0.01,no
title,2025,Nott'm Forest,1756699200,0.0,0.01,no
title,2025,Nott'm Forest,1756785600,0.0,0.01,no
title,2025,Nott'm Forest,1756872000,0.0,0.01,no
title,2025,Nott'm Forest,1756958400,0.0,0.01,no
title,2025,Nott'm Forest,1757044800,0.0,0.01,no
title,2025,Nott'm Forest,1757131200,0.0,0.01,no
title,2025,Nott'm Forest,1757217600,0.0,0.01,no
title,2025,Nott'm Forest,1757304000,0.0,0.01,no
title,2025,Nott'm Forest,1757390400,0.0,0.01,no
title,2025,Nott'm Forest,1757476800,0.0,0.01,no
title,2025,Nott'm Forest,1757563200,0.0,0.01,no
title,2025,Nott'm Forest,1757649600,0.0,0.01,no
title,2025,Nott'm Forest,1757736000,0.0,0.01,no
title,2025,Nott'm Forest,1757822400,0.0,0.01,no
title,2025,Nott'm Forest,1757908800,0.0,0.01,no
title,2025,Nott'm Forest,1757995200,0.0,0.01,no
title,2025,Nott'm Forest,1758081600,0.0,0.01,no
title,2025,Nott'm Forest,1758168000,0.0,0.01,no
title,2025,Nott'm Forest,1758254400,0.0,0.01,no
title,2025,Nott'm Forest,1758340800,0.0,0.01,no
title,2025,Nott'm Forest,1758427200,0.0,0.01,no
title,2025,Nott'm Forest,1758513600,0.0,0.01,no
title,2025,Nott'm Forest,1758600000,0.0,0.01,no
title,2025,Nott'm Forest,1758686400,0.0,0.01,no
title,2025,Nott'm Forest,1758772800,0.0,0.01,no
title,2025,Nott'm Forest,1758859200,0.0,0.01,no
title,2025,Nott'm Forest,1758945600,0.0,0.01,no
title,2025,Nott'm Forest,1759032000,0.0,0.01,no
title,2025,Nott'm Forest,1759118400,0.0,0.01,no
title,2025,Nott'm Forest,1759204800,0.0,0.01,no
title,2025,Nott'm Forest,1759291200,0.0,0.01,no
title,2025,Nott'm Forest,1759377600,0.0,0.01,no
title,2025,Nott'm Forest,1759464000,0.0,0.01,no
title,2025,Nott'm Forest,1759550400,0.0,0.01,no
title,2025,Nott'm Forest,1759636800,0.0,0.01,no
title,2025,Nott'm Forest,1759723200,0.0,0.01,no
title,2025,Nott'm Forest,1759809600,0.0,0.01,no
title,2025,Nott'm Forest,1759896000,0.0,0.01,no
title,2025,Nott'm Forest,1759982400,0.0,0.01,no
title,2025,Nott'm Forest,1760068800,0.0,0.01,no
title,2025,Nott'm Forest,1760155200,0.0,0.01,no
title,2025,Nott'm Forest,1760241600,0.0,0.01,no
title,2025,Nott'm Forest,1760328000,0.0,0.01,no
title,2025,Nott'm Forest,1760414400,0.0,0.01,no
title,2025,Nott'm Forest,1760500800,0.0,0.01,no
title,2025,Nott'm Forest,1760587200,0.0,0.01,no
title,2025,Nott'm Forest,1760673600,0.0,0.01,no
title,2025,Nott'm Forest,1760760000,0.0,0.01,no
title,2025,Nott'm Forest,1760846400,0.0,0.01,no
title,2025,Nott'm Forest,1760932800,0.0,0.01,no
title,2025,Nott'm Forest,1761019200,0.0,0.01,no
title,2025,Nott'm Forest,1761105600,0.0,0.01,no
title,2025,Nott'm Forest,1761192000,0.0,0.01,no
title,2025,Nott'm Forest,1761278400,0.0,0.01,no
title,2025,Nott'm Forest,1761364800,0.0,0.01,no
title,2025,Nott'm Forest,1761451200,0.0,0.01,no
title,2025,Nott'm Forest,1761537600,0.0,0.01,no
title,2025,Nott'm Forest,1761624000,0.0,0.01,no
title,2025,Nott'm Forest,1761710400,0.0,0.01,no
title,2025,Nott'm Forest,1761796800,0.0,0.01,no
title,2025,Nott'm Forest,1761883200,0.0,0.01,no
title,2025,Nott'm Forest,1761969600,0.0,0.01,no
title,2025,Nott'm Forest,1762056000,0.0,0.01,no
title,2025,Nott'm Forest,1762142400,0.0,0.01,no
title,2025,Nott'm Forest,1762232400,0.0,0.01,no
title,2025,Nott'm Forest,1762318800,0.0,0.01,no
title,2025,Nott'm Forest,1762405200,0.0,0.01,no
title,2025,Nott'm Forest,1762491600,0.0,0.01,no
title,2025,Nott'm Forest,1762578000,0.0,0.01,no
title,2025,Nott'm Forest,1762664400,0.0,0.01,no
title,2025,Nott'm Forest,1762750800,0.0,0.01,no
title,2025,Nott'm Forest,1762837200,0.0,0.01,no
title,2025,Nott'm Forest,1762923600,0.0,0.01,no
title,2025,Nott'm Forest,1763010000,0.0,0.01,no
title,2025,Nott'm Forest,1763096400,0.0,0.01,no
title,2025,Nott'm Forest,1763182800,0.0,0.01,no
title,2025,Nott'm Forest,1763269200,0.0,0.01,no
title,2025,Nott'm Forest,1763355600,0.0,0.01,no
title,2025,Nott'm Forest,1763442000,0.0,0.01,no
title,2025,Nott'm Forest,1763528400,0.0,0.01,no
title,2025,Nott'm Forest,1763614800,0.0,0.01,no
title,2025,Nott'm Forest,1763701200,0.0,0.01,no
title,2025,Nott'm Forest,1763787600,0.0,0.01,no
title,2025,Nott'm Forest,1763874000,0.0,0.01,no
title,2025,Nott'm Forest,1763960400,0.0,0.01,no
title,2025,Nott'm Forest,1764046800,0.0,0.01,no
title,2025,Nott'm Forest,1764133200,0.0,0.01,no
title,2025,Nott'm Forest,1764219600,0.0,0.01,no
title,2025,Nott'm Forest,1764306000,0.0,0.01,no
title,2025,Nott'm Forest,1764392400,0.0,0.01,no
title,2025,Nott'm Forest,1764478800,0.0,0.01,no
title,2025,Nott'm Forest,1764565200,0.0,0.01,no
title,2025,Nott'm Forest,1764651600,0.0,0.01,no
title,2025,Nott'm Forest,1764738000,0.0,0.01,no
title,2025,Nott'm Forest,1764824400,0.0,0.01,no
title,2025,Nott'm Forest,1764910800,0.0,0.01,no
title,2025,Nott'm Forest,1764997200,0.0,0.01,no
title,2025,Nott'm Forest,1765083600,0.0,0.01,no
title,2025,Nott'm Forest,1765170000,0.0,0.01,no
title,2025,Nott'm Forest,1765256400,0.0,0.01,no
title,2025,Nott'm Forest,1765342800,0.0,0.01,no
title,2025,Nott'm Forest,1765429200,0.0,0.01,no
title,2025,Nott'm Forest,1765515600,0.0,0.01,no
title,2025,Nott'm Forest,1765602000,0.0,0.01,no
title,2025,Nott'm Forest,1765688400,0.0,0.01,no
title,2025,Nott'm Forest,1765774800,0.0,0.01,no
title,2025,Nott'm Forest,1765861200,0.0,0.01,no
title,2025,Nott'm Forest,1765947600,0.0,0.01,no
title,2025,Nott'm Forest,1766034000,0.0,0.01,no
title,2025,Nott'm Forest,1766120400,0.0,0.01,no
title,2025,Nott'm Forest,1766206800,0.0,0.01,no
title,2025,Nott'm Forest,1766293200,0.0,0.01,no
title,2025,Nott'm Forest,1766379600,0.0,0.01,no
title,2025,Nott'm Forest,1766466000,0.0,0.01,no
title,2025,Nott'm Forest,1766552400,0.0,0.01,no
title,2025,Nott'm Forest,1766638800,0.0,0.01,no
title,2025,Nott'm Forest,1766725200,0.0,0.01,no
title,2025,Nott'm Forest,1766811600,0.0,0.01,no
title,2025,Nott'm Forest,1766898000,0.0,0.01,no
title,2025,Nott'm Forest,1766984400,0.0,0.01,no
title,2025,Nott'm Forest,1767070800,0.0,0.01,no
title,2025,Nott'm Forest,1767157200,0.0,0.01,no
title,2025,Nott'm Forest,1767243600,0.0,0.01,no
title,2025,Nott'm Forest,1767330000,0.0,0.01,no
title,2025,Nott'm Forest,1767416400,0.0,0.01,no
title,2025,Nott'm Forest,1767502800,0.0,0.01,no
title,2025,Nott'm Forest,1767589200,0.0,0.01,no
title,2025,Nott'm Forest,1767675600,0.0,0.01,no
title,2025,Nott'm Forest,1767762000,0.0,0.01,no
title,2025,Nott'm Forest,1767848400,0.0,0.01,no
title,2025,Nott'm Forest,1767934800,0.0,0.01,no
title,2025,Nott'm Forest,1768021200,0.0,0.01,no
title,2025,Nott'm Forest,1768107600,0.0,0.01,no
title,2025,Nott'm Forest,1768194000,0.0,0.01,no
title,2025,Nott'm Forest,1768280400,0.0,0.01,no
title,2025,Nott'm Forest,1768366800,0.0,0.01,no
title,2025,Nott'm Forest,1768453200,0.0,0.01,no
title,2025,Nott'm Forest,1768539600,0.0,0.01,no
title,2025,Nott'm Forest,1768626000,0.0,0.01,no
title,2025,Nott'm Forest,1768712400,0.0,0.01,no
title,2025,Nott'm Forest,1768798800,0.0,0.01,no
title,2025,Nott'm Forest,1768885200,0.0,0.01,no
title,2025,Nott'm Forest,1768971600,0.0,0.01,no
title,2025,Nott'm Forest,1769058000,0.0,0.01,no
title,2025,Nott'm Forest,1769144400,0.0,0.01,no
title,2025,Nott'm Forest,1769230800,0.0,0.01,no
title,2025,Nott'm Forest,1769317200,0.0,0.01,no
title,2025,Nott'm Forest,1769403600,0.0,0.01,no
title,2025,Nott'm Forest,1769490000,0.0,0.01,no
title,2025,Nott'm Forest,1769576400,0.0,0.01,no
title,2025,Nott'm Forest,1769662800,0.0,0.01,no
title,2025,Nott'm Forest,1769749200,0.0,0.01,no
title,2025,Nott'm Forest,1769835600,0.0,0.01,no
title,2025,Nott'm Forest,1769922000,0.0,0.01,no
title,2025,Nott'm Forest,1770008400,0.0,0.01,no
title,2025,Nott'm Forest,1770094800,0.0,0.01,no
title,2025,Nott'm Forest,1770181200,0.0,0.01,no
title,2025,Nott'm Forest,1770267600,0.0,0.01,no
title,2025,Nott'm Forest,1770354000,0.0,0.01,no
title,2025,Nott'm Forest,1770440400,0.0,0.01,no
title,2025,Nott'm Forest,1770526800,0.0,0.01,no
title,2025,Nott'm Forest,1770613200,0.0,0.01,no
title,2025,Nott'm Forest,1770699600,0.0,0.01,no
title,2025,Nott'm Forest,1770958800,0.0,0.01,no
title,2025,Nott'm Forest,1771045200,0.0,0.01,no
title,2025,Nott'm Forest,1771131600,0.0,0.01,no
title,2025,Nott'm Forest,1771218000,0.0,0.01,no
title,2025,Nott'm Forest,1771304400,0.0,0.01,no
title,2025,Nott'm Forest,1771390800,0.0,0.01,no
title,2025,Nott'm Forest,1771477200,0.0,0.01,no
title,2025,Nott'm Forest,1771563600,0.0,0.01,no
title,2025,Nott'm Forest,1771650000,0.0,0.01,no
title,2025,Nott'm Forest,1771736400,0.0,0.01,no
title,2025,Nott'm Forest,1771822800,0.0,0.01,no
title,2025,Nott'm Forest,1771909200,0.0,0.01,no
title,2025,Nott'm Forest,1772254800,0.0,0.01,no
title,2025,Nott'm Forest,1772341200,0.0,0.01,no
title,2025,Nott'm Forest,1772600400,0.0,0.01,no
title,2025,Nott'm Forest,1772773200,0.0,0.01,no
title,2025,Nott'm Forest,1772859600,0.0,0.01,no
title,2025,Nott'm Forest,1773032400,0.0,0.01,no
title,2025,Nott'm Forest,1773633600,0.0,0.01,no
title,2025,Nott'm Forest,1773720000,0.0,0.01,no
title,2025,Nott'm Forest,1773892800,0.0,0.01,no
title,2025,Nott'm Forest,1774065600,0.0,0.01,no
title,2025,Nott'm Forest,1774238400,0.0,0.01,no
title,2025,Nott'm Forest,1774324800,0.0,0.01,no
title,2025,Nott'm Forest,1774411200,0.0,0.01,no
title,2025,Nott'm Forest,1774497600,0.0,0.01,no
title,2025,Nott'm Forest,1774584000,0.0,0.01,no
title,2025,Nott'm Forest,1774670400,0.0,0.01,no
title,2025,Nott'm Forest,1774843200,0.0,0.01,no
title,2025,Nott'm Forest,1774929600,0.0,0.01,no
title,2025,Nott'm Forest,1775188800,0.0,0.01,no
title,2025,Nott'm Forest,1775275200,0.0,0.01,no
title,2025,Nott'm Forest,1775448000,0.0,0.01,no
title,2025,Nott'm Forest,1775880000,0.0,0.01,no
title,2025,Nott'm Forest,1775966400,0.0,0.01,no
title,2025,Nott'm Forest,1776139200,0.0,0.01,no
title,2025,Nott'm Forest,1776312000,0.0,0.01,no
title,2025,Nott'm Forest,1776398400,0.0,0.01,no
title,2025,Nott'm Forest,1776484800,0.0,0.01,no
title,2025,Nott'm Forest,1776571200,0.0,0.01,no
title,2025,Nott'm Forest,1776657600,0.0,0.01,no
title,2025,Nott'm Forest,1776744000,0.0,0.01,no
title,2025,Nott'm Forest,1776830400,0.0,0.01,no
title,2025,Nott'm Forest,1776916800,0.0,0.01,no
title,2025,Nott'm Forest,1777003200,0.0,0.01,no
title,2025,Nott'm Forest,1777089600,0.0,0.01,no
title,2025,Nott'm Forest,1777176000,0.0,0.01,no
title,2025,Nott'm Forest,1777262400,0.0,0.01,no
title,2025,Nott'm Forest,1777348800,0.0,0.01,no
title,2025,Nott'm Forest,1777435200,0.0,0.01,no
title,2025,Nott'm Forest,1777521600,0.0,0.01,no
title,2025,Nott'm Forest,1777608000,0.0,0.01,no
title,2025,Nott'm Forest,1777694400,0.0,0.01,no
title,2025,Nott'm Forest,1777780800,0.0,0.01,no
title,2025,Nott'm Forest,1777867200,0.0,0.01,no
title,2025,Nott'm Forest,1777953600,0.0,0.01,no
title,2025,Nott'm Forest,1778040000,0.0,0.01,no
title,2025,Nott'm Forest,1778126400,0.0,0.01,no
title,2025,Nott'm Forest,1778212800,0.0,0.01,no
title,2025,Nott'm Forest,1778299200,0.0,0.01,no
title,2025,Nott'm Forest,1778385600,0.0,0.01,no
title,2025,Nott'm Forest,1778472000,0.0,0.01,no
title,2025,Nott'm Forest,1778558400,0.0,0.01,no
title,2025,Nott'm Forest,1778644800,0.0,0.01,no
title,2025,Nott'm Forest,1778731200,0.0,0.01,no
title,2025,Nott'm Forest,1778817600,0.0,0.01,no
title,2025,Nott'm Forest,1778904000,0.0,0.01,no
title,2025,Nott'm Forest,1778990400,0.0,0.01,no
title,2025,Nott'm Forest,1779076800,0.0,0.01,no
title,2025,Nott'm Forest,1779163200,0.0,0.01,no
title,2025,Nott'm Forest,1779249600,0.0,0.01,no
title,2025,Newcastle,1754107200,0.0,0.3,no
title,2025,Newcastle,1754193600,0.0,0.2,no
title,2025,Newcastle,1754280000,0.0,0.06,no
title,2025,Newcastle,1754366400,0.0,0.04,no
title,2025,Newcastle,1754452800,0.0,0.04,no
title,2025,Newcastle,1754539200,0.0,0.04,no
title,2025,Newcastle,1754625600,0.0,0.02,no
title,2025,Newcastle,1754712000,0.0,0.02,no
title,2025,Newcastle,1754798400,0.0,0.02,no
title,2025,Newcastle,1754884800,0.0,0.02,no
title,2025,Newcastle,1754971200,0.0,0.02,no
title,2025,Newcastle,1755057600,0.0,0.01,no
title,2025,Newcastle,1755144000,0.0,0.01,no
title,2025,Newcastle,1755230400,0.0,0.01,no
title,2025,Newcastle,1755316800,0.0,0.02,no
title,2025,Newcastle,1755403200,0.0,0.02,no
title,2025,Newcastle,1755489600,0.0,0.01,no
title,2025,Newcastle,1755576000,0.0,0.01,no
title,2025,Newcastle,1755662400,0.01,0.02,no
title,2025,Newcastle,1755748800,0.0,0.01,no
title,2025,Newcastle,1755835200,0.0,0.01,no
title,2025,Newcastle,1755921600,0.0,0.01,no
title,2025,Newcastle,1756008000,0.0,0.01,no
title,2025,Newcastle,1756094400,0.0,0.01,no
title,2025,Newcastle,1756180800,0.0,0.02,no
title,2025,Newcastle,1756267200,0.0,0.01,no
title,2025,Newcastle,1756353600,0.0,0.01,no
title,2025,Newcastle,1756440000,0.0,0.01,no
title,2025,Newcastle,1756526400,0.0,0.01,no
title,2025,Newcastle,1756612800,0.0,0.01,no
title,2025,Newcastle,1756699200,0.0,0.01,no
title,2025,Newcastle,1756785600,0.0,0.01,no
title,2025,Newcastle,1756872000,0.0,0.01,no
title,2025,Newcastle,1756958400,0.0,0.01,no
title,2025,Newcastle,1757044800,0.0,0.01,no
title,2025,Newcastle,1757131200,0.0,0.01,no
title,2025,Newcastle,1757217600,0.0,0.01,no
title,2025,Newcastle,1757304000,0.0,0.01,no
title,2025,Newcastle,1757390400,0.0,0.01,no
title,2025,Newcastle,1757476800,0.0,0.01,no
title,2025,Newcastle,1757563200,0.0,0.01,no
title,2025,Newcastle,1757649600,0.0,0.01,no
title,2025,Newcastle,1757736000,0.0,0.01,no
title,2025,Newcastle,1757822400,0.0,0.01,no
title,2025,Newcastle,1757908800,0.0,0.01,no
title,2025,Newcastle,1757995200,0.0,0.01,no
title,2025,Newcastle,1758081600,0.0,0.01,no
title,2025,Newcastle,1758168000,0.0,0.01,no
title,2025,Newcastle,1758254400,0.0,0.01,no
title,2025,Newcastle,1758340800,0.0,0.01,no
title,2025,Newcastle,1758427200,0.0,0.01,no
title,2025,Newcastle,1758513600,0.0,0.01,no
title,2025,Newcastle,1758600000,0.0,0.01,no
title,2025,Newcastle,1758686400,0.0,0.01,no
title,2025,Newcastle,1758772800,0.0,0.01,no
title,2025,Newcastle,1758859200,0.0,0.01,no
title,2025,Newcastle,1758945600,0.0,0.01,no
title,2025,Newcastle,1759032000,0.0,0.01,no
title,2025,Newcastle,1759118400,0.0,0.01,no
title,2025,Newcastle,1759204800,0.0,0.01,no
title,2025,Newcastle,1759291200,0.0,0.01,no
title,2025,Newcastle,1759377600,0.0,0.01,no
title,2025,Newcastle,1759464000,0.0,0.01,no
title,2025,Newcastle,1759550400,0.0,0.01,no
title,2025,Newcastle,1759636800,0.0,0.01,no
title,2025,Newcastle,1759723200,0.0,0.01,no
title,2025,Newcastle,1759809600,0.0,0.01,no
title,2025,Newcastle,1759896000,0.0,0.01,no
title,2025,Newcastle,1759982400,0.0,0.01,no
title,2025,Newcastle,1760068800,0.0,0.01,no
title,2025,Newcastle,1760155200,0.0,0.01,no
title,2025,Newcastle,1760241600,0.0,0.01,no
title,2025,Newcastle,1760328000,0.0,0.01,no
title,2025,Newcastle,1760414400,0.0,0.01,no
title,2025,Newcastle,1760500800,0.0,0.01,no
title,2025,Newcastle,1760587200,0.0,0.01,no
title,2025,Newcastle,1760673600,0.0,0.01,no
title,2025,Newcastle,1760760000,0.0,0.01,no
title,2025,Newcastle,1760846400,0.0,0.01,no
title,2025,Newcastle,1760932800,0.0,0.01,no
title,2025,Newcastle,1761019200,0.0,0.01,no
title,2025,Newcastle,1761105600,0.0,0.01,no
title,2025,Newcastle,1761192000,0.0,0.01,no
title,2025,Newcastle,1761278400,0.0,0.01,no
title,2025,Newcastle,1761364800,0.0,0.01,no
title,2025,Newcastle,1761451200,0.0,0.01,no
title,2025,Newcastle,1761537600,0.0,0.01,no
title,2025,Newcastle,1761624000,0.0,0.01,no
title,2025,Newcastle,1761710400,0.0,0.01,no
title,2025,Newcastle,1761796800,0.0,0.01,no
title,2025,Newcastle,1761883200,0.0,0.01,no
title,2025,Newcastle,1761969600,0.0,0.01,no
title,2025,Newcastle,1762056000,0.0,0.01,no
title,2025,Newcastle,1762142400,0.0,0.01,no
title,2025,Newcastle,1762232400,0.0,0.01,no
title,2025,Newcastle,1762318800,0.0,0.01,no
title,2025,Newcastle,1762405200,0.0,0.01,no
title,2025,Newcastle,1762491600,0.0,0.01,no
title,2025,Newcastle,1762578000,0.0,0.01,no
title,2025,Newcastle,1762664400,0.0,0.01,no
title,2025,Newcastle,1762750800,0.0,0.01,no
title,2025,Newcastle,1762837200,0.0,0.01,no
title,2025,Newcastle,1762923600,0.0,0.01,no
title,2025,Newcastle,1763010000,0.0,0.01,no
title,2025,Newcastle,1763096400,0.0,0.01,no
title,2025,Newcastle,1763182800,0.0,0.01,no
title,2025,Newcastle,1763269200,0.0,0.01,no
title,2025,Newcastle,1763355600,0.0,0.01,no
title,2025,Newcastle,1763442000,0.0,0.01,no
title,2025,Newcastle,1763528400,0.0,0.01,no
title,2025,Newcastle,1763614800,0.0,0.01,no
title,2025,Newcastle,1763701200,0.0,0.01,no
title,2025,Newcastle,1763787600,0.0,0.01,no
title,2025,Newcastle,1763874000,0.0,0.01,no
title,2025,Newcastle,1763960400,0.0,0.01,no
title,2025,Newcastle,1764046800,0.0,0.01,no
title,2025,Newcastle,1764133200,0.0,0.01,no
title,2025,Newcastle,1764219600,0.0,0.01,no
title,2025,Newcastle,1764306000,0.0,0.01,no
title,2025,Newcastle,1764392400,0.0,0.01,no
title,2025,Newcastle,1764478800,0.0,0.01,no
title,2025,Newcastle,1764565200,0.0,0.01,no
title,2025,Newcastle,1764651600,0.0,0.01,no
title,2025,Newcastle,1764738000,0.0,0.01,no
title,2025,Newcastle,1764824400,0.0,0.01,no
title,2025,Newcastle,1764910800,0.0,0.01,no
title,2025,Newcastle,1764997200,0.0,0.01,no
title,2025,Newcastle,1765083600,0.0,0.01,no
title,2025,Newcastle,1765170000,0.0,0.01,no
title,2025,Newcastle,1765256400,0.0,0.01,no
title,2025,Newcastle,1765342800,0.0,0.01,no
title,2025,Newcastle,1765429200,0.0,0.01,no
title,2025,Newcastle,1765515600,0.0,0.01,no
title,2025,Newcastle,1765602000,0.0,0.01,no
title,2025,Newcastle,1765688400,0.0,0.01,no
title,2025,Newcastle,1765774800,0.0,0.01,no
title,2025,Newcastle,1765861200,0.0,0.01,no
title,2025,Newcastle,1765947600,0.0,0.01,no
title,2025,Newcastle,1766034000,0.0,0.01,no
title,2025,Newcastle,1766120400,0.0,0.01,no
title,2025,Newcastle,1766206800,0.0,0.01,no
title,2025,Newcastle,1766293200,0.0,0.01,no
title,2025,Newcastle,1766379600,0.0,0.01,no
title,2025,Newcastle,1766466000,0.0,0.01,no
title,2025,Newcastle,1766552400,0.0,0.01,no
title,2025,Newcastle,1766638800,0.0,0.01,no
title,2025,Newcastle,1766725200,0.0,0.01,no
title,2025,Newcastle,1766811600,0.0,0.01,no
title,2025,Newcastle,1766898000,0.0,0.01,no
title,2025,Newcastle,1766984400,0.0,0.01,no
title,2025,Newcastle,1767070800,0.0,0.01,no
title,2025,Newcastle,1767157200,0.0,0.01,no
title,2025,Newcastle,1767243600,0.0,0.01,no
title,2025,Newcastle,1767330000,0.0,0.01,no
title,2025,Newcastle,1767416400,0.0,0.01,no
title,2025,Newcastle,1767502800,0.0,0.01,no
title,2025,Newcastle,1767589200,0.0,0.01,no
title,2025,Newcastle,1767675600,0.0,0.01,no
title,2025,Newcastle,1767762000,0.0,0.01,no
title,2025,Newcastle,1767848400,0.0,0.01,no
title,2025,Newcastle,1767934800,0.0,0.01,no
title,2025,Newcastle,1768021200,0.0,0.01,no
title,2025,Newcastle,1768107600,0.0,0.01,no
title,2025,Newcastle,1768194000,0.0,0.01,no
title,2025,Newcastle,1768280400,0.0,0.01,no
title,2025,Newcastle,1768366800,0.0,0.01,no
title,2025,Newcastle,1768453200,0.0,0.01,no
title,2025,Newcastle,1768539600,0.0,0.01,no
title,2025,Newcastle,1768626000,0.0,0.01,no
title,2025,Newcastle,1768712400,0.0,0.01,no
title,2025,Newcastle,1768798800,0.0,0.01,no
title,2025,Newcastle,1768885200,0.0,0.01,no
title,2025,Newcastle,1768971600,0.0,0.01,no
title,2025,Newcastle,1769058000,0.0,0.01,no
title,2025,Newcastle,1769144400,0.0,0.01,no
title,2025,Newcastle,1769230800,0.0,0.01,no
title,2025,Newcastle,1769317200,0.0,0.01,no
title,2025,Newcastle,1769403600,0.0,0.01,no
title,2025,Newcastle,1769490000,0.0,0.01,no
title,2025,Newcastle,1769576400,0.0,0.01,no
title,2025,Newcastle,1769662800,0.0,0.01,no
title,2025,Newcastle,1769749200,0.0,0.01,no
title,2025,Newcastle,1769835600,0.0,0.01,no
title,2025,Newcastle,1769922000,0.0,0.01,no
title,2025,Newcastle,1770008400,0.0,0.01,no
title,2025,Newcastle,1770094800,0.0,0.01,no
title,2025,Newcastle,1770181200,0.0,0.01,no
title,2025,Newcastle,1770267600,0.0,0.01,no
title,2025,Newcastle,1770354000,0.0,0.01,no
title,2025,Newcastle,1770440400,0.0,0.01,no
title,2025,Newcastle,1770526800,0.0,0.01,no
title,2025,Newcastle,1770613200,0.0,0.01,no
title,2025,Newcastle,1770699600,0.0,0.01,no
title,2025,Newcastle,1770958800,0.0,0.01,no
title,2025,Newcastle,1771045200,0.0,0.01,no
title,2025,Newcastle,1771131600,0.0,0.01,no
title,2025,Newcastle,1771218000,0.0,0.01,no
title,2025,Newcastle,1771304400,0.0,0.01,no
title,2025,Newcastle,1771390800,0.0,0.01,no
title,2025,Newcastle,1771477200,0.0,0.01,no
title,2025,Newcastle,1771563600,0.0,0.01,no
title,2025,Newcastle,1771650000,0.0,0.01,no
title,2025,Newcastle,1771736400,0.0,0.01,no
title,2025,Newcastle,1771822800,0.0,0.01,no
title,2025,Newcastle,1771909200,0.0,0.01,no
title,2025,Newcastle,1771995600,0.0,0.01,no
title,2025,Newcastle,1772082000,0.0,0.01,no
title,2025,Newcastle,1772168400,0.0,0.01,no
title,2025,Newcastle,1772254800,0.0,0.01,no
title,2025,Newcastle,1772341200,0.0,0.01,no
title,2025,Newcastle,1772427600,0.0,0.01,no
title,2025,Newcastle,1772514000,0.0,0.01,no
title,2025,Newcastle,1772600400,0.0,0.01,no
title,2025,Newcastle,1772773200,0.0,0.01,no
title,2025,Newcastle,1772859600,0.0,0.01,no
title,2025,Newcastle,1773032400,0.0,0.01,no
title,2025,Newcastle,1773633600,0.0,0.01,no
title,2025,Newcastle,1773720000,0.0,0.01,no
title,2025,Newcastle,1774065600,0.0,0.01,no
title,2025,Newcastle,1774152000,0.0,0.01,no
title,2025,Newcastle,1774238400,0.0,0.01,no
title,2025,Newcastle,1774324800,0.0,0.01,no
title,2025,Newcastle,1774411200,0.0,0.01,no
title,2025,Newcastle,1774497600,0.0,0.01,no
title,2025,Newcastle,1774584000,0.0,0.01,no
title,2025,Newcastle,1774670400,0.0,0.01,no
title,2025,Newcastle,1774756800,0.0,0.01,no
title,2025,Newcastle,1774843200,0.0,0.01,no
title,2025,Newcastle,1774929600,0.0,0.01,no
title,2025,Newcastle,1775188800,0.0,0.01,no
title,2025,Newcastle,1775275200,0.0,0.01,no
title,2025,Newcastle,1775361600,0.0,0.01,no
title,2025,Newcastle,1775448000,0.0,0.01,no
title,2025,Newcastle,1775534400,0.0,0.01,no
title,2025,Newcastle,1775880000,0.0,0.01,no
title,2025,Newcastle,1775966400,0.0,0.01,no
title,2025,Newcastle,1776139200,0.0,0.01,no
title,2025,Newcastle,1776312000,0.0,0.01,no
title,2025,Newcastle,1776398400,0.0,0.01,no
title,2025,Newcastle,1776484800,0.0,0.01,no
title,2025,Newcastle,1776571200,0.0,0.01,no
title,2025,Newcastle,1776657600,0.0,0.01,no
title,2025,Newcastle,1776744000,0.0,0.01,no
title,2025,Newcastle,1776830400,0.0,0.01,no
title,2025,Newcastle,1776916800,0.0,0.01,no
title,2025,Newcastle,1777003200,0.0,0.01,no
title,2025,Newcastle,1777089600,0.0,0.01,no
title,2025,Newcastle,1777176000,0.0,0.01,no
title,2025,Newcastle,1777262400,0.0,0.01,no
title,2025,Newcastle,1777348800,0.0,0.01,no
title,2025,Newcastle,1777435200,0.0,0.01,no
title,2025,Newcastle,1777521600,0.0,0.01,no
title,2025,Newcastle,1777608000,0.0,0.01,no
title,2025,Newcastle,1777694400,0.0,0.01,no
title,2025,Newcastle,1777780800,0.0,0.01,no
title,2025,Newcastle,1777867200,0.0,0.01,no
title,2025,Newcastle,1777953600,0.0,0.01,no
title,2025,Newcastle,1778040000,0.0,0.01,no
title,2025,Newcastle,1778126400,0.0,0.01,no
title,2025,Newcastle,1778212800,0.0,0.01,no
title,2025,Newcastle,1778299200,0.0,0.01,no
title,2025,Newcastle,1778385600,0.0,0.01,no
title,2025,Newcastle,1778472000,0.0,0.01,no
title,2025,Newcastle,1778558400,0.0,0.01,no
title,2025,Newcastle,1778644800,0.0,0.01,no
title,2025,Newcastle,1778731200,0.0,0.01,no
title,2025,Newcastle,1778817600,0.0,0.01,no
title,2025,Newcastle,1778904000,0.0,0.01,no
title,2025,Newcastle,1778990400,0.0,0.01,no
title,2025,Newcastle,1779076800,0.0,0.01,no
title,2025,Newcastle,1779163200,0.0,0.01,no
title,2025,Newcastle,1779249600,0.0,0.01,no
title,2025,Man United,1754107200,0.0,0.28,no
title,2025,Man United,1754193600,0.0,0.25,no
title,2025,Man United,1754280000,0.0,0.1,no
title,2025,Man United,1754366400,0.0,0.04,no
title,2025,Man United,1754452800,0.0,0.04,no
title,2025,Man United,1754539200,0.0,0.05,no
title,2025,Man United,1754625600,0.04,0.05,no
title,2025,Man United,1754712000,0.02,0.04,no
title,2025,Man United,1754798400,0.02,0.04,no
title,2025,Man United,1754884800,0.02,0.03,no
title,2025,Man United,1754971200,0.02,0.04,no
title,2025,Man United,1755057600,0.03,0.04,no
title,2025,Man United,1755144000,0.03,0.05,no
title,2025,Man United,1755230400,0.03,0.04,no
title,2025,Man United,1755316800,0.03,0.04,no
title,2025,Man United,1755403200,0.03,0.05,no
title,2025,Man United,1755489600,0.03,0.04,no
title,2025,Man United,1755576000,0.03,0.05,no
title,2025,Man United,1755662400,0.03,0.04,no
title,2025,Man United,1755748800,0.02,0.04,no
title,2025,Man United,1755835200,0.02,0.04,no
title,2025,Man United,1755921600,0.02,0.04,no
title,2025,Man United,1756008000,0.02,0.04,no
title,2025,Man United,1756094400,0.02,0.04,no
title,2025,Man United,1756180800,0.02,0.04,no
title,2025,Man United,1756267200,0.01,0.03,no
title,2025,Man United,1756353600,0.01,0.03,no
title,2025,Man United,1756440000,0.01,0.03,no
title,2025,Man United,1756526400,0.01,0.03,no
title,2025,Man United,1756612800,0.01,0.04,no
title,2025,Man United,1756699200,0.01,0.03,no
title,2025,Man United,1756785600,0.01,0.03,no
title,2025,Man United,1756872000,0.01,0.02,no
title,2025,Man United,1756958400,0.01,0.02,no
title,2025,Man United,1757044800,0.01,0.02,no
title,2025,Man United,1757131200,0.01,0.02,no
title,2025,Man United,1757217600,0.01,0.02,no
title,2025,Man United,1757304000,0.01,0.02,no
title,2025,Man United,1757390400,0.01,0.03,no
title,2025,Man United,1757476800,0.01,0.03,no
title,2025,Man United,1757563200,0.01,0.03,no
title,2025,Man United,1757649600,0.01,0.02,no
title,2025,Man United,1757736000,0.01,0.02,no
title,2025,Man United,1757822400,0.01,0.03,no
title,2025,Man United,1757908800,0.01,0.02,no
title,2025,Man United,1757995200,0.01,0.02,no
title,2025,Man United,1758081600,0.01,0.02,no
title,2025,Man United,1758168000,0.01,0.02,no
title,2025,Man United,1758254400,0.01,0.02,no
title,2025,Man United,1758340800,0.01,0.02,no
title,2025,Man United,1758427200,0.0,0.02,no
title,2025,Man United,1758513600,0.0,0.02,no
title,2025,Man United,1758600000,0.0,0.02,no
title,2025,Man United,1758686400,0.0,0.02,no
title,2025,Man United,1758772800,0.0,0.02,no
title,2025,Man United,1758859200,0.0,0.02,no
title,2025,Man United,1758945600,0.0,0.02,no
title,2025,Man United,1759032000,0.0,0.02,no
title,2025,Man United,1759118400,0.0,0.01,no
title,2025,Man United,1759204800,0.01,0.02,no
title,2025,Man United,1759291200,0.01,0.02,no
title,2025,Man United,1759377600,0.01,0.02,no
title,2025,Man United,1759464000,0.01,0.02,no
title,2025,Man United,1759550400,0.01,0.02,no
title,2025,Man United,1759636800,0.0,0.03,no
title,2025,Man United,1759723200,0.0,0.03,no
title,2025,Man United,1759809600,0.0,0.03,no
title,2025,Man United,1759896000,0.0,0.02,no
title,2025,Man United,1759982400,0.0,0.02,no
title,2025,Man United,1760068800,0.0,0.01,no
title,2025,Man United,1760155200,0.0,0.01,no
title,2025,Man United,1760241600,0.0,0.02,no
title,2025,Man United,1760328000,0.0,0.02,no
title,2025,Man United,1760414400,0.0,0.02,no
title,2025,Man United,1760500800,0.01,0.02,no
title,2025,Man United,1760587200,0.01,0.03,no
title,2025,Man United,1760673600,0.01,0.02,no
title,2025,Man United,1760760000,0.01,0.03,no
title,2025,Man United,1760846400,0.0,0.02,no
title,2025,Man United,1760932800,0.02,0.03,no
title,2025,Man United,1761019200,0.02,0.03,no
title,2025,Man United,1761105600,0.02,0.04,no
title,2025,Man United,1761192000,0.02,0.03,no
title,2025,Man United,1761278400,0.02,0.04,no
title,2025,Man United,1761364800,0.03,0.04,no
title,2025,Man United,1761451200,0.03,0.06,no
title,2025,Man United,1761537600,0.04,0.06,no
title,2025,Man United,1761624000,0.04,0.06,no
title,2025,Man United,1761710400,0.03,0.06,no
title,2025,Man United,1761796800,0.05,0.06,no
title,2025,Man United,1761883200,0.04,0.06,no
title,2025,Man United,1761969600,0.03,0.05,no
title,2025,Man United,1762056000,0.05,0.06,no
title,2025,Man United,1762142400,0.04,0.06,no
title,2025,Man United,1762232400,0.03,0.04,no
title,2025,Man United,1762318800,0.03,0.04,no
title,2025,Man United,1762405200,0.03,0.04,no
title,2025,Man United,1762491600,0.03,0.04,no
title,2025,Man United,1762578000,0.02,0.03,no
title,2025,Man United,1762664400,0.01,0.04,no
title,2025,Man United,1762750800,0.01,0.03,no
title,2025,Man United,1762837200,0.01,0.03,no
title,2025,Man United,1762923600,0.01,0.03,no
title,2025,Man United,1763010000,0.01,0.03,no
title,2025,Man United,1763096400,0.01,0.03,no
title,2025,Man United,1763182800,0.01,0.03,no
title,2025,Man United,1763269200,0.01,0.03,no
title,2025,Man United,1763355600,0.01,0.03,no
title,2025,Man United,1763442000,0.01,0.03,no
title,2025,Man United,1763528400,0.01,0.03,no
title,2025,Man United,1763614800,0.02,0.03,no
title,2025,Man United,1763701200,0.02,0.03,no
title,2025,Man United,1763787600,0.02,0.03,no
title,2025,Man United,1763874000,0.01,0.03,no
title,2025,Man United,1763960400,0.01,0.03,no
title,2025,Man United,1764046800,0.02,0.03,no
title,2025,Man United,1764133200,0.02,0.03,no
title,2025,Man United,1764219600,0.01,0.02,no
title,2025,Man United,1764306000,0.01,0.02,no
title,2025,Man United,1764392400,0.01,0.02,no
title,2025,Man United,1764478800,0.01,0.02,no
title,2025,Man United,1764565200,0.01,0.02,no
title,2025,Man United,1764651600,0.01,0.02,no
title,2025,Man United,1764738000,0.01,0.03,no
title,2025,Man United,1764824400,0.01,0.03,no
title,2025,Man United,1764910800,0.01,0.02,no
title,2025,Man United,1764997200,0.01,0.02,no
title,2025,Man United,1765083600,0.01,0.02,no
title,2025,Man United,1765170000,0.01,0.02,no
title,2025,Man United,1765256400,0.01,0.02,no
title,2025,Man United,1765342800,0.01,0.02,no
title,2025,Man United,1765429200,0.01,0.02,no
title,2025,Man United,1765515600,0.01,0.02,no
title,2025,Man United,1765602000,0.01,0.02,no
title,2025,Man United,1765688400,0.01,0.02,no
title,2025,Man United,1765774800,0.01,0.02,no
title,2025,Man United,1765861200,0.0,0.02,no
title,2025,Man United,1765947600,0.0,0.01,no
title,2025,Man United,1766034000,0.0,0.01,no
title,2025,Man United,1766120400,0.0,0.01,no
title,2025,Man United,1766206800,0.0,0.01,no
title,2025,Man United,1766293200,0.0,0.01,no
title,2025,Man United,1766379600,0.0,0.01,no
title,2025,Man United,1766466000,0.0,0.01,no
title,2025,Man United,1766552400,0.0,0.01,no
title,2025,Man United,1766638800,0.0,0.01,no
title,2025,Man United,1766725200,0.0,0.01,no
title,2025,Man United,1766811600,0.0,0.01,no
title,2025,Man United,1766898000,0.0,0.01,no
title,2025,Man United,1766984400,0.0,0.01,no
title,2025,Man United,1767070800,0.0,0.01,no
title,2025,Man United,1767157200,0.0,0.01,no
title,2025,Man United,1767243600,0.0,0.01,no
title,2025,Man United,1767330000,0.0,0.01,no
title,2025,Man United,1767416400,0.0,0.01,no
title,2025,Man United,1767502800,0.0,0.01,no
title,2025,Man United,1767589200,0.0,0.01,no
title,2025,Man United,1767675600,0.0,0.01,no
title,2025,Man United,1767762000,0.0,0.01,no
title,2025,Man United,1767848400,0.0,0.01,no
title,2025,Man United,1767934800,0.0,0.01,no
title,2025,Man United,1768021200,0.0,0.01,no
title,2025,Man United,1768107600,0.0,0.01,no
title,2025,Man United,1768194000,0.0,0.01,no
title,2025,Man United,1768280400,0.0,0.01,no
title,2025,Man United,1768366800,0.0,0.01,no
title,2025,Man United,1768453200,0.0,0.01,no
title,2025,Man United,1768539600,0.0,0.01,no
title,2025,Man United,1768626000,0.0,0.01,no
title,2025,Man United,1768712400,0.0,0.01,no
title,2025,Man United,1768798800,0.0,0.01,no
title,2025,Man United,1768885200,0.0,0.01,no
title,2025,Man United,1768971600,0.0,0.01,no
title,2025,Man United,1769058000,0.0,0.01,no
title,2025,Man United,1769144400,0.0,0.01,no
title,2025,Man United,1769230800,0.0,0.01,no
title,2025,Man United,1769317200,0.0,0.01,no
title,2025,Man United,1769403600,0.01,0.02,no
title,2025,Man United,1769490000,0.02,0.03,no
title,2025,Man United,1769576400,0.01,0.03,no
title,2025,Man United,1769662800,0.02,0.03,no
title,2025,Man United,1769749200,0.02,0.04,no
title,2025,Man United,1769835600,0.02,0.03,no
title,2025,Man United,1769922000,0.01,0.03,no
title,2025,Man United,1770008400,0.02,0.03,no
title,2025,Man United,1770094800,0.02,0.03,no
title,2025,Man United,1770181200,0.02,0.03,no
title,2025,Man United,1770267600,0.02,0.03,no
title,2025,Man United,1770354000,0.02,0.03,no
title,2025,Man United,1770440400,0.02,0.03,no
title,2025,Man United,1770526800,0.03,0.04,no
title,2025,Man United,1770613200,0.02,0.03,no
title,2025,Man United,1770699600,0.02,0.03,no
title,2025,Man United,1770786000,0.01,0.02,no
title,2025,Man United,1770872400,0.01,0.02,no
title,2025,Man United,1770958800,0.01,0.02,no
title,2025,Man United,1771045200,0.01,0.02,no
title,2025,Man United,1771131600,0.01,0.02,no
title,2025,Man United,1771218000,0.01,0.02,no
title,2025,Man United,1771304400,0.01,0.02,no
title,2025,Man United,1771390800,0.01,0.02,no
title,2025,Man United,1771477200,0.01,0.02,no
title,2025,Man United,1771563600,0.01,0.02,no
title,2025,Man United,1771650000,0.01,0.02,no
title,2025,Man United,1771736400,0.0,0.02,no
title,2025,Man United,1771822800,0.0,0.01,no
title,2025,Man United,1771909200,0.0,0.01,no
title,2025,Man United,1771995600,0.0,0.01,no
title,2025,Man United,1772082000,0.0,0.01,no
title,2025,Man United,1772168400,0.0,0.01,no
title,2025,Man United,1772254800,0.0,0.01,no
title,2025,Man United,1772341200,0.0,0.01,no
title,2025,Man United,1772427600,0.0,0.02,no
title,2025,Man United,1772514000,0.0,0.02,no
title,2025,Man United,1772600400,0.0,0.02,no
title,2025,Man United,1772686800,0.0,0.02,no
title,2025,Man United,1772773200,0.0,0.01,no
title,2025,Man United,1772859600,0.0,0.01,no
title,2025,Man United,1772946000,0.0,0.01,no
title,2025,Man United,1773032400,0.0,0.01,no
title,2025,Man United,1773115200,0.0,0.01,no
title,2025,Man United,1773201600,0.0,0.01,no
title,2025,Man United,1773288000,0.0,0.01,no
title,2025,Man United,1773374400,0.0,0.01,no
title,2025,Man United,1773460800,0.0,0.01,no
title,2025,Man United,1773633600,0.0,0.02,no
title,2025,Man United,1773720000,0.0,0.02,no
title,2025,Man United,1773806400,0.0,0.02,no
title,2025,Man United,1773892800,0.0,0.02,no
title,2025,Man United,1773979200,0.0,0.02,no
title,2025,Man United,1774065600,0.0,0.02,no
title,2025,Man United,1774152000,0.0,0.02,no
title,2025,Man United,1774238400,0.0,0.01,no
title,2025,Man United,1774324800,0.0,0.01,no
title,2025,Man United,1774411200,0.0,0.01,no
title,2025,Man United,1774497600,0.0,0.01,no
title,2025,Man United,1774584000,0.0,0.01,no
title,2025,Man United,1774670400,0.0,0.01,no
title,2025,Man United,1774756800,0.0,0.01,no
title,2025,Man United,1774843200,0.0,0.01,no
title,2025,Man United,1774929600,0.0,0.01,no
title,2025,Man United,1775016000,0.0,0.01,no
title,2025,Man United,1775102400,0.0,0.01,no
title,2025,Man United,1775188800,0.0,0.01,no
title,2025,Man United,1775275200,0.0,0.01,no
title,2025,Man United,1775361600,0.0,0.01,no
title,2025,Man United,1775448000,0.0,0.01,no
title,2025,Man United,1775534400,0.0,0.01,no
title,2025,Man United,1775620800,0.0,0.01,no
title,2025,Man United,1775707200,0.0,0.01,no
title,2025,Man United,1775793600,0.0,0.01,no
title,2025,Man United,1775880000,0.0,0.01,no
title,2025,Man United,1775966400,0.0,0.01,no
title,2025,Man United,1776052800,0.0,0.01,no
title,2025,Man United,1776139200,0.0,0.01,no
title,2025,Man United,1776225600,0.0,0.01,no
title,2025,Man United,1776312000,0.0,0.01,no
title,2025,Man United,1776398400,0.0,0.01,no
title,2025,Man United,1776484800,0.0,0.01,no
title,2025,Man United,1776571200,0.0,0.01,no
title,2025,Man United,1776657600,0.0,0.01,no
title,2025,Man United,1776744000,0.0,0.01,no
title,2025,Man United,1776830400,0.0,0.01,no
title,2025,Man United,1776916800,0.0,0.01,no
title,2025,Man United,1777003200,0.0,0.01,no
title,2025,Man United,1777089600,0.0,0.01,no
title,2025,Man United,1777176000,0.0,0.01,no
title,2025,Man United,1777262400,0.0,0.01,no
title,2025,Man United,1777348800,0.0,0.01,no
title,2025,Man United,1777435200,0.0,0.01,no
title,2025,Man United,1777521600,0.0,0.01,no
title,2025,Man United,1777608000,0.0,0.01,no
title,2025,Man United,1777694400,0.0,0.01,no
title,2025,Man United,1777780800,0.0,0.01,no
title,2025,Man United,1777867200,0.0,0.01,no
title,2025,Man United,1777953600,0.0,0.01,no
title,2025,Man United,1778040000,0.0,0.01,no
title,2025,Man United,1778126400,0.0,0.01,no
title,2025,Man United,1778212800,0.0,0.01,no
title,2025,Man United,1778299200,0.0,0.01,no
title,2025,Man United,1778385600,0.0,0.01,no
title,2025,Man United,1778472000,0.0,0.01,no
title,2025,Man United,1778558400,0.0,0.01,no
title,2025,Man United,1778644800,0.0,0.01,no
title,2025,Man United,1778731200,0.0,0.01,no
title,2025,Man United,1778817600,0.0,0.01,no
title,2025,Man United,1778904000,0.0,0.01,no
title,2025,Man United,1778990400,0.0,0.01,no
title,2025,Man United,1779076800,0.0,0.01,no
title,2025,Man United,1779163200,0.0,0.01,no
title,2025,Man United,1779249600,0.0,0.01,no
title,2025,Man City,1754107200,0.21,0.31,no
title,2025,Man City,1754193600,0.2,0.3,no
title,2025,Man City,1754280000,0.15,0.19,no
title,2025,Man City,1754366400,0.17,0.25,no
title,2025,Man City,1754452800,0.19,0.24,no
title,2025,Man City,1754539200,0.22,0.25,no
title,2025,Man City,1754625600,0.21,0.24,no
title,2025,Man City,1754712000,0.2,0.23,no
title,2025,Man City,1754798400,0.2,0.23,no
title,2025,Man City,1754884800,0.2,0.23,no
title,2025,Man City,1754971200,0.2,0.22,no
title,2025,Man City,1755057600,0.2,0.21,no
title,2025,Man City,1755144000,0.21,0.22,no
title,2025,Man City,1755230400,0.21,0.22,no
title,2025,Man City,1755316800,0.21,0.22,no
title,2025,Man City,1755403200,0.22,0.23,no
title,2025,Man City,1755489600,0.22,0.23,no
title,2025,Man City,1755576000,0.22,0.24,no
title,2025,Man City,1755662400,0.22,0.23,no
title,2025,Man City,1755748800,0.24,0.25,no
title,2025,Man City,1755835200,0.24,0.25,no
title,2025,Man City,1755921600,0.24,0.25,no
title,2025,Man City,1756008000,0.15,0.17,no
title,2025,Man City,1756094400,0.14,0.16,no
title,2025,Man City,1756180800,0.16,0.17,no
title,2025,Man City,1756267200,0.15,0.16,no
title,2025,Man City,1756353600,0.15,0.17,no
title,2025,Man City,1756440000,0.15,0.17,no
title,2025,Man City,1756526400,0.15,0.17,no
title,2025,Man City,1756612800,0.16,0.19,no
title,2025,Man City,1756699200,0.11,0.13,no
title,2025,Man City,1756785600,0.1,0.12,no
title,2025,Man City,1756872000,0.1,0.12,no
title,2025,Man City,1756958400,0.1,0.12,no
title,2025,Man City,1757044800,0.1,0.12,no
title,2025,Man City,1757131200,0.1,0.12,no
title,2025,Man City,1757217600,0.1,0.12,no
title,2025,Man City,1757304000,0.1,0.12,no
title,2025,Man City,1757390400,0.1,0.12,no
title,2025,Man City,1757476800,0.11,0.12,no
title,2025,Man City,1757563200,0.09,0.11,no
title,2025,Man City,1757649600,0.09,0.11,no
title,2025,Man City,1757736000,0.1,0.12,no
title,2025,Man City,1757822400,0.09,0.1,no
title,2025,Man City,1757908800,0.1,0.12,no
title,2025,Man City,1757995200,0.11,0.12,no
title,2025,Man City,1758081600,0.1,0.12,no
title,2025,Man City,1758168000,0.1,0.12,no
title,2025,Man City,1758254400,0.1,0.12,no
title,2025,Man City,1758340800,0.1,0.11,no
title,2025,Man City,1758427200,0.1,0.12,no
title,2025,Man City,1758513600,0.12,0.14,no
title,2025,Man City,1758600000,0.12,0.14,no
title,2025,Man City,1758686400,0.12,0.14,no
title,2025,Man City,1758772800,0.12,0.14,no
title,2025,Man City,1758859200,0.12,0.14,no
title,2025,Man City,1758945600,0.12,0.14,no
title,2025,Man City,1759032000,0.14,0.17,no
title,2025,Man City,1759118400,0.14,0.18,no
title,2025,Man City,1759204800,0.14,0.17,no
title,2025,Man City,1759291200,0.15,0.17,no
title,2025,Man City,1759377600,0.15,0.18,no
title,2025,Man City,1759464000,0.16,0.18,no
title,2025,Man City,1759550400,0.16,0.18,no
title,2025,Man City,1759636800,0.17,0.23,no
title,2025,Man City,1759723200,0.18,0.19,no
title,2025,Man City,1759809600,0.18,0.19,no
title,2025,Man City,1759896000,0.18,0.19,no
title,2025,Man City,1759982400,0.17,0.19,no
title,2025,Man City,1760068800,0.17,0.19,no
title,2025,Man City,1760155200,0.18,0.19,no
title,2025,Man City,1760241600,0.18,0.19,no
title,2025,Man City,1760328000,0.18,0.19,no
title,2025,Man City,1760414400,0.18,0.19,no
title,2025,Man City,1760500800,0.18,0.19,no
title,2025,Man City,1760587200,0.18,0.19,no
title,2025,Man City,1760673600,0.18,0.19,no
title,2025,Man City,1760760000,0.18,0.19,no
title,2025,Man City,1760846400,0.18,0.19,no
title,2025,Man City,1760932800,0.19,0.2,no
title,2025,Man City,1761019200,0.2,0.22,no
title,2025,Man City,1761105600,0.2,0.23,no
title,2025,Man City,1761192000,0.2,0.22,no
title,2025,Man City,1761278400,0.2,0.22,no
title,2025,Man City,1761364800,0.19,0.22,no
title,2025,Man City,1761451200,0.21,0.22,no
title,2025,Man City,1761537600,0.15,0.18,no
title,2025,Man City,1761624000,0.15,0.17,no
title,2025,Man City,1761710400,0.15,0.17,no
title,2025,Man City,1761796800,0.15,0.18,no
title,2025,Man City,1761883200,0.15,0.17,no
title,2025,Man City,1761969600,0.15,0.17,no
title,2025,Man City,1762056000,0.1,0.13,no
title,2025,Man City,1762142400,0.14,0.23,no
title,2025,Man City,1762232400,0.15,0.22,no
title,2025,Man City,1762318800,0.16,0.18,no
title,2025,Man City,1762405200,0.15,0.16,no
title,2025,Man City,1762491600,0.15,0.16,no
title,2025,Man City,1762578000,0.17,0.18,no
title,2025,Man City,1762664400,0.18,0.24,no
title,2025,Man City,1762750800,0.27,0.29,no
title,2025,Man City,1762837200,0.28,0.29,no
title,2025,Man City,1762923600,0.27,0.29,no
title,2025,Man City,1763010000,0.27,0.29,no
title,2025,Man City,1763096400,0.27,0.29,no
title,2025,Man City,1763182800,0.27,0.29,no
title,2025,Man City,1763269200,0.28,0.29,no
title,2025,Man City,1763355600,0.27,0.29,no
title,2025,Man City,1763442000,0.27,0.28,no
title,2025,Man City,1763528400,0.27,0.29,no
title,2025,Man City,1763614800,0.27,0.29,no
title,2025,Man City,1763701200,0.27,0.29,no
title,2025,Man City,1763787600,0.28,0.29,no
title,2025,Man City,1763874000,0.22,0.24,no
title,2025,Man City,1763960400,0.2,0.21,no
title,2025,Man City,1764046800,0.2,0.22,no
title,2025,Man City,1764133200,0.2,0.22,no
title,2025,Man City,1764219600,0.2,0.22,no
title,2025,Man City,1764306000,0.22,0.23,no
title,2025,Man City,1764392400,0.21,0.22,no
title,2025,Man City,1764478800,0.2,0.22,no
title,2025,Man City,1764565200,0.23,0.25,no
title,2025,Man City,1764651600,0.23,0.24,no
title,2025,Man City,1764738000,0.23,0.24,no
title,2025,Man City,1764824400,0.23,0.25,no
title,2025,Man City,1764910800,0.24,0.25,no
title,2025,Man City,1764997200,0.24,0.25,no
title,2025,Man City,1765083600,0.34,0.36,no
title,2025,Man City,1765170000,0.33,0.35,no
title,2025,Man City,1765256400,0.34,0.35,no
title,2025,Man City,1765342800,0.33,0.34,no
title,2025,Man City,1765429200,0.33,0.34,no
title,2025,Man City,1765515600,0.33,0.34,no
title,2025,Man City,1765602000,0.32,0.34,no
title,2025,Man City,1765688400,0.32,0.34,no
title,2025,Man City,1765774800,0.37,0.38,no
title,2025,Man City,1765861200,0.34,0.37,no
title,2025,Man City,1765947600,0.35,0.37,no
title,2025,Man City,1766034000,0.36,0.37,no
title,2025,Man City,1766120400,0.36,0.38,no
title,2025,Man City,1766206800,0.36,0.37,no
title,2025,Man City,1766293200,0.4,0.42,no
title,2025,Man City,1766379600,0.36,0.38,no
title,2025,Man City,1766466000,0.36,0.38,no
title,2025,Man City,1766552400,0.36,0.38,no
title,2025,Man City,1766638800,0.37,0.39,no
title,2025,Man City,1766725200,0.37,0.39,no
title,2025,Man City,1766811600,0.37,0.39,no
title,2025,Man City,1766898000,0.37,0.39,no
title,2025,Man City,1766984400,0.36,0.38,no
title,2025,Man City,1767070800,0.36,0.39,no
title,2025,Man City,1767157200,0.35,0.37,no
title,2025,Man City,1767243600,0.35,0.36,no
title,2025,Man City,1767330000,0.32,0.33,no
title,2025,Man City,1767416400,0.32,0.33,no
title,2025,Man City,1767502800,0.27,0.29,no
title,2025,Man City,1767589200,0.21,0.24,no
title,2025,Man City,1767675600,0.21,0.23,no
title,2025,Man City,1767762000,0.22,0.23,no
title,2025,Man City,1767848400,0.16,0.18,no
title,2025,Man City,1767934800,0.19,0.2,no
title,2025,Man City,1768021200,0.19,0.2,no
title,2025,Man City,1768107600,0.19,0.2,no
title,2025,Man City,1768194000,0.19,0.2,no
title,2025,Man City,1768280400,0.19,0.2,no
title,2025,Man City,1768366800,0.19,0.2,no
title,2025,Man City,1768453200,0.19,0.2,no
title,2025,Man City,1768539600,0.19,0.2,no
title,2025,Man City,1768626000,0.21,0.22,no
title,2025,Man City,1768712400,0.15,0.17,no
title,2025,Man City,1768798800,0.15,0.17,no
title,2025,Man City,1768885200,0.16,0.17,no
title,2025,Man City,1768971600,0.16,0.17,no
title,2025,Man City,1769058000,0.16,0.17,no
title,2025,Man City,1769144400,0.15,0.17,no
title,2025,Man City,1769230800,0.16,0.17,no
title,2025,Man City,1769317200,0.17,0.2,no
title,2025,Man City,1769403600,0.25,0.26,no
title,2025,Man City,1769490000,0.24,0.26,no
title,2025,Man City,1769576400,0.24,0.25,no
title,2025,Man City,1769662800,0.23,0.25,no
title,2025,Man City,1769749200,0.23,0.25,no
title,2025,Man City,1769835600,0.23,0.25,no
title,2025,Man City,1769922000,0.19,0.2,no
title,2025,Man City,1770008400,0.12,0.14,no
title,2025,Man City,1770094800,0.13,0.15,no
title,2025,Man City,1770181200,0.13,0.15,no
title,2025,Man City,1770267600,0.13,0.15,no
title,2025,Man City,1770354000,0.13,0.15,no
title,2025,Man City,1770440400,0.13,0.15,no
title,2025,Man City,1770526800,0.13,0.14,no
title,2025,Man City,1770613200,0.17,0.18,no
title,2025,Man City,1770699600,0.18,0.19,no
title,2025,Man City,1770786000,0.19,0.2,no
title,2025,Man City,1770872400,0.23,0.24,no
title,2025,Man City,1770958800,0.29,0.3,no
title,2025,Man City,1771045200,0.3,0.32,no
title,2025,Man City,1771131600,0.28,0.3,no
title,2025,Man City,1771218000,0.29,0.3,no
title,2025,Man City,1771304400,0.28,0.29,no
title,2025,Man City,1771390800,0.28,0.29,no
title,2025,Man City,1771477200,0.39,0.4,no
title,2025,Man City,1771563600,0.38,0.4,no
title,2025,Man City,1771650000,0.39,0.4,no
title,2025,Man City,1771736400,0.42,0.43,no
title,2025,Man City,1771822800,0.34,0.35,no
title,2025,Man City,1771909200,0.36,0.37,no
title,2025,Man City,1771995600,0.36,0.37,no
title,2025,Man City,1772082000,0.36,0.37,no
title,2025,Man City,1772168400,0.35,0.37,no
title,2025,Man City,1772254800,0.35,0.37,no
title,2025,Man City,1772341200,0.41,0.42,no
title,2025,Man City,1772427600,0.34,0.35,no
title,2025,Man City,1772514000,0.33,0.34,no
title,2025,Man City,1772600400,0.32,0.34,no
title,2025,Man City,1772686800,0.18,0.19,no
title,2025,Man City,1772773200,0.18,0.2,no
title,2025,Man City,1772859600,0.18,0.2,no
title,2025,Man City,1772946000,0.19,0.2,no
title,2025,Man City,1773032400,0.18,0.19,no
title,2025,Man City,1773115200,0.18,0.19,no
title,2025,Man City,1773201600,0.18,0.19,no
title,2025,Man City,1773288000,0.18,0.19,no
title,2025,Man City,1773374400,0.18,0.19,no
title,2025,Man City,1773460800,0.18,0.19,no
title,2025,Man City,1773547200,0.09,0.1,no
title,2025,Man City,1773633600,0.08,0.09,no
title,2025,Man City,1773720000,0.09,0.1,no
title,2025,Man City,1773806400,0.08,0.09,no
title,2025,Man City,1773892800,0.08,0.09,no
title,2025,Man City,1773979200,0.08,0.09,no
title,2025,Man City,1774065600,0.08,0.09,no
title,2025,Man City,1774152000,0.08,0.09,no
title,2025,Man City,1774238400,0.09,0.1,no
title,2025,Man City,1774324800,0.09,0.11,no
title,2025,Man City,1774411200,0.1,0.12,no
title,2025,Man City,1774497600,0.1,0.12,no
title,2025,Man City,1774584000,0.1,0.11,no
title,2025,Man City,1774670400,0.1,0.11,no
title,2025,Man City,1774756800,0.1,0.11,no
title,2025,Man City,1774843200,0.1,0.11,no
title,2025,Man City,1774929600,0.1,0.11,no
title,2025,Man City,1775016000,0.1,0.11,no
title,2025,Man City,1775102400,0.1,0.11,no
title,2025,Man City,1775188800,0.1,0.11,no
title,2025,Man City,1775275200,0.11,0.12,no
title,2025,Man City,1775361600,0.12,0.13,no
title,2025,Man City,1775448000,0.12,0.13,no
title,2025,Man City,1775534400,0.14,0.15,no
title,2025,Man City,1775620800,0.14,0.15,no
title,2025,Man City,1775707200,0.14,0.15,no
title,2025,Man City,1775793600,0.14,0.15,no
title,2025,Man City,1775880000,0.15,0.16,no
title,2025,Man City,1775966400,0.31,0.32,no
title,2025,Man City,1776052800,0.41,0.42,no
title,2025,Man City,1776139200,0.39,0.41,no
title,2025,Man City,1776225600,0.4,0.42,no
title,2025,Man City,1776312000,0.4,0.42,no
title,2025,Man City,1776398400,0.4,0.42,no
title,2025,Man City,1776484800,0.41,0.42,no
title,2025,Man City,1776571200,0.39,0.4,no
title,2025,Man City,1776657600,0.56,0.57,no
title,2025,Man City,1776744000,0.57,0.58,no
title,2025,Man City,1776830400,0.57,0.58,no
title,2025,Man City,1776916800,0.58,0.59,no
title,2025,Man City,1777003200,0.58,0.59,no
title,2025,Man City,1777089600,0.57,0.58,no
title,2025,Man City,1777176000,0.48,0.5,no
title,2025,Man City,1777262400,0.48,0.49,no
title,2025,Man City,1777348800,0.49,0.5,no
title,2025,Man City,1777435200,0.49,0.5,no
title,2025,Man City,1777521600,0.49,0.5,no
title,2025,Man City,1777608000,0.48,0.5,no
title,2025,Man City,1777694400,0.49,0.5,no
title,2025,Man City,1777780800,0.39,0.42,no
title,2025,Man City,1777867200,0.38,0.39,no
title,2025,Man City,1777953600,0.19,0.21,no
title,2025,Man City,1778040000,0.19,0.2,no
title,2025,Man City,1778126400,0.19,0.21,no
title,2025,Man City,1778212800,0.19,0.21,no
title,2025,Man City,1778299200,0.19,0.2,no
title,2025,Man City,1778385600,0.26,0.27,no
title,2025,Man City,1778472000,0.13,0.14,no
title,2025,Man City,1778558400,0.13,0.14,no
title,2025,Man City,1778644800,0.13,0.14,no
title,2025,Man City,1778731200,0.17,0.19,no
title,2025,Man City,1778817600,0.18,0.2,no
title,2025,Man City,1778904000,0.19,0.2,no
title,2025,Man City,1778990400,0.18,0.19,no
title,2025,Man City,1779076800,0.18,0.19,no
title,2025,Man City,1779163200,0.14,0.15,no
title,2025,Man City,1779249600,0.0,0.01,no
title,2025,Liverpool,1754107200,0.18,0.43,no
title,2025,Liverpool,1754193600,0.18,0.42,no
title,2025,Liverpool,1754280000,0.27,0.39,no
title,2025,Liverpool,1754366400,0.28,0.36,no
title,2025,Liverpool,1754452800,0.28,0.35,no
title,2025,Liverpool,1754539200,0.21,0.34,no
title,2025,Liverpool,1754625600,0.35,0.36,no
title,2025,Liverpool,1754712000,0.35,0.37,no
title,2025,Liverpool,1754798400,0.35,0.37,no
title,2025,Liverpool,1754884800,0.34,0.37,no
title,2025,Liverpool,1754971200,0.34,0.36,no
title,2025,Liverpool,1755057600,0.34,0.36,no
title,2025,Liverpool,1755144000,0.35,0.36,no
title,2025,Liverpool,1755230400,0.35,0.36,no
title,2025,Liverpool,1755316800,0.33,0.34,no
title,2025,Liverpool,1755403200,0.34,0.35,no
title,2025,Liverpool,1755489600,0.32,0.33,no
title,2025,Liverpool,1755576000,0.31,0.32,no
title,2025,Liverpool,1755662400,0.28,0.3,no
title,2025,Liverpool,1755748800,0.32,0.33,no
title,2025,Liverpool,1755835200,0.29,0.31,no
title,2025,Liverpool,1755921600,0.3,0.32,no
title,2025,Liverpool,1756008000,0.32,0.34,no
title,2025,Liverpool,1756094400,0.34,0.35,no
title,2025,Liverpool,1756180800,0.33,0.35,no
title,2025,Liverpool,1756267200,0.32,0.34,no
title,2025,Liverpool,1756353600,0.32,0.34,no
title,2025,Liverpool,1756440000,0.32,0.34,no
title,2025,Liverpool,1756526400,0.32,0.34,no
title,2025,Liverpool,1756612800,0.32,0.35,no
title,2025,Liverpool,1756699200,0.41,0.43,no
title,2025,Liverpool,1756785600,0.42,0.43,no
title,2025,Liverpool,1756872000,0.42,0.43,no
title,2025,Liverpool,1756958400,0.42,0.43,no
title,2025,Liverpool,1757044800,0.42,0.44,no
title,2025,Liverpool,1757131200,0.42,0.44,no
title,2025,Liverpool,1757217600,0.42,0.44,no
title,2025,Liverpool,1757304000,0.43,0.45,no
title,2025,Liverpool,1757390400,0.43,0.44,no
title,2025,Liverpool,1757476800,0.42,0.44,no
title,2025,Liverpool,1757563200,0.42,0.44,no
title,2025,Liverpool,1757649600,0.42,0.44,no
title,2025,Liverpool,1757736000,0.42,0.44,no
title,2025,Liverpool,1757822400,0.42,0.45,no
title,2025,Liverpool,1757908800,0.42,0.44,no
title,2025,Liverpool,1757995200,0.42,0.44,no
title,2025,Liverpool,1758081600,0.42,0.44,no
title,2025,Liverpool,1758168000,0.42,0.44,no
title,2025,Liverpool,1758254400,0.42,0.43,no
title,2025,Liverpool,1758340800,0.42,0.43,no
title,2025,Liverpool,1758427200,0.45,0.47,no
title,2025,Liverpool,1758513600,0.5,0.51,no
title,2025,Liverpool,1758600000,0.49,0.51,no
title,2025,Liverpool,1758686400,0.49,0.51,no
title,2025,Liverpool,1758772800,0.49,0.51,no
title,2025,Liverpool,1758859200,0.49,0.51,no
title,2025,Liverpool,1758945600,0.49,0.51,no
title,2025,Liverpool,1759032000,0.41,0.43,no
title,2025,Liverpool,1759118400,0.35,0.38,no
title,2025,Liverpool,1759204800,0.35,0.37,no
title,2025,Liverpool,1759291200,0.35,0.37,no
title,2025,Liverpool,1759377600,0.35,0.37,no
title,2025,Liverpool,1759464000,0.34,0.36,no
title,2025,Liverpool,1759550400,0.32,0.36,no
title,2025,Liverpool,1759636800,0.26,0.32,no
title,2025,Liverpool,1759723200,0.25,0.29,no
title,2025,Liverpool,1759809600,0.26,0.27,no
title,2025,Liverpool,1759896000,0.26,0.27,no
title,2025,Liverpool,1759982400,0.25,0.27,no
title,2025,Liverpool,1760068800,0.25,0.27,no
title,2025,Liverpool,1760155200,0.25,0.27,no
title,2025,Liverpool,1760241600,0.25,0.27,no
title,2025,Liverpool,1760328000,0.25,0.27,no
title,2025,Liverpool,1760414400,0.24,0.26,no
title,2025,Liverpool,1760500800,0.25,0.26,no
title,2025,Liverpool,1760587200,0.25,0.26,no
title,2025,Liverpool,1760673600,0.24,0.26,no
title,2025,Liverpool,1760760000,0.24,0.26,no
title,2025,Liverpool,1760846400,0.22,0.25,no
title,2025,Liverpool,1760932800,0.2,0.22,no
title,2025,Liverpool,1761019200,0.18,0.2,no
title,2025,Liverpool,1761105600,0.18,0.19,no
title,2025,Liverpool,1761192000,0.17,0.19,no
title,2025,Liverpool,1761278400,0.17,0.19,no
title,2025,Liverpool,1761364800,0.17,0.2,no
title,2025,Liverpool,1761451200,0.13,0.15,no
title,2025,Liverpool,1761537600,0.11,0.13,no
title,2025,Liverpool,1761624000,0.11,0.13,no
title,2025,Liverpool,1761710400,0.12,0.13,no
title,2025,Liverpool,1761796800,0.11,0.12,no
title,2025,Liverpool,1761883200,0.11,0.12,no
title,2025,Liverpool,1761969600,0.11,0.12,no
title,2025,Liverpool,1762056000,0.14,0.16,no
title,2025,Liverpool,1762142400,0.12,0.14,no
title,2025,Liverpool,1762232400,0.12,0.14,no
title,2025,Liverpool,1762318800,0.1,0.12,no
title,2025,Liverpool,1762405200,0.11,0.13,no
title,2025,Liverpool,1762491600,0.11,0.13,no
title,2025,Liverpool,1762578000,0.11,0.13,no
title,2025,Liverpool,1762664400,0.14,0.18,no
title,2025,Liverpool,1762750800,0.07,0.1,no
title,2025,Liverpool,1762837200,0.07,0.09,no
title,2025,Liverpool,1762923600,0.07,0.09,no
title,2025,Liverpool,1763010000,0.08,0.1,no
title,2025,Liverpool,1763096400,0.09,0.1,no
title,2025,Liverpool,1763182800,0.09,0.1,no
title,2025,Liverpool,1763269200,0.08,0.1,no
title,2025,Liverpool,1763355600,0.07,0.1,no
title,2025,Liverpool,1763442000,0.07,0.1,no
title,2025,Liverpool,1763528400,0.08,0.1,no
title,2025,Liverpool,1763614800,0.09,0.1,no
title,2025,Liverpool,1763701200,0.09,0.1,no
title,2025,Liverpool,1763787600,0.08,0.09,no
title,2025,Liverpool,1763874000,0.04,0.07,no
title,2025,Liverpool,1763960400,0.03,0.05,no
title,2025,Liverpool,1764046800,0.03,0.04,no
title,2025,Liverpool,1764133200,0.03,0.04,no
title,2025,Liverpool,1764219600,0.03,0.04,no
title,2025,Liverpool,1764306000,0.03,0.04,no
title,2025,Liverpool,1764392400,0.03,0.04,no
title,2025,Liverpool,1764478800,0.03,0.04,no
title,2025,Liverpool,1764565200,0.03,0.05,no
title,2025,Liverpool,1764651600,0.03,0.05,no
title,2025,Liverpool,1764738000,0.04,0.05,no
title,2025,Liverpool,1764824400,0.03,0.05,no
title,2025,Liverpool,1764910800,0.03,0.05,no
title,2025,Liverpool,1764997200,0.03,0.04,no
title,2025,Liverpool,1765083600,0.02,0.04,no
title,2025,Liverpool,1765170000,0.02,0.03,no
title,2025,Liverpool,1765256400,0.02,0.03,no
title,2025,Liverpool,1765342800,0.02,0.03,no
title,2025,Liverpool,1765429200,0.02,0.03,no
title,2025,Liverpool,1765515600,0.02,0.03,no
title,2025,Liverpool,1765602000,0.02,0.03,no
title,2025,Liverpool,1765688400,0.04,0.05,no
title,2025,Liverpool,1765774800,0.03,0.04,no
title,2025,Liverpool,1765861200,0.02,0.03,no
title,2025,Liverpool,1765947600,0.02,0.03,no
title,2025,Liverpool,1766034000,0.03,0.04,no
title,2025,Liverpool,1766120400,0.04,0.06,no
title,2025,Liverpool,1766206800,0.04,0.05,no
title,2025,Liverpool,1766293200,0.04,0.05,no
title,2025,Liverpool,1766379600,0.03,0.04,no
title,2025,Liverpool,1766466000,0.03,0.04,no
title,2025,Liverpool,1766552400,0.03,0.04,no
title,2025,Liverpool,1766638800,0.03,0.05,no
title,2025,Liverpool,1766725200,0.03,0.04,no
title,2025,Liverpool,1766811600,0.03,0.05,no
title,2025,Liverpool,1766898000,0.03,0.04,no
title,2025,Liverpool,1766984400,0.03,0.04,no
title,2025,Liverpool,1767070800,0.03,0.04,no
title,2025,Liverpool,1767157200,0.03,0.04,no
title,2025,Liverpool,1767243600,0.02,0.04,no
title,2025,Liverpool,1767330000,0.01,0.02,no
title,2025,Liverpool,1767416400,0.02,0.03,no
title,2025,Liverpool,1767502800,0.01,0.03,no
title,2025,Liverpool,1767589200,0.01,0.02,no
title,2025,Liverpool,1767675600,0.01,0.03,no
title,2025,Liverpool,1767762000,0.0,0.02,no
title,2025,Liverpool,1767848400,0.0,0.02,no
title,2025,Liverpool,1767934800,0.0,0.02,no
title,2025,Liverpool,1768021200,0.0,0.02,no
title,2025,Liverpool,1768107600,0.0,0.01,no
title,2025,Liverpool,1768194000,0.0,0.01,no
title,2025,Liverpool,1768280400,0.0,0.01,no
title,2025,Liverpool,1768366800,0.0,0.01,no
title,2025,Liverpool,1768453200,0.0,0.01,no
title,2025,Liverpool,1768539600,0.0,0.01,no
title,2025,Liverpool,1768626000,0.0,0.01,no
title,2025,Liverpool,1768712400,0.0,0.02,no
title,2025,Liverpool,1768798800,0.0,0.02,no
title,2025,Liverpool,1768885200,0.0,0.01,no
title,2025,Liverpool,1768971600,0.0,0.01,no
title,2025,Liverpool,1769058000,0.0,0.01,no
title,2025,Liverpool,1769144400,0.0,0.01,no
title,2025,Liverpool,1769230800,0.0,0.01,no
title,2025,Liverpool,1769317200,0.0,0.01,no
title,2025,Liverpool,1769403600,0.0,0.01,no
title,2025,Liverpool,1769490000,0.0,0.02,no
title,2025,Liverpool,1769576400,0.0,0.02,no
title,2025,Liverpool,1769662800,0.0,0.01,no
title,2025,Liverpool,1769749200,0.0,0.01,no
title,2025,Liverpool,1769835600,0.0,0.01,no
title,2025,Liverpool,1769922000,0.0,0.02,no
title,2025,Liverpool,1770008400,0.0,0.01,no
title,2025,Liverpool,1770094800,0.0,0.01,no
title,2025,Liverpool,1770181200,0.0,0.01,no
title,2025,Liverpool,1770267600,0.0,0.01,no
title,2025,Liverpool,1770354000,0.0,0.01,no
title,2025,Liverpool,1770440400,0.0,0.01,no
title,2025,Liverpool,1770526800,0.0,0.01,no
title,2025,Liverpool,1770613200,0.0,0.01,no
title,2025,Liverpool,1770699600,0.0,0.01,no
title,2025,Liverpool,1770786000,0.0,0.01,no
title,2025,Liverpool,1770872400,0.0,0.01,no
title,2025,Liverpool,1770958800,0.0,0.01,no
title,2025,Liverpool,1771045200,0.0,0.01,no
title,2025,Liverpool,1771131600,0.0,0.01,no
title,2025,Liverpool,1771218000,0.0,0.01,no
title,2025,Liverpool,1771390800,0.0,0.01,no
title,2025,Liverpool,1771477200,0.0,0.01,no
title,2025,Liverpool,1771563600,0.0,0.01,no
title,2025,Liverpool,1771650000,0.0,0.01,no
title,2025,Liverpool,1771736400,0.0,0.01,no
title,2025,Liverpool,1771822800,0.0,0.01,no
title,2025,Liverpool,1771909200,0.0,0.01,no
title,2025,Liverpool,1771995600,0.0,0.01,no
title,2025,Liverpool,1772082000,0.0,0.01,no
title,2025,Liverpool,1772168400,0.0,0.01,no
title,2025,Liverpool,1772254800,0.0,0.01,no
title,2025,Liverpool,1772341200,0.0,0.01,no
title,2025,Liverpool,1772427600,0.0,0.01,no
title,2025,Liverpool,1772514000,0.0,0.01,no
title,2025,Liverpool,1772600400,0.0,0.01,no
title,2025,Liverpool,1772686800,0.0,0.01,no
title,2025,Liverpool,1772773200,0.0,0.01,no
title,2025,Liverpool,1772859600,0.0,0.01,no
title,2025,Liverpool,1772946000,0.0,0.01,no
title,2025,Liverpool,1773032400,0.0,0.01,no
title,2025,Liverpool,1773201600,0.0,0.01,no
title,2025,Liverpool,1773288000,0.0,0.01,no
title,2025,Liverpool,1773633600,0.0,0.01,no
title,2025,Liverpool,1773720000,0.0,0.01,no
title,2025,Liverpool,1773806400,0.0,0.01,no
title,2025,Liverpool,1773892800,0.0,0.01,no
title,2025,Liverpool,1773979200,0.0,0.01,no
title,2025,Liverpool,1774065600,0.0,0.01,no
title,2025,Liverpool,1774152000,0.0,0.01,no
title,2025,Liverpool,1774238400,0.0,0.01,no
title,2025,Liverpool,1774324800,0.0,0.01,no
title,2025,Liverpool,1774411200,0.0,0.01,no
title,2025,Liverpool,1774497600,0.0,0.01,no
title,2025,Liverpool,1774584000,0.0,0.01,no
title,2025,Liverpool,1774670400,0.0,0.01,no
title,2025,Liverpool,1774756800,0.0,0.01,no
title,2025,Liverpool,1774843200,0.0,0.01,no
title,2025,Liverpool,1774929600,0.0,0.01,no
title,2025,Liverpool,1775016000,0.0,0.01,no
title,2025,Liverpool,1775102400,0.0,0.01,no
title,2025,Liverpool,1775188800,0.0,0.01,no
title,2025,Liverpool,1775275200,0.0,0.01,no
title,2025,Liverpool,1775361600,0.0,0.01,no
title,2025,Liverpool,1775448000,0.0,0.01,no
title,2025,Liverpool,1775534400,0.0,0.01,no
title,2025,Liverpool,1775620800,0.0,0.01,no
title,2025,Liverpool,1775707200,0.0,0.01,no
title,2025,Liverpool,1775793600,0.0,0.01,no
title,2025,Liverpool,1775880000,0.0,0.01,no
title,2025,Liverpool,1775966400,0.0,0.01,no
title,2025,Liverpool,1776052800,0.0,0.01,no
title,2025,Liverpool,1776139200,0.0,0.01,no
title,2025,Liverpool,1776225600,0.0,0.01,no
title,2025,Liverpool,1776312000,0.0,0.01,no
title,2025,Liverpool,1776398400,0.0,0.01,no
title,2025,Liverpool,1776484800,0.0,0.01,no
title,2025,Liverpool,1776571200,0.0,0.01,no
title,2025,Liverpool,1776657600,0.0,0.01,no
title,2025,Liverpool,1776744000,0.0,0.01,no
title,2025,Liverpool,1776830400,0.0,0.01,no
title,2025,Liverpool,1776916800,0.0,0.01,no
title,2025,Liverpool,1777003200,0.0,0.01,no
title,2025,Liverpool,1777089600,0.0,0.01,no
title,2025,Liverpool,1777176000,0.0,0.01,no
title,2025,Liverpool,1777262400,0.0,0.01,no
title,2025,Liverpool,1777348800,0.0,0.01,no
title,2025,Liverpool,1777435200,0.0,0.01,no
title,2025,Liverpool,1777521600,0.0,0.01,no
title,2025,Liverpool,1777608000,0.0,0.01,no
title,2025,Liverpool,1777694400,0.0,0.01,no
title,2025,Liverpool,1777780800,0.0,0.01,no
title,2025,Liverpool,1777867200,0.0,0.01,no
title,2025,Liverpool,1777953600,0.0,0.01,no
title,2025,Liverpool,1778040000,0.0,0.01,no
title,2025,Liverpool,1778126400,0.0,0.01,no
title,2025,Liverpool,1778212800,0.0,0.01,no
title,2025,Liverpool,1778299200,0.0,0.01,no
title,2025,Liverpool,1778385600,0.0,0.01,no
title,2025,Liverpool,1778472000,0.0,0.01,no
title,2025,Liverpool,1778558400,0.0,0.01,no
title,2025,Liverpool,1778644800,0.0,0.01,no
title,2025,Liverpool,1778731200,0.0,0.01,no
title,2025,Liverpool,1778817600,0.0,0.01,no
title,2025,Liverpool,1778904000,0.0,0.01,no
title,2025,Liverpool,1778990400,0.0,0.01,no
title,2025,Liverpool,1779076800,0.0,0.01,no
title,2025,Liverpool,1779163200,0.0,0.01,no
title,2025,Liverpool,1779249600,0.0,0.01,no
title,2025,Chelsea,1754107200,0.09,0.19,no
title,2025,Chelsea,1754193600,0.09,0.18,no
title,2025,Chelsea,1754280000,0.09,0.15,no
title,2025,Chelsea,1754366400,0.08,0.13,no
title,2025,Chelsea,1754452800,0.09,0.13,no
title,2025,Chelsea,1754539200,0.09,0.11,no
title,2025,Chelsea,1754625600,0.1,0.12,no
title,2025,Chelsea,1754712000,0.08,0.11,no
title,2025,Chelsea,1754798400,0.09,0.12,no
title,2025,Chelsea,1754884800,0.09,0.12,no
title,2025,Chelsea,1754971200,0.09,0.11,no
title,2025,Chelsea,1755057600,0.1,0.11,no
title,2025,Chelsea,1755144000,0.1,0.12,no
title,2025,Chelsea,1755230400,0.1,0.11,no
title,2025,Chelsea,1755316800,0.1,0.11,no
title,2025,Chelsea,1755403200,0.1,0.12,no
title,2025,Chelsea,1755489600,0.08,0.09,no
title,2025,Chelsea,1755576000,0.09,0.11,no
title,2025,Chelsea,1755662400,0.09,0.1,no
title,2025,Chelsea,1755748800,0.07,0.09,no
title,2025,Chelsea,1755835200,0.07,0.09,no
title,2025,Chelsea,1755921600,0.08,0.1,no
title,2025,Chelsea,1756008000,0.1,0.12,no
title,2025,Chelsea,1756094400,0.1,0.12,no
title,2025,Chelsea,1756180800,0.11,0.12,no
title,2025,Chelsea,1756267200,0.1,0.11,no
title,2025,Chelsea,1756353600,0.1,0.12,no
title,2025,Chelsea,1756440000,0.1,0.12,no
title,2025,Chelsea,1756526400,0.09,0.11,no
title,2025,Chelsea,1756612800,0.1,0.12,no
title,2025,Chelsea,1756699200,0.09,0.11,no
title,2025,Chelsea,1756785600,0.1,0.11,no
title,2025,Chelsea,1756872000,0.1,0.11,no
title,2025,Chelsea,1756958400,0.1,0.11,no
title,2025,Chelsea,1757044800,0.09,0.1,no
title,2025,Chelsea,1757131200,0.09,0.1,no
title,2025,Chelsea,1757217600,0.09,0.1,no
title,2025,Chelsea,1757304000,0.09,0.1,no
title,2025,Chelsea,1757390400,0.09,0.1,no
title,2025,Chelsea,1757476800,0.09,0.11,no
title,2025,Chelsea,1757563200,0.09,0.11,no
title,2025,Chelsea,1757649600,0.09,0.11,no
title,2025,Chelsea,1757736000,0.09,0.1,no
title,2025,Chelsea,1757822400,0.08,0.1,no
title,2025,Chelsea,1757908800,0.07,0.08,no
title,2025,Chelsea,1757995200,0.07,0.08,no
title,2025,Chelsea,1758081600,0.07,0.08,no
title,2025,Chelsea,1758168000,0.07,0.08,no
title,2025,Chelsea,1758254400,0.07,0.08,no
title,2025,Chelsea,1758340800,0.07,0.08,no
title,2025,Chelsea,1758427200,0.03,0.04,no
title,2025,Chelsea,1758513600,0.02,0.04,no
title,2025,Chelsea,1758600000,0.02,0.04,no
title,2025,Chelsea,1758686400,0.02,0.04,no
title,2025,Chelsea,1758772800,0.02,0.04,no
title,2025,Chelsea,1758859200,0.02,0.04,no
title,2025,Chelsea,1758945600,0.03,0.04,no
title,2025,Chelsea,1759032000,0.02,0.04,no
title,2025,Chelsea,1759118400,0.01,0.04,no
title,2025,Chelsea,1759204800,0.02,0.03,no
title,2025,Chelsea,1759291200,0.02,0.04,no
title,2025,Chelsea,1759377600,0.02,0.04,no
title,2025,Chelsea,1759464000,0.02,0.04,no
title,2025,Chelsea,1759550400,0.02,0.04,no
title,2025,Chelsea,1759636800,0.01,0.06,no
title,2025,Chelsea,1759723200,0.04,0.07,no
title,2025,Chelsea,1759809600,0.04,0.06,no
title,2025,Chelsea,1759896000,0.04,0.05,no
title,2025,Chelsea,1759982400,0.04,0.05,no
title,2025,Chelsea,1760068800,0.04,0.05,no
title,2025,Chelsea,1760155200,0.04,0.05,no
title,2025,Chelsea,1760241600,0.04,0.05,no
title,2025,Chelsea,1760328000,0.04,0.05,no
title,2025,Chelsea,1760414400,0.04,0.05,no
title,2025,Chelsea,1760500800,0.04,0.05,no
title,2025,Chelsea,1760587200,0.04,0.05,no
title,2025,Chelsea,1760673600,0.04,0.05,no
title,2025,Chelsea,1760760000,0.02,0.04,no
title,2025,Chelsea,1760846400,0.04,0.05,no
title,2025,Chelsea,1760932800,0.04,0.06,no
title,2025,Chelsea,1761019200,0.04,0.06,no
title,2025,Chelsea,1761105600,0.05,0.06,no
title,2025,Chelsea,1761192000,0.04,0.06,no
title,2025,Chelsea,1761278400,0.03,0.06,no
title,2025,Chelsea,1761364800,0.03,0.06,no
title,2025,Chelsea,1761451200,0.02,0.04,no
title,2025,Chelsea,1761537600,0.02,0.04,no
title,2025,Chelsea,1761624000,0.02,0.03,no
title,2025,Chelsea,1761710400,0.02,0.04,no
title,2025,Chelsea,1761796800,0.02,0.03,no
title,2025,Chelsea,1761883200,0.02,0.03,no
title,2025,Chelsea,1761969600,0.01,0.03,no
title,2025,Chelsea,1762056000,0.02,0.04,no
title,2025,Chelsea,1762142400,0.03,0.04,no
title,2025,Chelsea,1762232400,0.03,0.04,no
title,2025,Chelsea,1762318800,0.01,0.04,no
title,2025,Chelsea,1762405200,0.02,0.03,no
title,2025,Chelsea,1762491600,0.01,0.03,no
title,2025,Chelsea,1762578000,0.01,0.03,no
title,2025,Chelsea,1762664400,0.01,0.04,no
title,2025,Chelsea,1762750800,0.05,0.08,no
title,2025,Chelsea,1762837200,0.04,0.05,no
title,2025,Chelsea,1762923600,0.04,0.06,no
title,2025,Chelsea,1763010000,0.04,0.06,no
title,2025,Chelsea,1763096400,0.03,0.05,no
title,2025,Chelsea,1763182800,0.03,0.05,no
title,2025,Chelsea,1763269200,0.04,0.05,no
title,2025,Chelsea,1763355600,0.05,0.06,no
title,2025,Chelsea,1763442000,0.05,0.06,no
title,2025,Chelsea,1763528400,0.05,0.06,no
title,2025,Chelsea,1763614800,0.05,0.06,no
title,2025,Chelsea,1763701200,0.05,0.06,no
title,2025,Chelsea,1763787600,0.05,0.06,no
title,2025,Chelsea,1763874000,0.06,0.07,no
title,2025,Chelsea,1763960400,0.06,0.07,no
title,2025,Chelsea,1764046800,0.06,0.08,no
title,2025,Chelsea,1764133200,0.06,0.07,no
title,2025,Chelsea,1764219600,0.06,0.07,no
title,2025,Chelsea,1764306000,0.06,0.07,no
title,2025,Chelsea,1764392400,0.06,0.07,no
title,2025,Chelsea,1764478800,0.06,0.07,no
title,2025,Chelsea,1764565200,0.06,0.08,no
title,2025,Chelsea,1764651600,0.07,0.08,no
title,2025,Chelsea,1764738000,0.06,0.08,no
title,2025,Chelsea,1764824400,0.03,0.06,no
title,2025,Chelsea,1764910800,0.04,0.05,no
title,2025,Chelsea,1764997200,0.02,0.04,no
title,2025,Chelsea,1765083600,0.02,0.03,no
title,2025,Chelsea,1765170000,0.04,0.07,no
title,2025,Chelsea,1765256400,0.03,0.04,no
title,2025,Chelsea,1765342800,0.02,0.04,no
title,2025,Chelsea,1765429200,0.02,0.04,no
title,2025,Chelsea,1765515600,0.02,0.03,no
title,2025,Chelsea,1765602000,0.01,0.03,no
title,2025,Chelsea,1765688400,0.02,0.03,no
title,2025,Chelsea,1765774800,0.01,0.03,no
title,2025,Chelsea,1765861200,0.01,0.02,no
title,2025,Chelsea,1765947600,0.01,0.03,no
title,2025,Chelsea,1766034000,0.02,0.03,no
title,2025,Chelsea,1766120400,0.02,0.03,no
title,2025,Chelsea,1766206800,0.02,0.03,no
title,2025,Chelsea,1766293200,0.01,0.02,no
title,2025,Chelsea,1766379600,0.01,0.02,no
title,2025,Chelsea,1766466000,0.01,0.02,no
title,2025,Chelsea,1766552400,0.01,0.02,no
title,2025,Chelsea,1766638800,0.01,0.02,no
title,2025,Chelsea,1766725200,0.01,0.02,no
title,2025,Chelsea,1766811600,0.01,0.02,no
title,2025,Chelsea,1766898000,0.01,0.02,no
title,2025,Chelsea,1766984400,0.0,0.01,no
title,2025,Chelsea,1767070800,0.0,0.01,no
title,2025,Chelsea,1767157200,0.0,0.01,no
title,2025,Chelsea,1767243600,0.0,0.02,no
title,2025,Chelsea,1767330000,0.0,0.02,no
title,2025,Chelsea,1767416400,0.0,0.01,no
title,2025,Chelsea,1767502800,0.0,0.01,no
title,2025,Chelsea,1767589200,0.0,0.01,no
title,2025,Chelsea,1767675600,0.0,0.01,no
title,2025,Chelsea,1767762000,0.0,0.01,no
title,2025,Chelsea,1767848400,0.0,0.01,no
title,2025,Chelsea,1767934800,0.0,0.01,no
title,2025,Chelsea,1768021200,0.0,0.01,no
title,2025,Chelsea,1768107600,0.0,0.01,no
title,2025,Chelsea,1768194000,0.0,0.01,no
title,2025,Chelsea,1768280400,0.0,0.01,no
title,2025,Chelsea,1768366800,0.0,0.01,no
title,2025,Chelsea,1768453200,0.0,0.01,no
title,2025,Chelsea,1768539600,0.0,0.01,no
title,2025,Chelsea,1768626000,0.0,0.01,no
title,2025,Chelsea,1768712400,0.0,0.01,no
title,2025,Chelsea,1768798800,0.0,0.01,no
title,2025,Chelsea,1768885200,0.0,0.01,no
title,2025,Chelsea,1768971600,0.0,0.01,no
title,2025,Chelsea,1769058000,0.0,0.01,no
title,2025,Chelsea,1769144400,0.0,0.01,no
title,2025,Chelsea,1769230800,0.0,0.01,no
title,2025,Chelsea,1769317200,0.0,0.01,no
title,2025,Chelsea,1769403600,0.0,0.01,no
title,2025,Chelsea,1769490000,0.0,0.01,no
title,2025,Chelsea,1769576400,0.0,0.01,no
title,2025,Chelsea,1769662800,0.0,0.01,no
title,2025,Chelsea,1769749200,0.0,0.01,no
title,2025,Chelsea,1769835600,0.0,0.01,no
title,2025,Chelsea,1769922000,0.0,0.02,no
title,2025,Chelsea,1770008400,0.0,0.01,no
title,2025,Chelsea,1770094800,0.0,0.01,no
title,2025,Chelsea,1770181200,0.0,0.01,no
title,2025,Chelsea,1770267600,0.0,0.01,no
title,2025,Chelsea,1770354000,0.0,0.01,no
title,2025,Chelsea,1770440400,0.0,0.01,no
title,2025,Chelsea,1770526800,0.0,0.01,no
title,2025,Chelsea,1770613200,0.0,0.01,no
title,2025,Chelsea,1770699600,0.0,0.01,no
title,2025,Chelsea,1770786000,0.0,0.01,no
title,2025,Chelsea,1770872400,0.0,0.01,no
title,2025,Chelsea,1770958800,0.0,0.01,no
title,2025,Chelsea,1771045200,0.0,0.01,no
title,2025,Chelsea,1771131600,0.0,0.01,no
title,2025,Chelsea,1771218000,0.0,0.01,no
title,2025,Chelsea,1771304400,0.0,0.01,no
title,2025,Chelsea,1771390800,0.0,0.01,no
title,2025,Chelsea,1771477200,0.0,0.01,no
title,2025,Chelsea,1771563600,0.0,0.01,no
title,2025,Chelsea,1771650000,0.0,0.01,no
title,2025,Chelsea,1771736400,0.0,0.01,no
title,2025,Chelsea,1771822800,0.0,0.01,no
title,2025,Chelsea,1771909200,0.0,0.01,no
title,2025,Chelsea,1771995600,0.0,0.01,no
title,2025,Chelsea,1772082000,0.0,0.01,no
title,2025,Chelsea,1772168400,0.0,0.01,no
title,2025,Chelsea,1772254800,0.0,0.01,no
title,2025,Chelsea,1772341200,0.0,0.01,no
title,2025,Chelsea,1772427600,0.0,0.01,no
title,2025,Chelsea,1772514000,0.0,0.01,no
title,2025,Chelsea,1772600400,0.0,0.01,no
title,2025,Chelsea,1772773200,0.0,0.01,no
title,2025,Chelsea,1772859600,0.0,0.01,no
title,2025,Chelsea,1772946000,0.0,0.01,no
title,2025,Chelsea,1773032400,0.0,0.01,no
title,2025,Chelsea,1773201600,0.0,0.01,no
title,2025,Chelsea,1773288000,0.0,0.01,no
title,2025,Chelsea,1773374400,0.0,0.01,no
title,2025,Chelsea,1773633600,0.0,0.01,no
title,2025,Chelsea,1773720000,0.0,0.01,no
title,2025,Chelsea,1773806400,0.0,0.01,no
title,2025,Chelsea,1773892800,0.0,0.01,no
title,2025,Chelsea,1773979200,0.0,0.01,no
title,2025,Chelsea,1774065600,0.0,0.01,no
title,2025,Chelsea,1774152000,0.0,0.01,no
title,2025,Chelsea,1774238400,0.0,0.01,no
title,2025,Chelsea,1774324800,0.0,0.01,no
title,2025,Chelsea,1774411200,0.0,0.01,no
title,2025,Chelsea,1774497600,0.0,0.01,no
title,2025,Chelsea,1774584000,0.0,0.01,no
title,2025,Chelsea,1774670400,0.0,0.01,no
title,2025,Chelsea,1774843200,0.0,0.01,no
title,2025,Chelsea,1774929600,0.0,0.01,no
title,2025,Chelsea,1775102400,0.0,0.01,no
title,2025,Chelsea,1775188800,0.0,0.01,no
title,2025,Chelsea,1775448000,0.0,0.01,no
title,2025,Chelsea,1775534400,0.0,0.01,no
title,2025,Chelsea,1775620800,0.0,0.01,no
title,2025,Chelsea,1775707200,0.0,0.01,no
title,2025,Chelsea,1775793600,0.0,0.01,no
title,2025,Chelsea,1775966400,0.0,0.01,no
title,2025,Chelsea,1776139200,0.0,0.01,no
title,2025,Chelsea,1776225600,0.0,0.01,no
title,2025,Chelsea,1776312000,0.0,0.01,no
title,2025,Chelsea,1776398400,0.0,0.01,no
title,2025,Chelsea,1776484800,0.0,0.01,no
title,2025,Chelsea,1776571200,0.0,0.01,no
title,2025,Chelsea,1776657600,0.0,0.01,no
title,2025,Chelsea,1776744000,0.0,0.01,no
title,2025,Chelsea,1776830400,0.0,0.01,no
title,2025,Chelsea,1776916800,0.0,0.01,no
title,2025,Chelsea,1777003200,0.0,0.01,no
title,2025,Chelsea,1777089600,0.0,0.01,no
title,2025,Chelsea,1777176000,0.0,0.01,no
title,2025,Chelsea,1777262400,0.0,0.01,no
title,2025,Chelsea,1777348800,0.0,0.01,no
title,2025,Chelsea,1777435200,0.0,0.01,no
title,2025,Chelsea,1777521600,0.0,0.01,no
title,2025,Chelsea,1777608000,0.0,0.01,no
title,2025,Chelsea,1777694400,0.0,0.01,no
title,2025,Chelsea,1777780800,0.0,0.01,no
title,2025,Chelsea,1777867200,0.0,0.01,no
title,2025,Chelsea,1777953600,0.0,0.01,no
title,2025,Chelsea,1778040000,0.0,0.01,no
title,2025,Chelsea,1778126400,0.0,0.01,no
title,2025,Chelsea,1778212800,0.0,0.01,no
title,2025,Chelsea,1778299200,0.0,0.01,no
title,2025,Chelsea,1778385600,0.0,0.01,no
title,2025,Chelsea,1778472000,0.0,0.01,no
title,2025,Chelsea,1778558400,0.0,0.01,no
title,2025,Chelsea,1778644800,0.0,0.01,no
title,2025,Chelsea,1778731200,0.0,0.01,no
title,2025,Chelsea,1778817600,0.0,0.01,no
title,2025,Chelsea,1778904000,0.0,0.01,no
title,2025,Chelsea,1778990400,0.0,0.01,no
title,2025,Chelsea,1779076800,0.0,0.01,no
title,2025,Chelsea,1779163200,0.0,0.01,no
title,2025,Chelsea,1779249600,0.0,0.01,no
title,2025,Brighton,1754107200,0.0,0.2,no
title,2025,Brighton,1754193600,0.0,0.2,no
title,2025,Brighton,1754280000,0.0,0.06,no
title,2025,Brighton,1754366400,0.0,0.01,no
title,2025,Brighton,1754452800,0.0,0.01,no
title,2025,Brighton,1754539200,0.0,0.01,no
title,2025,Brighton,1754625600,0.0,0.01,no
title,2025,Brighton,1754712000,0.0,0.01,no
title,2025,Brighton,1754798400,0.0,0.01,no
title,2025,Brighton,1754884800,0.0,0.01,no
title,2025,Brighton,1754971200,0.0,0.01,no
title,2025,Brighton,1755057600,0.0,0.01,no
title,2025,Brighton,1755144000,0.0,0.01,no
title,2025,Brighton,1755230400,0.0,0.01,no
title,2025,Brighton,1755316800,0.0,0.01,no
title,2025,Brighton,1755403200,0.0,0.01,no
title,2025,Brighton,1755489600,0.0,0.01,no
title,2025,Brighton,1755576000,0.0,0.01,no
title,2025,Brighton,1755662400,0.0,0.01,no
title,2025,Brighton,1755748800,0.0,0.01,no
title,2025,Brighton,1755835200,0.0,0.01,no
title,2025,Brighton,1755921600,0.0,0.01,no
title,2025,Brighton,1756008000,0.0,0.01,no
title,2025,Brighton,1756094400,0.0,0.01,no
title,2025,Brighton,1756180800,0.0,0.01,no
title,2025,Brighton,1756267200,0.0,0.01,no
title,2025,Brighton,1756353600,0.0,0.01,no
title,2025,Brighton,1756440000,0.0,0.01,no
title,2025,Brighton,1756526400,0.0,0.01,no
title,2025,Brighton,1756612800,0.0,0.01,no
title,2025,Brighton,1756699200,0.0,0.01,no
title,2025,Brighton,1756785600,0.0,0.01,no
title,2025,Brighton,1756872000,0.0,0.01,no
title,2025,Brighton,1756958400,0.0,0.01,no
title,2025,Brighton,1757044800,0.0,0.01,no
title,2025,Brighton,1757131200,0.0,0.01,no
title,2025,Brighton,1757217600,0.0,0.01,no
title,2025,Brighton,1757304000,0.0,0.01,no
title,2025,Brighton,1757390400,0.0,0.01,no
title,2025,Brighton,1757476800,0.0,0.01,no
title,2025,Brighton,1757563200,0.0,0.01,no
title,2025,Brighton,1757649600,0.0,0.01,no
title,2025,Brighton,1757736000,0.0,0.01,no
title,2025,Brighton,1757822400,0.0,0.01,no
title,2025,Brighton,1757908800,0.0,0.01,no
title,2025,Brighton,1757995200,0.0,0.01,no
title,2025,Brighton,1758081600,0.0,0.01,no
title,2025,Brighton,1758168000,0.0,0.01,no
title,2025,Brighton,1758254400,0.0,0.01,no
title,2025,Brighton,1758340800,0.0,0.01,no
title,2025,Brighton,1758427200,0.0,0.01,no
title,2025,Brighton,1758513600,0.0,0.01,no
title,2025,Brighton,1758600000,0.0,0.01,no
title,2025,Brighton,1758686400,0.0,0.01,no
title,2025,Brighton,1758772800,0.0,0.01,no
title,2025,Brighton,1758859200,0.0,0.01,no
title,2025,Brighton,1758945600,0.0,0.01,no
title,2025,Brighton,1759032000,0.0,0.01,no
title,2025,Brighton,1759118400,0.0,0.01,no
title,2025,Brighton,1759204800,0.0,0.01,no
title,2025,Brighton,1759291200,0.0,0.01,no
title,2025,Brighton,1759377600,0.0,0.01,no
title,2025,Brighton,1759464000,0.0,0.01,no
title,2025,Brighton,1759550400,0.0,0.01,no
title,2025,Brighton,1759636800,0.0,0.01,no
title,2025,Brighton,1759723200,0.0,0.01,no
title,2025,Brighton,1759809600,0.0,0.01,no
title,2025,Brighton,1759896000,0.0,0.01,no
title,2025,Brighton,1759982400,0.0,0.01,no
title,2025,Brighton,1760068800,0.0,0.01,no
title,2025,Brighton,1760155200,0.0,0.01,no
title,2025,Brighton,1760241600,0.0,0.01,no
title,2025,Brighton,1760328000,0.0,0.01,no
title,2025,Brighton,1760414400,0.0,0.01,no
title,2025,Brighton,1760500800,0.0,0.01,no
title,2025,Brighton,1760587200,0.0,0.01,no
title,2025,Brighton,1760673600,0.0,0.01,no
title,2025,Brighton,1760760000,0.0,0.01,no
title,2025,Brighton,1760846400,0.0,0.01,no
title,2025,Brighton,1760932800,0.0,0.01,no
title,2025,Brighton,1761019200,0.0,0.01,no
title,2025,Brighton,1761105600,0.0,0.01,no
title,2025,Brighton,1761192000,0.0,0.01,no
title,2025,Brighton,1761278400,0.0,0.01,no
title,2025,Brighton,1761364800,0.0,0.01,no
title,2025,Brighton,1761451200,0.0,0.01,no
title,2025,Brighton,1761537600,0.0,0.01,no
title,2025,Brighton,1761624000,0.0,0.01,no
title,2025,Brighton,1761710400,0.0,0.01,no
title,2025,Brighton,1761796800,0.0,0.01,no
title,2025,Brighton,1761883200,0.0,0.01,no
title,2025,Brighton,1761969600,0.0,0.01,no
title,2025,Brighton,1762056000,0.0,0.01,no
title,2025,Brighton,1762142400,0.0,0.01,no
title,2025,Brighton,1762232400,0.0,0.01,no
title,2025,Brighton,1762318800,0.0,0.01,no
title,2025,Brighton,1762405200,0.0,0.01,no
title,2025,Brighton,1762491600,0.0,0.01,no
title,2025,Brighton,1762578000,0.0,0.01,no
title,2025,Brighton,1762664400,0.0,0.01,no
title,2025,Brighton,1762750800,0.0,0.01,no
title,2025,Brighton,1762837200,0.0,0.01,no
title,2025,Brighton,1762923600,0.0,0.01,no
title,2025,Brighton,1763010000,0.0,0.01,no
title,2025,Brighton,1763096400,0.0,0.01,no
title,2025,Brighton,1763182800,0.0,0.01,no
title,2025,Brighton,1763269200,0.0,0.01,no
title,2025,Brighton,1763355600,0.0,0.01,no
title,2025,Brighton,1763442000,0.0,0.01,no
title,2025,Brighton,1763528400,0.0,0.01,no
title,2025,Brighton,1763614800,0.0,0.01,no
title,2025,Brighton,1763701200,0.0,0.01,no
title,2025,Brighton,1763787600,0.0,0.01,no
title,2025,Brighton,1763874000,0.0,0.01,no
title,2025,Brighton,1763960400,0.0,0.01,no
title,2025,Brighton,1764046800,0.0,0.01,no
title,2025,Brighton,1764133200,0.0,0.01,no
title,2025,Brighton,1764219600,0.0,0.01,no
title,2025,Brighton,1764306000,0.0,0.01,no
title,2025,Brighton,1764392400,0.0,0.01,no
title,2025,Brighton,1764478800,0.0,0.01,no
title,2025,Brighton,1764565200,0.0,0.01,no
title,2025,Brighton,1764651600,0.0,0.01,no
title,2025,Brighton,1764738000,0.0,0.01,no
title,2025,Brighton,1764824400,0.0,0.01,no
title,2025,Brighton,1764910800,0.0,0.01,no
title,2025,Brighton,1764997200,0.0,0.01,no
title,2025,Brighton,1765083600,0.0,0.01,no
title,2025,Brighton,1765170000,0.0,0.01,no
title,2025,Brighton,1765256400,0.0,0.01,no
title,2025,Brighton,1765342800,0.0,0.01,no
title,2025,Brighton,1765429200,0.0,0.01,no
title,2025,Brighton,1765515600,0.0,0.01,no
title,2025,Brighton,1765602000,0.0,0.01,no
title,2025,Brighton,1765688400,0.0,0.01,no
title,2025,Brighton,1765774800,0.0,0.01,no
title,2025,Brighton,1765861200,0.0,0.01,no
title,2025,Brighton,1765947600,0.0,0.01,no
title,2025,Brighton,1766034000,0.0,0.01,no
title,2025,Brighton,1766120400,0.0,0.01,no
title,2025,Brighton,1766206800,0.0,0.01,no
title,2025,Brighton,1766293200,0.0,0.01,no
title,2025,Brighton,1766379600,0.0,0.01,no
title,2025,Brighton,1766466000,0.0,0.01,no
title,2025,Brighton,1766552400,0.0,0.01,no
title,2025,Brighton,1766638800,0.0,0.01,no
title,2025,Brighton,1766725200,0.0,0.01,no
title,2025,Brighton,1766811600,0.0,0.01,no
title,2025,Brighton,1766898000,0.0,0.01,no
title,2025,Brighton,1766984400,0.0,0.01,no
title,2025,Brighton,1767070800,0.0,0.01,no
title,2025,Brighton,1767157200,0.0,0.01,no
title,2025,Brighton,1767243600,0.0,0.01,no
title,2025,Brighton,1767330000,0.0,0.01,no
title,2025,Brighton,1767416400,0.0,0.01,no
title,2025,Brighton,1767502800,0.0,0.01,no
title,2025,Brighton,1767589200,0.0,0.01,no
title,2025,Brighton,1767675600,0.0,0.01,no
title,2025,Brighton,1767762000,0.0,0.01,no
title,2025,Brighton,1767848400,0.0,0.01,no
title,2025,Brighton,1767934800,0.0,0.01,no
title,2025,Brighton,1768021200,0.0,0.01,no
title,2025,Brighton,1768107600,0.0,0.01,no
title,2025,Brighton,1768194000,0.0,0.01,no
title,2025,Brighton,1768280400,0.0,0.01,no
title,2025,Brighton,1768366800,0.0,0.01,no
title,2025,Brighton,1768453200,0.0,0.01,no
title,2025,Brighton,1768539600,0.0,0.01,no
title,2025,Brighton,1768626000,0.0,0.01,no
title,2025,Brighton,1768712400,0.0,0.01,no
title,2025,Brighton,1768798800,0.0,0.01,no
title,2025,Brighton,1768885200,0.0,0.01,no
title,2025,Brighton,1768971600,0.0,0.01,no
title,2025,Brighton,1769058000,0.0,0.01,no
title,2025,Brighton,1769144400,0.0,0.01,no
title,2025,Brighton,1769230800,0.0,0.01,no
title,2025,Brighton,1769317200,0.0,0.01,no
title,2025,Brighton,1769403600,0.0,0.01,no
title,2025,Brighton,1769490000,0.0,0.01,no
title,2025,Brighton,1769576400,0.0,0.01,no
title,2025,Brighton,1769662800,0.0,0.01,no
title,2025,Brighton,1769749200,0.0,0.01,no
title,2025,Brighton,1769835600,0.0,0.01,no
title,2025,Brighton,1769922000,0.0,0.01,no
title,2025,Brighton,1770008400,0.0,0.01,no
title,2025,Brighton,1770094800,0.0,0.01,no
title,2025,Brighton,1770181200,0.0,0.01,no
title,2025,Brighton,1770267600,0.0,0.01,no
title,2025,Brighton,1770354000,0.0,0.01,no
title,2025,Brighton,1770440400,0.0,0.01,no
title,2025,Brighton,1770526800,0.0,0.01,no
title,2025,Brighton,1770613200,0.0,0.01,no
title,2025,Brighton,1770699600,0.0,0.01,no
title,2025,Brighton,1770872400,0.0,0.01,no
title,2025,Brighton,1770958800,0.0,0.01,no
title,2025,Brighton,1771045200,0.0,0.01,no
title,2025,Brighton,1771131600,0.0,0.01,no
title,2025,Brighton,1771218000,0.0,0.01,no
title,2025,Brighton,1771304400,0.0,0.01,no
title,2025,Brighton,1771390800,0.0,0.01,no
title,2025,Brighton,1771477200,0.0,0.01,no
title,2025,Brighton,1771563600,0.0,0.01,no
title,2025,Brighton,1771650000,0.0,0.01,no
title,2025,Brighton,1771736400,0.0,0.01,no
title,2025,Brighton,1771822800,0.0,0.01,no
title,2025,Brighton,1771909200,0.0,0.01,no
title,2025,Brighton,1771995600,0.0,0.01,no
title,2025,Brighton,1772082000,0.0,0.01,no
title,2025,Brighton,1772168400,0.0,0.01,no
title,2025,Brighton,1772254800,0.0,0.01,no
title,2025,Brighton,1772341200,0.0,0.01,no
title,2025,Brighton,1772427600,0.0,0.01,no
title,2025,Brighton,1772514000,0.0,0.01,no
title,2025,Brighton,1772600400,0.0,0.01,no
title,2025,Brighton,1772859600,0.0,0.01,no
title,2025,Brighton,1773032400,0.0,0.01,no
title,2025,Brighton,1773633600,0.0,0.01,no
title,2025,Brighton,1773720000,0.0,0.01,no
title,2025,Brighton,1773979200,0.0,0.01,no
title,2025,Brighton,1774065600,0.0,0.01,no
title,2025,Brighton,1774238400,0.0,0.01,no
title,2025,Brighton,1774324800,0.0,0.01,no
title,2025,Brighton,1774411200,0.0,0.01,no
title,2025,Brighton,1774497600,0.0,0.01,no
title,2025,Brighton,1774584000,0.0,0.01,no
title,2025,Brighton,1774929600,0.0,0.01,no
title,2025,Brighton,1775275200,0.0,0.01,no
title,2025,Brighton,1775448000,0.0,0.01,no
title,2025,Brighton,1775880000,0.0,0.01,no
title,2025,Brighton,1776139200,0.0,0.01,no
title,2025,Brighton,1776312000,0.0,0.01,no
title,2025,Brighton,1776398400,0.0,0.01,no
title,2025,Brighton,1776484800,0.0,0.01,no
title,2025,Brighton,1776571200,0.0,0.01,no
title,2025,Brighton,1776657600,0.0,0.01,no
title,2025,Brighton,1776744000,0.0,0.01,no
title,2025,Brighton,1776830400,0.0,0.01,no
title,2025,Brighton,1776916800,0.0,0.01,no
title,2025,Brighton,1777003200,0.0,0.01,no
title,2025,Brighton,1777089600,0.0,0.01,no
title,2025,Brighton,1777176000,0.0,0.01,no
title,2025,Brighton,1777262400,0.0,0.01,no
title,2025,Brighton,1777348800,0.0,0.01,no
title,2025,Brighton,1777435200,0.0,0.01,no
title,2025,Brighton,1777521600,0.0,0.01,no
title,2025,Brighton,1777608000,0.0,0.01,no
title,2025,Brighton,1777694400,0.0,0.01,no
title,2025,Brighton,1777780800,0.0,0.01,no
title,2025,Brighton,1777867200,0.0,0.01,no
title,2025,Brighton,1777953600,0.0,0.01,no
title,2025,Brighton,1778040000,0.0,0.01,no
title,2025,Brighton,1778126400,0.0,0.01,no
title,2025,Brighton,1778212800,0.0,0.01,no
title,2025,Brighton,1778299200,0.0,0.01,no
title,2025,Brighton,1778385600,0.0,0.01,no
title,2025,Brighton,1778472000,0.0,0.01,no
title,2025,Brighton,1778558400,0.0,0.01,no
title,2025,Brighton,1778644800,0.0,0.01,no
title,2025,Brighton,1778731200,0.0,0.01,no
title,2025,Brighton,1778817600,0.0,0.01,no
title,2025,Brighton,1778904000,0.0,0.01,no
title,2025,Brighton,1778990400,0.0,0.01,no
title,2025,Brighton,1779076800,0.0,0.01,no
title,2025,Brighton,1779163200,0.0,0.01,no
title,2025,Brighton,1779249600,0.0,0.01,no
title,2025,Aston Villa,1754107200,0.0,0.24,no
title,2025,Aston Villa,1754193600,0.0,0.24,no
title,2025,Aston Villa,1754280000,0.0,0.06,no
title,2025,Aston Villa,1754366400,0.0,0.01,no
title,2025,Aston Villa,1754452800,0.0,0.01,no
title,2025,Aston Villa,1754539200,0.0,0.01,no
title,2025,Aston Villa,1754625600,0.0,0.02,no
title,2025,Aston Villa,1754712000,0.0,0.01,no
title,2025,Aston Villa,1754798400,0.0,0.01,no
title,2025,Aston Villa,1754884800,0.0,0.01,no
title,2025,Aston Villa,1754971200,0.0,0.02,no
title,2025,Aston Villa,1755057600,0.0,0.01,no
title,2025,Aston Villa,1755144000,0.0,0.01,no
title,2025,Aston Villa,1755230400,0.0,0.01,no
title,2025,Aston Villa,1755316800,0.0,0.01,no
title,2025,Aston Villa,1755403200,0.0,0.02,no
title,2025,Aston Villa,1755489600,0.0,0.01,no
title,2025,Aston Villa,1755576000,0.0,0.01,no
title,2025,Aston Villa,1755662400,0.0,0.01,no
title,2025,Aston Villa,1755748800,0.0,0.01,no
title,2025,Aston Villa,1755835200,0.0,0.01,no
title,2025,Aston Villa,1755921600,0.0,0.01,no
title,2025,Aston Villa,1756008000,0.0,0.01,no
title,2025,Aston Villa,1756094400,0.0,0.01,no
title,2025,Aston Villa,1756180800,0.0,0.01,no
title,2025,Aston Villa,1756267200,0.0,0.01,no
title,2025,Aston Villa,1756353600,0.0,0.01,no
title,2025,Aston Villa,1756440000,0.0,0.01,no
title,2025,Aston Villa,1756526400,0.0,0.01,no
title,2025,Aston Villa,1756612800,0.0,0.01,no
title,2025,Aston Villa,1756699200,0.0,0.01,no
title,2025,Aston Villa,1756785600,0.0,0.01,no
title,2025,Aston Villa,1756872000,0.0,0.01,no
title,2025,Aston Villa,1756958400,0.0,0.01,no
title,2025,Aston Villa,1757044800,0.0,0.01,no
title,2025,Aston Villa,1757131200,0.0,0.01,no
title,2025,Aston Villa,1757217600,0.0,0.01,no
title,2025,Aston Villa,1757304000,0.0,0.01,no
title,2025,Aston Villa,1757390400,0.0,0.01,no
title,2025,Aston Villa,1757476800,0.0,0.01,no
title,2025,Aston Villa,1757563200,0.0,0.01,no
title,2025,Aston Villa,1757649600,0.0,0.01,no
title,2025,Aston Villa,1757736000,0.0,0.01,no
title,2025,Aston Villa,1757822400,0.0,0.01,no
title,2025,Aston Villa,1757908800,0.0,0.01,no
title,2025,Aston Villa,1757995200,0.0,0.01,no
title,2025,Aston Villa,1758081600,0.0,0.01,no
title,2025,Aston Villa,1758168000,0.0,0.01,no
title,2025,Aston Villa,1758254400,0.0,0.01,no
title,2025,Aston Villa,1758340800,0.0,0.01,no
title,2025,Aston Villa,1758427200,0.0,0.01,no
title,2025,Aston Villa,1758513600,0.0,0.01,no
title,2025,Aston Villa,1758600000,0.0,0.01,no
title,2025,Aston Villa,1758686400,0.0,0.01,no
title,2025,Aston Villa,1758772800,0.0,0.01,no
title,2025,Aston Villa,1758859200,0.0,0.01,no
title,2025,Aston Villa,1758945600,0.0,0.01,no
title,2025,Aston Villa,1759032000,0.0,0.01,no
title,2025,Aston Villa,1759118400,0.0,0.01,no
title,2025,Aston Villa,1759204800,0.0,0.01,no
title,2025,Aston Villa,1759291200,0.0,0.01,no
title,2025,Aston Villa,1759377600,0.0,0.01,no
title,2025,Aston Villa,1759464000,0.0,0.01,no
title,2025,Aston Villa,1759550400,0.0,0.01,no
title,2025,Aston Villa,1759636800,0.0,0.01,no
title,2025,Aston Villa,1759723200,0.0,0.01,no
title,2025,Aston Villa,1759809600,0.0,0.01,no
title,2025,Aston Villa,1759896000,0.0,0.01,no
title,2025,Aston Villa,1759982400,0.0,0.01,no
title,2025,Aston Villa,1760068800,0.0,0.01,no
title,2025,Aston Villa,1760155200,0.0,0.01,no
title,2025,Aston Villa,1760241600,0.0,0.01,no
title,2025,Aston Villa,1760328000,0.0,0.01,no
title,2025,Aston Villa,1760414400,0.0,0.01,no
title,2025,Aston Villa,1760500800,0.0,0.01,no
title,2025,Aston Villa,1760587200,0.0,0.01,no
title,2025,Aston Villa,1760673600,0.0,0.01,no
title,2025,Aston Villa,1760760000,0.0,0.01,no
title,2025,Aston Villa,1760846400,0.0,0.01,no
title,2025,Aston Villa,1760932800,0.0,0.01,no
title,2025,Aston Villa,1761019200,0.0,0.01,no
title,2025,Aston Villa,1761105600,0.0,0.01,no
title,2025,Aston Villa,1761192000,0.0,0.01,no
title,2025,Aston Villa,1761278400,0.0,0.01,no
title,2025,Aston Villa,1761364800,0.0,0.01,no
title,2025,Aston Villa,1761451200,0.0,0.01,no
title,2025,Aston Villa,1761537600,0.0,0.01,no
title,2025,Aston Villa,1761624000,0.0,0.01,no
title,2025,Aston Villa,1761710400,0.0,0.01,no
title,2025,Aston Villa,1761796800,0.0,0.01,no
title,2025,Aston Villa,1761883200,0.0,0.01,no
title,2025,Aston Villa,1761969600,0.0,0.01,no
title,2025,Aston Villa,1762056000,0.0,0.01,no
title,2025,Aston Villa,1762142400,0.0,0.01,no
title,2025,Aston Villa,1762232400,0.0,0.01,no
title,2025,Aston Villa,1762318800,0.0,0.01,no
title,2025,Aston Villa,1762405200,0.0,0.01,no
title,2025,Aston Villa,1762491600,0.0,0.01,no
title,2025,Aston Villa,1762578000,0.0,0.01,no
title,2025,Aston Villa,1762664400,0.0,0.01,no
title,2025,Aston Villa,1762750800,0.0,0.01,no
title,2025,Aston Villa,1762837200,0.0,0.01,no
title,2025,Aston Villa,1762923600,0.0,0.01,no
title,2025,Aston Villa,1763010000,0.0,0.01,no
title,2025,Aston Villa,1763096400,0.0,0.01,no
title,2025,Aston Villa,1763182800,0.0,0.01,no
title,2025,Aston Villa,1763269200,0.0,0.01,no
title,2025,Aston Villa,1763355600,0.0,0.01,no
title,2025,Aston Villa,1763442000,0.0,0.01,no
title,2025,Aston Villa,1763528400,0.0,0.01,no
title,2025,Aston Villa,1763614800,0.0,0.01,no
title,2025,Aston Villa,1763701200,0.0,0.01,no
title,2025,Aston Villa,1763787600,0.0,0.01,no
title,2025,Aston Villa,1763874000,0.0,0.01,no
title,2025,Aston Villa,1763960400,0.0,0.01,no
title,2025,Aston Villa,1764046800,0.0,0.01,no
title,2025,Aston Villa,1764133200,0.0,0.01,no
title,2025,Aston Villa,1764219600,0.0,0.01,no
title,2025,Aston Villa,1764306000,0.0,0.01,no
title,2025,Aston Villa,1764392400,0.0,0.01,no
title,2025,Aston Villa,1764478800,0.0,0.01,no
title,2025,Aston Villa,1764565200,0.0,0.01,no
title,2025,Aston Villa,1764651600,0.0,0.01,no
title,2025,Aston Villa,1764738000,0.0,0.01,no
title,2025,Aston Villa,1764824400,0.0,0.01,no
title,2025,Aston Villa,1764910800,0.0,0.01,no
title,2025,Aston Villa,1764997200,0.0,0.01,no
title,2025,Aston Villa,1765083600,0.03,0.1,no
title,2025,Aston Villa,1765170000,0.04,0.05,no
title,2025,Aston Villa,1765256400,0.03,0.04,no
title,2025,Aston Villa,1765342800,0.03,0.04,no
title,2025,Aston Villa,1765429200,0.03,0.04,no
title,2025,Aston Villa,1765515600,0.02,0.04,no
title,2025,Aston Villa,1765602000,0.02,0.03,no
title,2025,Aston Villa,1765688400,0.02,0.03,no
title,2025,Aston Villa,1765774800,0.03,0.04,no
title,2025,Aston Villa,1765861200,0.02,0.04,no
title,2025,Aston Villa,1765947600,0.03,0.04,no
title,2025,Aston Villa,1766034000,0.03,0.04,no
title,2025,Aston Villa,1766120400,0.02,0.04,no
title,2025,Aston Villa,1766206800,0.02,0.03,no
title,2025,Aston Villa,1766293200,0.04,0.06,no
title,2025,Aston Villa,1766379600,0.03,0.04,no
title,2025,Aston Villa,1766466000,0.03,0.04,no
title,2025,Aston Villa,1766552400,0.03,0.04,no
title,2025,Aston Villa,1766638800,0.03,0.04,no
title,2025,Aston Villa,1766725200,0.03,0.04,no
title,2025,Aston Villa,1766811600,0.03,0.04,no
title,2025,Aston Villa,1766898000,0.05,0.07,no
title,2025,Aston Villa,1766984400,0.06,0.08,no
title,2025,Aston Villa,1767070800,0.04,0.05,no
title,2025,Aston Villa,1767157200,0.02,0.03,no
title,2025,Aston Villa,1767243600,0.02,0.03,no
title,2025,Aston Villa,1767330000,0.02,0.03,no
title,2025,Aston Villa,1767416400,0.02,0.03,no
title,2025,Aston Villa,1767502800,0.02,0.03,no
title,2025,Aston Villa,1767589200,0.03,0.04,no
title,2025,Aston Villa,1767675600,0.04,0.05,no
title,2025,Aston Villa,1767762000,0.03,0.04,no
title,2025,Aston Villa,1767848400,0.03,0.04,no
title,2025,Aston Villa,1767934800,0.03,0.04,no
title,2025,Aston Villa,1768021200,0.02,0.04,no
title,2025,Aston Villa,1768107600,0.02,0.04,no
title,2025,Aston Villa,1768194000,0.03,0.04,no
title,2025,Aston Villa,1768280400,0.02,0.04,no
title,2025,Aston Villa,1768366800,0.02,0.03,no
title,2025,Aston Villa,1768453200,0.02,0.04,no
title,2025,Aston Villa,1768539600,0.02,0.04,no
title,2025,Aston Villa,1768626000,0.02,0.04,no
title,2025,Aston Villa,1768712400,0.04,0.05,no
title,2025,Aston Villa,1768798800,0.02,0.03,no
title,2025,Aston Villa,1768885200,0.01,0.02,no
title,2025,Aston Villa,1768971600,0.02,0.03,no
title,2025,Aston Villa,1769058000,0.02,0.03,no
title,2025,Aston Villa,1769144400,0.02,0.03,no
title,2025,Aston Villa,1769230800,0.02,0.03,no
title,2025,Aston Villa,1769317200,0.02,0.03,no
title,2025,Aston Villa,1769403600,0.04,0.05,no
title,2025,Aston Villa,1769490000,0.04,0.05,no
title,2025,Aston Villa,1769576400,0.04,0.05,no
title,2025,Aston Villa,1769662800,0.04,0.05,no
title,2025,Aston Villa,1769749200,0.04,0.05,no
title,2025,Aston Villa,1769835600,0.04,0.05,no
title,2025,Aston Villa,1769922000,0.03,0.05,no
title,2025,Aston Villa,1770008400,0.02,0.03,no
title,2025,Aston Villa,1770094800,0.02,0.03,no
title,2025,Aston Villa,1770181200,0.01,0.02,no
title,2025,Aston Villa,1770267600,0.02,0.03,no
title,2025,Aston Villa,1770354000,0.02,0.03,no
title,2025,Aston Villa,1770440400,0.02,0.03,no
title,2025,Aston Villa,1770526800,0.0,0.02,no
title,2025,Aston Villa,1770613200,0.0,0.02,no
title,2025,Aston Villa,1770699600,0.0,0.02,no
title,2025,Aston Villa,1770786000,0.0,0.01,no
title,2025,Aston Villa,1770872400,0.01,0.02,no
title,2025,Aston Villa,1770958800,0.0,0.02,no
title,2025,Aston Villa,1771045200,0.01,0.02,no
title,2025,Aston Villa,1771131600,0.01,0.02,no
title,2025,Aston Villa,1771218000,0.0,0.02,no
title,2025,Aston Villa,1771304400,0.01,0.02,no
title,2025,Aston Villa,1771390800,0.01,0.02,no
title,2025,Aston Villa,1771477200,0.01,0.02,no
title,2025,Aston Villa,1771563600,0.01,0.02,no
title,2025,Aston Villa,1771650000,0.01,0.02,no
title,2025,Aston Villa,1771736400,0.0,0.02,no
title,2025,Aston Villa,1771822800,0.0,0.02,no
title,2025,Aston Villa,1771909200,0.0,0.01,no
title,2025,Aston Villa,1771995600,0.0,0.01,no
title,2025,Aston Villa,1772082000,0.0,0.01,no
title,2025,Aston Villa,1772168400,0.0,0.01,no
title,2025,Aston Villa,1772254800,0.0,0.01,no
title,2025,Aston Villa,1772341200,0.0,0.01,no
title,2025,Aston Villa,1772427600,0.0,0.01,no
title,2025,Aston Villa,1772514000,0.0,0.01,no
title,2025,Aston Villa,1772600400,0.0,0.01,no
title,2025,Aston Villa,1772686800,0.0,0.01,no
title,2025,Aston Villa,1772773200,0.0,0.01,no
title,2025,Aston Villa,1772859600,0.0,0.01,no
title,2025,Aston Villa,1773032400,0.0,0.01,no
title,2025,Aston Villa,1773115200,0.0,0.01,no
title,2025,Aston Villa,1773201600,0.0,0.01,no
title,2025,Aston Villa,1773288000,0.0,0.01,no
title,2025,Aston Villa,1773374400,0.0,0.01,no
title,2025,Aston Villa,1773460800,0.0,0.01,no
title,2025,Aston Villa,1773547200,0.0,0.01,no
title,2025,Aston Villa,1773633600,0.0,0.01,no
title,2025,Aston Villa,1773720000,0.0,0.01,no
title,2025,Aston Villa,1773806400,0.0,0.01,no
title,2025,Aston Villa,1773892800,0.0,0.01,no
title,2025,Aston Villa,1773979200,0.0,0.01,no
title,2025,Aston Villa,1774065600,0.0,0.01,no
title,2025,Aston Villa,1774152000,0.0,0.01,no
title,2025,Aston Villa,1774238400,0.0,0.01,no
title,2025,Aston Villa,1774324800,0.0,0.01,no
title,2025,Aston Villa,1774411200,0.0,0.01,no
title,2025,Aston Villa,1774497600,0.0,0.01,no
title,2025,Aston Villa,1774584000,0.0,0.01,no
title,2025,Aston Villa,1774670400,0.0,0.01,no
title,2025,Aston Villa,1774756800,0.0,0.01,no
title,2025,Aston Villa,1774843200,0.0,0.01,no
title,2025,Aston Villa,1774929600,0.0,0.01,no
title,2025,Aston Villa,1775016000,0.0,0.01,no
title,2025,Aston Villa,1775102400,0.0,0.01,no
title,2025,Aston Villa,1775188800,0.0,0.01,no
title,2025,Aston Villa,1775275200,0.0,0.01,no
title,2025,Aston Villa,1775361600,0.0,0.01,no
title,2025,Aston Villa,1775448000,0.0,0.01,no
title,2025,Aston Villa,1775534400,0.0,0.01,no
title,2025,Aston Villa,1775620800,0.0,0.01,no
title,2025,Aston Villa,1775707200,0.0,0.01,no
title,2025,Aston Villa,1775793600,0.0,0.01,no
title,2025,Aston Villa,1775880000,0.0,0.01,no
title,2025,Aston Villa,1775966400,0.0,0.01,no
title,2025,Aston Villa,1776052800,0.0,0.01,no
title,2025,Aston Villa,1776139200,0.0,0.01,no
title,2025,Aston Villa,1776225600,0.0,0.01,no
title,2025,Aston Villa,1776312000,0.0,0.01,no
title,2025,Aston Villa,1776398400,0.0,0.01,no
title,2025,Aston Villa,1776484800,0.0,0.01,no
title,2025,Aston Villa,1776571200,0.0,0.01,no
title,2025,Aston Villa,1776657600,0.0,0.01,no
title,2025,Aston Villa,1776744000,0.0,0.01,no
title,2025,Aston Villa,1776830400,0.0,0.01,no
title,2025,Aston Villa,1776916800,0.0,0.01,no
title,2025,Aston Villa,1777003200,0.0,0.01,no
title,2025,Aston Villa,1777089600,0.0,0.01,no
title,2025,Aston Villa,1777176000,0.0,0.01,no
title,2025,Aston Villa,1777262400,0.0,0.01,no
title,2025,Aston Villa,1777348800,0.0,0.01,no
title,2025,Aston Villa,1777435200,0.0,0.01,no
title,2025,Aston Villa,1777521600,0.0,0.01,no
title,2025,Aston Villa,1777608000,0.0,0.01,no
title,2025,Aston Villa,1777694400,0.0,0.01,no
title,2025,Aston Villa,1777780800,0.0,0.01,no
title,2025,Aston Villa,1777867200,0.0,0.01,no
title,2025,Aston Villa,1777953600,0.0,0.01,no
title,2025,Aston Villa,1778040000,0.0,0.01,no
title,2025,Aston Villa,1778126400,0.0,0.01,no
title,2025,Aston Villa,1778212800,0.0,0.01,no
title,2025,Aston Villa,1778299200,0.0,0.01,no
title,2025,Aston Villa,1778385600,0.0,0.01,no
title,2025,Aston Villa,1778472000,0.0,0.01,no
title,2025,Aston Villa,1778558400,0.0,0.01,no
title,2025,Aston Villa,1778644800,0.0,0.01,no
title,2025,Aston Villa,1778731200,0.0,0.01,no
title,2025,Aston Villa,1778817600,0.0,0.01,no
title,2025,Aston Villa,1778904000,0.0,0.01,no
title,2025,Aston Villa,1778990400,0.0,0.01,no
title,2025,Aston Villa,1779076800,0.0,0.01,no
title,2025,Aston Villa,1779163200,0.0,0.01,no
title,2025,Aston Villa,1779249600,0.0,0.01,no
title,2025,Arsenal,1754107200,0.28,0.38,yes
title,2025,Arsenal,1754193600,0.05,0.35,yes
title,2025,Arsenal,1754280000,0.22,0.33,yes
title,2025,Arsenal,1754366400,0.22,0.32,yes
title,2025,Arsenal,1754452800,0.22,0.32,yes
title,2025,Arsenal,1754539200,0.21,0.31,yes
title,2025,Arsenal,1754625600,0.26,0.3,yes
title,2025,Arsenal,1754712000,0.28,0.29,yes
title,2025,Arsenal,1754798400,0.28,0.29,yes
title,2025,Arsenal,1754884800,0.28,0.29,yes
title,2025,Arsenal,1754971200,0.28,0.29,yes
title,2025,Arsenal,1755057600,0.28,0.29,yes
title,2025,Arsenal,1755144000,0.28,0.29,yes
title,2025,Arsenal,1755230400,0.26,0.28,yes
title,2025,Arsenal,1755316800,0.23,0.26,yes
title,2025,Arsenal,1755403200,0.28,0.29,yes
title,2025,Arsenal,1755489600,0.27,0.28,yes
title,2025,Arsenal,1755576000,0.28,0.3,yes
title,2025,Arsenal,1755662400,0.27,0.28,yes
title,2025,Arsenal,1755748800,0.29,0.31,yes
title,2025,Arsenal,1755835200,0.29,0.3,yes
title,2025,Arsenal,1755921600,0.3,0.31,yes
title,2025,Arsenal,1756008000,0.31,0.34,yes
title,2025,Arsenal,1756094400,0.32,0.34,yes
title,2025,Arsenal,1756180800,0.33,0.34,yes
title,2025,Arsenal,1756267200,0.33,0.34,yes
title,2025,Arsenal,1756353600,0.32,0.34,yes
title,2025,Arsenal,1756440000,0.32,0.33,yes
title,2025,Arsenal,1756526400,0.32,0.34,yes
title,2025,Arsenal,1756612800,0.34,0.35,yes
title,2025,Arsenal,1756699200,0.31,0.32,yes
title,2025,Arsenal,1756785600,0.31,0.33,yes
title,2025,Arsenal,1756872000,0.3,0.32,yes
title,2025,Arsenal,1756958400,0.3,0.32,yes
title,2025,Arsenal,1757044800,0.3,0.33,yes
title,2025,Arsenal,1757131200,0.3,0.33,yes
title,2025,Arsenal,1757217600,0.3,0.32,yes
title,2025,Arsenal,1757304000,0.3,0.32,yes
title,2025,Arsenal,1757390400,0.3,0.33,yes
title,2025,Arsenal,1757476800,0.3,0.33,yes
title,2025,Arsenal,1757563200,0.31,0.33,yes
title,2025,Arsenal,1757649600,0.32,0.34,yes
title,2025,Arsenal,1757736000,0.32,0.33,yes
title,2025,Arsenal,1757822400,0.33,0.35,yes
title,2025,Arsenal,1757908800,0.34,0.35,yes
title,2025,Arsenal,1757995200,0.34,0.35,yes
title,2025,Arsenal,1758081600,0.34,0.35,yes
title,2025,Arsenal,1758168000,0.34,0.35,yes
title,2025,Arsenal,1758254400,0.34,0.35,yes
title,2025,Arsenal,1758340800,0.38,0.4,yes
title,2025,Arsenal,1758427200,0.37,0.38,yes
title,2025,Arsenal,1758513600,0.31,0.32,yes
title,2025,Arsenal,1758600000,0.32,0.33,yes
title,2025,Arsenal,1758686400,0.32,0.33,yes
title,2025,Arsenal,1758772800,0.32,0.33,yes
title,2025,Arsenal,1758859200,0.32,0.33,yes
title,2025,Arsenal,1758945600,0.32,0.33,yes
title,2025,Arsenal,1759032000,0.34,0.37,yes
title,2025,Arsenal,1759118400,0.41,0.43,yes
title,2025,Arsenal,1759204800,0.41,0.43,yes
title,2025,Arsenal,1759291200,0.42,0.43,yes
title,2025,Arsenal,1759377600,0.43,0.44,yes
title,2025,Arsenal,1759464000,0.43,0.45,yes
title,2025,Arsenal,1759550400,0.43,0.49,yes
title,2025,Arsenal,1759636800,0.51,0.53,yes
title,2025,Arsenal,1759723200,0.51,0.53,yes
title,2025,Arsenal,1759809600,0.49,0.52,yes
title,2025,Arsenal,1759896000,0.48,0.49,yes
title,2025,Arsenal,1759982400,0.48,0.49,yes
title,2025,Arsenal,1760068800,0.48,0.5,yes
title,2025,Arsenal,1760155200,0.47,0.5,yes
title,2025,Arsenal,1760241600,0.48,0.5,yes
title,2025,Arsenal,1760328000,0.48,0.5,yes
title,2025,Arsenal,1760414400,0.48,0.5,yes
title,2025,Arsenal,1760500800,0.47,0.5,yes
title,2025,Arsenal,1760587200,0.48,0.5,yes
title,2025,Arsenal,1760673600,0.47,0.49,yes
title,2025,Arsenal,1760760000,0.48,0.49,yes
title,2025,Arsenal,1760846400,0.48,0.51,yes
title,2025,Arsenal,1760932800,0.5,0.52,yes
title,2025,Arsenal,1761019200,0.5,0.52,yes
title,2025,Arsenal,1761105600,0.5,0.52,yes
title,2025,Arsenal,1761192000,0.5,0.52,yes
title,2025,Arsenal,1761278400,0.5,0.52,yes
title,2025,Arsenal,1761364800,0.5,0.52,yes
title,2025,Arsenal,1761451200,0.53,0.54,yes
title,2025,Arsenal,1761537600,0.6,0.62,yes
title,2025,Arsenal,1761624000,0.62,0.63,yes
title,2025,Arsenal,1761710400,0.62,0.63,yes
title,2025,Arsenal,1761796800,0.63,0.64,yes
title,2025,Arsenal,1761883200,0.63,0.65,yes
title,2025,Arsenal,1761969600,0.64,0.66,yes
title,2025,Arsenal,1762056000,0.63,0.65,yes
title,2025,Arsenal,1762142400,0.63,0.66,yes
title,2025,Arsenal,1762232400,0.64,0.66,yes
title,2025,Arsenal,1762318800,0.65,0.66,yes
title,2025,Arsenal,1762405200,0.64,0.66,yes
title,2025,Arsenal,1762491600,0.65,0.66,yes
title,2025,Arsenal,1762578000,0.65,0.66,yes
title,2025,Arsenal,1762664400,0.55,0.57,yes
title,2025,Arsenal,1762750800,0.46,0.48,yes
title,2025,Arsenal,1762837200,0.56,0.57,yes
title,2025,Arsenal,1762923600,0.56,0.57,yes
title,2025,Arsenal,1763010000,0.55,0.57,yes
title,2025,Arsenal,1763096400,0.55,0.57,yes
title,2025,Arsenal,1763182800,0.55,0.56,yes
title,2025,Arsenal,1763269200,0.55,0.57,yes
title,2025,Arsenal,1763355600,0.55,0.57,yes
title,2025,Arsenal,1763442000,0.55,0.57,yes
title,2025,Arsenal,1763528400,0.55,0.57,yes
title,2025,Arsenal,1763614800,0.55,0.57,yes
title,2025,Arsenal,1763701200,0.55,0.57,yes
title,2025,Arsenal,1763787600,0.54,0.55,yes
title,2025,Arsenal,1763874000,0.61,0.62,yes
title,2025,Arsenal,1763960400,0.65,0.67,yes
title,2025,Arsenal,1764046800,0.65,0.67,yes
title,2025,Arsenal,1764133200,0.66,0.67,yes
title,2025,Arsenal,1764219600,0.67,0.68,yes
title,2025,Arsenal,1764306000,0.66,0.68,yes
title,2025,Arsenal,1764392400,0.67,0.68,yes
title,2025,Arsenal,1764478800,0.66,0.68,yes
title,2025,Arsenal,1764565200,0.64,0.66,yes
title,2025,Arsenal,1764651600,0.64,0.65,yes
title,2025,Arsenal,1764738000,0.64,0.65,yes
title,2025,Arsenal,1764824400,0.66,0.68,yes
title,2025,Arsenal,1764910800,0.66,0.68,yes
title,2025,Arsenal,1764997200,0.66,0.67,yes
title,2025,Arsenal,1765083600,0.54,0.55,yes
title,2025,Arsenal,1765170000,0.56,0.57,yes
title,2025,Arsenal,1765256400,0.57,0.58,yes
title,2025,Arsenal,1765342800,0.57,0.58,yes
title,2025,Arsenal,1765429200,0.57,0.59,yes
title,2025,Arsenal,1765515600,0.57,0.58,yes
title,2025,Arsenal,1765602000,0.57,0.58,yes
title,2025,Arsenal,1765688400,0.57,0.58,yes
title,2025,Arsenal,1765774800,0.55,0.56,yes
title,2025,Arsenal,1765861200,0.56,0.57,yes
title,2025,Arsenal,1765947600,0.55,0.57,yes
title,2025,Arsenal,1766034000,0.55,0.56,yes
title,2025,Arsenal,1766120400,0.55,0.56,yes
title,2025,Arsenal,1766206800,0.56,0.57,yes
title,2025,Arsenal,1766293200,0.54,0.56,yes
title,2025,Arsenal,1766379600,0.55,0.56,yes
title,2025,Arsenal,1766466000,0.54,0.56,yes
title,2025,Arsenal,1766552400,0.54,0.55,yes
title,2025,Arsenal,1766638800,0.55,0.56,yes
title,2025,Arsenal,1766725200,0.54,0.55,yes
title,2025,Arsenal,1766811600,0.53,0.56,yes
title,2025,Arsenal,1766898000,0.53,0.54,yes
title,2025,Arsenal,1766984400,0.53,0.54,yes
title,2025,Arsenal,1767070800,0.54,0.56,yes
title,2025,Arsenal,1767157200,0.59,0.6,yes
title,2025,Arsenal,1767243600,0.59,0.6,yes
title,2025,Arsenal,1767330000,0.63,0.64,yes
title,2025,Arsenal,1767416400,0.64,0.65,yes
title,2025,Arsenal,1767502800,0.67,0.68,yes
title,2025,Arsenal,1767589200,0.71,0.72,yes
title,2025,Arsenal,1767675600,0.7,0.72,yes
title,2025,Arsenal,1767762000,0.71,0.72,yes
title,2025,Arsenal,1767848400,0.77,0.79,yes
title,2025,Arsenal,1767934800,0.76,0.77,yes
title,2025,Arsenal,1768021200,0.76,0.77,yes
title,2025,Arsenal,1768107600,0.75,0.76,yes
title,2025,Arsenal,1768194000,0.75,0.76,yes
title,2025,Arsenal,1768280400,0.75,0.77,yes
title,2025,Arsenal,1768366800,0.75,0.76,yes
title,2025,Arsenal,1768453200,0.75,0.76,yes
title,2025,Arsenal,1768539600,0.75,0.76,yes
title,2025,Arsenal,1768626000,0.74,0.76,yes
title,2025,Arsenal,1768712400,0.78,0.79,yes
title,2025,Arsenal,1768798800,0.79,0.8,yes
title,2025,Arsenal,1768885200,0.79,0.8,yes
title,2025,Arsenal,1768971600,0.78,0.8,yes
title,2025,Arsenal,1769058000,0.79,0.8,yes
title,2025,Arsenal,1769144400,0.79,0.8,yes
title,2025,Arsenal,1769230800,0.79,0.8,yes
title,2025,Arsenal,1769317200,0.78,0.8,yes
title,2025,Arsenal,1769403600,0.66,0.68,yes
title,2025,Arsenal,1769490000,0.67,0.68,yes
title,2025,Arsenal,1769576400,0.67,0.68,yes
title,2025,Arsenal,1769662800,0.67,0.68,yes
title,2025,Arsenal,1769749200,0.67,0.68,yes
title,2025,Arsenal,1769835600,0.67,0.68,yes
title,2025,Arsenal,1769922000,0.74,0.75,yes
title,2025,Arsenal,1770008400,0.78,0.79,yes
title,2025,Arsenal,1770094800,0.79,0.8,yes
title,2025,Arsenal,1770181200,0.79,0.8,yes
title,2025,Arsenal,1770267600,0.79,0.8,yes
title,2025,Arsenal,1770354000,0.79,0.8,yes
title,2025,Arsenal,1770440400,0.79,0.8,yes
title,2025,Arsenal,1770526800,0.82,0.83,yes
title,2025,Arsenal,1770613200,0.77,0.78,yes
title,2025,Arsenal,1770699600,0.77,0.78,yes
title,2025,Arsenal,1770786000,0.77,0.78,yes
title,2025,Arsenal,1770872400,0.72,0.73,yes
title,2025,Arsenal,1770958800,0.67,0.68,yes
title,2025,Arsenal,1771045200,0.67,0.68,yes
title,2025,Arsenal,1771131600,0.67,0.68,yes
title,2025,Arsenal,1771218000,0.67,0.69,yes
title,2025,Arsenal,1771304400,0.68,0.69,yes
title,2025,Arsenal,1771390800,0.67,0.68,yes
title,2025,Arsenal,1771477200,0.56,0.57,yes
title,2025,Arsenal,1771563600,0.57,0.58,yes
title,2025,Arsenal,1771650000,0.57,0.58,yes
title,2025,Arsenal,1771736400,0.52,0.53,yes
title,2025,Arsenal,1771822800,0.61,0.62,yes
title,2025,Arsenal,1771909200,0.61,0.62,yes
title,2025,Arsenal,1771995600,0.61,0.62,yes
title,2025,Arsenal,1772082000,0.61,0.62,yes
title,2025,Arsenal,1772168400,0.61,0.62,yes
title,2025,Arsenal,1772254800,0.61,0.62,yes
title,2025,Arsenal,1772341200,0.59,0.6,yes
title,2025,Arsenal,1772427600,0.63,0.64,yes
title,2025,Arsenal,1772514000,0.63,0.64,yes
title,2025,Arsenal,1772600400,0.65,0.66,yes
title,2025,Arsenal,1772686800,0.8,0.82,yes
title,2025,Arsenal,1772773200,0.79,0.81,yes
title,2025,Arsenal,1772859600,0.79,0.8,yes
title,2025,Arsenal,1772946000,0.79,0.81,yes
title,2025,Arsenal,1773032400,0.79,0.81,yes
title,2025,Arsenal,1773115200,0.79,0.8,yes
title,2025,Arsenal,1773201600,0.79,0.81,yes
title,2025,Arsenal,1773288000,0.79,0.81,yes
title,2025,Arsenal,1773374400,0.79,0.81,yes
title,2025,Arsenal,1773460800,0.8,0.81,yes
title,2025,Arsenal,1773547200,0.9,0.91,yes
title,2025,Arsenal,1773633600,0.88,0.89,yes
title,2025,Arsenal,1773720000,0.88,0.89,yes
title,2025,Arsenal,1773806400,0.89,0.9,yes
title,2025,Arsenal,1773892800,0.89,0.9,yes
title,2025,Arsenal,1773979200,0.89,0.9,yes
title,2025,Arsenal,1774065600,0.89,0.9,yes
title,2025,Arsenal,1774152000,0.89,0.9,yes
title,2025,Arsenal,1774238400,0.87,0.9,yes
title,2025,Arsenal,1774324800,0.88,0.89,yes
title,2025,Arsenal,1774411200,0.88,0.89,yes
title,2025,Arsenal,1774497600,0.88,0.89,yes
title,2025,Arsenal,1774584000,0.88,0.89,yes
title,2025,Arsenal,1774670400,0.88,0.89,yes
title,2025,Arsenal,1774756800,0.88,0.89,yes
title,2025,Arsenal,1774843200,0.88,0.89,yes
title,2025,Arsenal,1774929600,0.87,0.88,yes
title,2025,Arsenal,1775016000,0.87,0.88,yes
title,2025,Arsenal,1775102400,0.86,0.89,yes
title,2025,Arsenal,1775188800,0.87,0.88,yes
title,2025,Arsenal,1775275200,0.88,0.89,yes
title,2025,Arsenal,1775361600,0.87,0.88,yes
title,2025,Arsenal,1775448000,0.87,0.88,yes
title,2025,Arsenal,1775534400,0.86,0.87,yes
title,2025,Arsenal,1775620800,0.85,0.86,yes
title,2025,Arsenal,1775707200,0.85,0.86,yes
title,2025,Arsenal,1775793600,0.85,0.86,yes
title,2025,Arsenal,1775880000,0.85,0.86,yes
title,2025,Arsenal,1775966400,0.68,0.69,yes
title,2025,Arsenal,1776052800,0.57,0.58,yes
title,2025,Arsenal,1776139200,0.59,0.6,yes
title,2025,Arsenal,1776225600,0.59,0.6,yes
title,2025,Arsenal,1776312000,0.59,0.6,yes
title,2025,Arsenal,1776398400,0.59,0.6,yes
title,2025,Arsenal,1776484800,0.59,0.6,yes
title,2025,Arsenal,1776571200,0.59,0.6,yes
title,2025,Arsenal,1776657600,0.41,0.42,yes
title,2025,Arsenal,1776744000,0.42,0.43,yes
title,2025,Arsenal,1776830400,0.41,0.42,yes
title,2025,Arsenal,1776916800,0.41,0.42,yes
title,2025,Arsenal,1777003200,0.41,0.42,yes
title,2025,Arsenal,1777089600,0.42,0.43,yes
title,2025,Arsenal,1777176000,0.51,0.52,yes
title,2025,Arsenal,1777262400,0.5,0.51,yes
title,2025,Arsenal,1777348800,0.5,0.51,yes
title,2025,Arsenal,1777435200,0.5,0.51,yes
title,2025,Arsenal,1777521600,0.5,0.51,yes
title,2025,Arsenal,1777608000,0.5,0.51,yes
title,2025,Arsenal,1777694400,0.5,0.52,yes
title,2025,Arsenal,1777780800,0.61,0.62,yes
title,2025,Arsenal,1777867200,0.6,0.61,yes
title,2025,Arsenal,1777953600,0.78,0.79,yes
title,2025,Arsenal,1778040000,0.79,0.8,yes
title,2025,Arsenal,1778126400,0.79,0.8,yes
title,2025,Arsenal,1778212800,0.79,0.8,yes
title,2025,Arsenal,1778299200,0.78,0.8,yes
title,2025,Arsenal,1778385600,0.73,0.74,yes
title,2025,Arsenal,1778472000,0.86,0.87,yes
title,2025,Arsenal,1778558400,0.86,0.87,yes
title,2025,Arsenal,1778644800,0.86,0.87,yes
title,2025,Arsenal,1778731200,0.81,0.82,yes
title,2025,Arsenal,1778817600,0.81,0.82,yes
title,2025,Arsenal,1778904000,0.81,0.82,yes
title,2025,Arsenal,1778990400,0.81,0.82,yes
title,2025,Arsenal,1779076800,0.81,0.82,yes
title,2025,Arsenal,1779163200,0.85,0.86,yes
title,2025,Arsenal,1779249600,0.99,1.0,yes
top4,2025,Wolves,1754712000,0.0,0.04,no
top4,2025,Wolves,1754798400,0.0,0.04,no
top4,2025,Wolves,1754884800,0.0,0.04,no
top4,2025,Wolves,1754971200,0.0,0.04,no
top4,2025,Wolves,1755057600,0.0,0.04,no
top4,2025,Wolves,1755144000,0.0,0.04,no
top4,2025,Wolves,1755230400,0.0,0.04,no
top4,2025,Wolves,1755316800,0.0,0.04,no
top4,2025,Wolves,1755403200,0.0,0.04,no
top4,2025,Wolves,1755489600,0.0,0.04,no
top4,2025,Wolves,1755576000,0.0,0.04,no
top4,2025,Wolves,1755662400,0.0,0.04,no
top4,2025,Wolves,1755748800,0.0,0.04,no
top4,2025,Wolves,1755835200,0.0,0.99,no
top4,2025,Wolves,1756008000,0.0,0.8,no
top4,2025,Wolves,1756094400,0.0,0.8,no
top4,2025,Wolves,1756180800,0.0,0.8,no
top4,2025,Wolves,1756267200,0.0,0.03,no
top4,2025,Wolves,1756353600,0.0,0.03,no
top4,2025,Wolves,1756440000,0.0,0.02,no
top4,2025,Wolves,1756526400,0.0,0.02,no
top4,2025,Wolves,1756612800,0.0,0.02,no
top4,2025,Wolves,1756699200,0.0,0.02,no
top4,2025,Wolves,1756785600,0.0,0.02,no
top4,2025,Wolves,1756872000,0.0,0.02,no
top4,2025,Wolves,1756958400,0.0,0.02,no
top4,2025,Wolves,1757044800,0.0,0.02,no
top4,2025,Wolves,1757131200,0.0,0.02,no
top4,2025,Wolves,1757217600,0.0,0.02,no
top4,2025,Wolves,1757304000,0.0,0.02,no
top4,2025,Wolves,1757390400,0.0,0.02,no
top4,2025,Wolves,1757476800,0.0,0.02,no
top4,2025,Wolves,1757563200,0.0,0.02,no
top4,2025,Wolves,1757649600,0.0,0.02,no
top4,2025,Wolves,1757736000,0.0,0.02,no
top4,2025,Wolves,1757822400,0.0,0.02,no
top4,2025,Wolves,1757908800,0.0,0.02,no
top4,2025,Wolves,1757995200,0.0,0.02,no
top4,2025,Wolves,1758081600,0.0,0.02,no
top4,2025,Wolves,1758168000,0.0,0.02,no
top4,2025,Wolves,1758254400,0.0,0.02,no
top4,2025,Wolves,1758340800,0.0,0.02,no
top4,2025,Wolves,1758427200,0.0,0.02,no
top4,2025,Wolves,1758513600,0.0,0.02,no
top4,2025,Wolves,1758600000,0.0,0.02,no
top4,2025,Wolves,1758686400,0.0,0.02,no
top4,2025,Wolves,1758772800,0.0,0.02,no
top4,2025,Wolves,1758859200,0.0,0.02,no
top4,2025,Wolves,1758945600,0.0,0.02,no
top4,2025,Wolves,1759032000,0.0,0.03,no
top4,2025,Wolves,1759118400,0.0,0.03,no
top4,2025,Wolves,1759204800,0.0,0.03,no
top4,2025,Wolves,1759291200,0.0,0.03,no
top4,2025,Wolves,1759377600,0.0,0.03,no
top4,2025,Wolves,1759464000,0.0,0.03,no
top4,2025,Wolves,1759550400,0.0,0.03,no
top4,2025,Wolves,1759636800,0.0,0.03,no
top4,2025,Wolves,1759723200,0.0,0.78,no
top4,2025,Wolves,1759809600,0.0,0.02,no
top4,2025,Wolves,1759896000,0.0,0.02,no
top4,2025,Wolves,1759982400,0.0,0.02,no
top4,2025,Wolves,1760068800,0.0,0.02,no
top4,2025,Wolves,1760155200,0.0,0.02,no
top4,2025,Wolves,1760241600,0.0,0.02,no
top4,2025,Wolves,1760328000,0.0,0.02,no
top4,2025,Wolves,1760414400,0.0,0.02,no
top4,2025,Wolves,1760500800,0.0,0.02,no
top4,2025,Wolves,1760587200,0.0,0.02,no
top4,2025,Wolves,1760673600,0.0,0.02,no
top4,2025,Wolves,1760760000,0.0,0.02,no
top4,2025,Wolves,1760846400,0.0,0.02,no
top4,2025,Wolves,1760932800,0.0,0.02,no
top4,2025,Wolves,1761019200,0.0,0.02,no
top4,2025,Wolves,1761105600,0.0,0.02,no
top4,2025,Wolves,1761192000,0.0,0.01,no
top4,2025,Wolves,1761278400,0.0,0.01,no
top4,2025,Wolves,1761364800,0.0,0.01,no
top4,2025,Wolves,1761451200,0.0,0.01,no
top4,2025,Wolves,1761537600,0.0,0.01,no
top4,2025,Wolves,1761624000,0.0,0.01,no
top4,2025,Wolves,1761710400,0.0,0.01,no
top4,2025,Wolves,1761796800,0.0,0.01,no
top4,2025,Wolves,1761883200,0.0,0.01,no
top4,2025,Wolves,1761969600,0.0,0.01,no
top4,2025,Wolves,1762056000,0.0,0.01,no
top4,2025,Wolves,1762142400,0.0,0.01,no
top4,2025,Wolves,1762232400,0.0,0.01,no
top4,2025,Wolves,1762318800,0.0,0.01,no
top4,2025,Wolves,1762405200,0.0,0.01,no
top4,2025,Wolves,1762491600,0.0,0.01,no
top4,2025,Wolves,1762578000,0.0,0.01,no
top4,2025,Wolves,1762664400,0.0,0.01,no
top4,2025,Wolves,1762750800,0.0,0.01,no
top4,2025,Wolves,1762837200,0.0,0.01,no
top4,2025,Wolves,1762923600,0.0,0.01,no
top4,2025,Wolves,1763010000,0.0,0.01,no
top4,2025,Wolves,1763096400,0.0,0.01,no
top4,2025,Wolves,1763182800,0.0,0.01,no
top4,2025,Wolves,1763269200,0.0,0.01,no
top4,2025,Wolves,1763355600,0.0,0.01,no
top4,2025,Wolves,1763442000,0.0,0.01,no
top4,2025,Wolves,1763528400,0.0,0.01,no
top4,2025,Wolves,1763614800,0.0,0.01,no
top4,2025,Wolves,1763701200,0.0,0.01,no
top4,2025,Wolves,1763787600,0.0,0.01,no
top4,2025,Wolves,1763874000,0.0,0.01,no
top4,2025,Wolves,1763960400,0.0,0.01,no
top4,2025,Wolves,1764046800,0.0,0.01,no
top4,2025,Wolves,1764133200,0.0,0.01,no
top4,2025,Wolves,1764219600,0.0,0.01,no
top4,2025,Wolves,1764306000,0.0,0.03,no
top4,2025,Wolves,1764392400,0.0,0.03,no
top4,2025,Wolves,1764478800,0.0,0.03,no
top4,2025,Wolves,1764565200,0.0,0.03,no
top4,2025,Wolves,1764651600,0.0,0.02,no
top4,2025,Wolves,1764738000,0.0,0.02,no
top4,2025,Wolves,1764824400,0.0,0.02,no
top4,2025,Wolves,1764910800,0.0,0.02,no
top4,2025,Wolves,1764997200,0.0,0.02,no
top4,2025,Wolves,1765083600,0.0,0.71,no
top4,2025,Wolves,1765170000,0.0,0.05,no
top4,2025,Wolves,1765256400,0.0,0.05,no
top4,2025,Wolves,1765342800,0.0,0.03,no
top4,2025,Wolves,1765429200,0.0,0.03,no
top4,2025,Wolves,1765515600,0.0,0.05,no
top4,2025,Wolves,1765602000,0.0,0.05,no
top4,2025,Wolves,1765688400,0.0,0.05,no
top4,2025,Wolves,1765774800,0.0,0.05,no
top4,2025,Wolves,1765861200,0.0,0.05,no
top4,2025,Wolves,1765947600,0.0,0.05,no
top4,2025,Wolves,1766034000,0.0,0.05,no
top4,2025,Wolves,1766120400,0.0,0.05,no
top4,2025,Wolves,1766206800,0.0,0.04,no
top4,2025,Wolves,1766293200,0.0,0.04,no
top4,2025,Wolves,1766379600,0.0,0.03,no
top4,2025,Wolves,1766466000,0.0,0.03,no
top4,2025,Wolves,1766552400,0.0,0.03,no
top4,2025,Wolves,1766638800,0.0,0.03,no
top4,2025,Wolves,1766725200,0.0,0.03,no
top4,2025,Wolves,1766811600,0.0,0.03,no
top4,2025,Wolves,1766898000,0.0,0.04,no
top4,2025,Wolves,1766984400,0.0,0.04,no
top4,2025,Wolves,1767070800,0.0,0.04,no
top4,2025,Wolves,1767157200,0.0,0.03,no
top4,2025,Wolves,1767243600,0.0,0.03,no
top4,2025,Wolves,1767330000,0.0,0.03,no
top4,2025,Wolves,1767416400,0.0,0.03,no
top4,2025,Wolves,1767502800,0.0,0.03,no
top4,2025,Wolves,1767589200,0.0,0.03,no
top4,2025,Wolves,1767675600,0.0,0.03,no
top4,2025,Wolves,1767762000,0.0,0.03,no
top4,2025,Wolves,1767848400,0.0,0.03,no
top4,2025,Wolves,1767934800,0.0,0.03,no
top4,2025,Wolves,1768021200,0.0,0.03,no
top4,2025,Wolves,1768107600,0.0,0.03,no
top4,2025,Wolves,1768194000,0.0,0.04,no
top4,2025,Wolves,1768280400,0.0,0.03,no
top4,2025,Wolves,1768366800,0.0,0.03,no
top4,2025,Wolves,1768453200,0.0,0.03,no
top4,2025,Wolves,1768539600,0.0,0.03,no
top4,2025,Wolves,1768626000,0.0,0.03,no
top4,2025,Wolves,1768712400,0.0,0.03,no
top4,2025,Wolves,1768798800,0.0,0.03,no
top4,2025,Wolves,1768885200,0.0,0.03,no
top4,2025,Wolves,1768971600,0.0,0.03,no
top4,2025,Wolves,1769058000,0.0,0.03,no
top4,2025,Wolves,1769144400,0.0,0.03,no
top4,2025,Wolves,1769230800,0.0,0.03,no
top4,2025,Wolves,1769317200,0.0,0.03,no
top4,2025,Wolves,1769403600,0.0,0.03,no
top4,2025,Wolves,1769490000,0.0,0.03,no
top4,2025,Wolves,1769576400,0.0,0.03,no
top4,2025,Wolves,1769662800,0.0,0.03,no
top4,2025,Wolves,1769749200,0.0,0.03,no
top4,2025,Wolves,1769835600,0.0,0.03,no
top4,2025,Wolves,1769922000,0.0,0.03,no
top4,2025,Wolves,1770008400,0.0,0.03,no
top4,2025,Wolves,1770094800,0.0,0.03,no
top4,2025,Wolves,1770181200,0.0,0.03,no
top4,2025,Wolves,1770267600,0.0,0.03,no
top4,2025,Wolves,1770354000,0.0,0.03,no
top4,2025,Wolves,1770440400,0.0,0.03,no
top4,2025,Wolves,1770526800,0.0,0.03,no
top4,2025,Wolves,1770613200,0.0,0.03,no
top4,2025,Wolves,1770699600,0.0,0.03,no
top4,2025,Wolves,1770958800,0.0,0.03,no
top4,2025,Wolves,1772946000,0.0,0.02,no
top4,2025,Wolves,1773633600,0.0,0.02,no
top4,2025,Wolves,1774324800,0.0,0.02,no
top4,2025,Wolves,1775188800,0.0,0.03,no
top4,2025,Wolves,1775361600,0.0,0.02,no
top4,2025,Wolves,1775534400,0.0,0.02,no
top4,2025,Wolves,1776052800,0.0,0.03,no
top4,2025,Wolves,1776225600,0.0,0.01,no
top4,2025,Wolves,1776484800,0.0,0.02,no
top4,2025,Wolves,1776571200,0.0,0.02,no
top4,2025,Wolves,1776744000,0.0,0.01,no
top4,2025,Wolves,1777608000,0.0,0.01,no
top4,2025,Wolves,1777780800,0.0,0.01,no
top4,2025,Wolves,1777953600,0.0,0.01,no
top4,2025,Wolves,1778472000,0.0,0.01,no
top4,2025,Wolves,1778990400,0.0,0.01,no
top4,2025,Wolves,1779422400,0.0,0.01,no
top4,2025,Wolves,1779508800,0.0,0.01,no
top4,2025,Wolves,1779595200,0.0,0.01,no
top4,2025,Wolves,1779681600,0.0,1.0,no
top4,2025,West Ham,1754712000,0.0,0.04,no
top4,2025,West Ham,1754798400,0.0,0.04,no
top4,2025,West Ham,1754884800,0.0,0.04,no
top4,2025,West Ham,1754971200,0.0,0.03,no
top4,2025,West Ham,1755057600,0.0,0.03,no
top4,2025,West Ham,1755144000,0.0,0.04,no
top4,2025,West Ham,1755230400,0.0,0.94,no
top4,2025,West Ham,1755316800,0.0,0.02,no
top4,2025,West Ham,1755403200,0.0,0.02,no
top4,2025,West Ham,1755489600,0.0,0.02,no
top4,2025,West Ham,1755576000,0.0,0.03,no
top4,2025,West Ham,1755662400,0.0,0.02,no
top4,2025,West Ham,1755748800,0.0,0.02,no
top4,2025,West Ham,1755835200,0.0,0.03,no
top4,2025,West Ham,1755921600,0.0,0.02,no
top4,2025,West Ham,1756008000,0.0,0.03,no
top4,2025,West Ham,1756094400,0.0,0.03,no
top4,2025,West Ham,1756180800,0.0,0.03,no
top4,2025,West Ham,1756267200,0.0,0.04,no
top4,2025,West Ham,1756353600,0.0,0.04,no
top4,2025,West Ham,1756440000,0.0,0.03,no
top4,2025,West Ham,1756526400,0.0,0.03,no
top4,2025,West Ham,1756612800,0.0,0.03,no
top4,2025,West Ham,1756699200,0.0,0.03,no
top4,2025,West Ham,1756785600,0.0,0.02,no
top4,2025,West Ham,1756872000,0.0,0.02,no
top4,2025,West Ham,1756958400,0.0,0.02,no
top4,2025,West Ham,1757044800,0.0,0.02,no
top4,2025,West Ham,1757131200,0.0,0.02,no
top4,2025,West Ham,1757217600,0.0,0.02,no
top4,2025,West Ham,1757304000,0.0,0.02,no
top4,2025,West Ham,1757390400,0.0,0.02,no
top4,2025,West Ham,1757476800,0.0,0.02,no
top4,2025,West Ham,1757563200,0.0,0.02,no
top4,2025,West Ham,1757649600,0.0,0.02,no
top4,2025,West Ham,1757736000,0.0,0.02,no
top4,2025,West Ham,1757822400,0.0,0.02,no
top4,2025,West Ham,1757908800,0.0,0.02,no
top4,2025,West Ham,1757995200,0.0,0.02,no
top4,2025,West Ham,1758081600,0.0,0.02,no
top4,2025,West Ham,1758168000,0.0,0.02,no
top4,2025,West Ham,1758254400,0.0,0.02,no
top4,2025,West Ham,1758340800,0.0,0.02,no
top4,2025,West Ham,1758427200,0.0,0.02,no
top4,2025,West Ham,1758513600,0.0,0.02,no
top4,2025,West Ham,1758600000,0.0,0.02,no
top4,2025,West Ham,1758686400,0.0,0.02,no
top4,2025,West Ham,1758772800,0.0,0.02,no
top4,2025,West Ham,1758859200,0.0,0.02,no
top4,2025,West Ham,1758945600,0.0,0.02,no
top4,2025,West Ham,1759032000,0.0,0.02,no
top4,2025,West Ham,1759118400,0.0,0.94,no
top4,2025,West Ham,1759204800,0.0,0.94,no
top4,2025,West Ham,1759291200,0.0,0.94,no
top4,2025,West Ham,1759377600,0.0,0.94,no
top4,2025,West Ham,1759464000,0.0,0.94,no
top4,2025,West Ham,1759550400,0.0,0.94,no
top4,2025,West Ham,1759636800,0.0,0.1,no
top4,2025,West Ham,1759723200,0.0,0.1,no
top4,2025,West Ham,1759809600,0.0,0.1,no
top4,2025,West Ham,1759896000,0.0,0.1,no
top4,2025,West Ham,1759982400,0.0,0.02,no
top4,2025,West Ham,1760068800,0.0,0.02,no
top4,2025,West Ham,1760155200,0.0,0.02,no
top4,2025,West Ham,1760241600,0.0,0.02,no
top4,2025,West Ham,1760328000,0.0,0.02,no
top4,2025,West Ham,1760414400,0.0,0.02,no
top4,2025,West Ham,1760500800,0.0,0.02,no
top4,2025,West Ham,1760587200,0.0,0.02,no
top4,2025,West Ham,1760673600,0.0,0.02,no
top4,2025,West Ham,1760760000,0.0,0.02,no
top4,2025,West Ham,1760846400,0.0,0.02,no
top4,2025,West Ham,1760932800,0.0,0.02,no
top4,2025,West Ham,1761019200,0.0,0.02,no
top4,2025,West Ham,1761105600,0.0,0.02,no
top4,2025,West Ham,1761192000,0.0,0.02,no
top4,2025,West Ham,1761278400,0.0,0.02,no
top4,2025,West Ham,1761364800,0.0,0.02,no
top4,2025,West Ham,1761451200,0.0,0.02,no
top4,2025,West Ham,1761537600,0.0,0.02,no
top4,2025,West Ham,1761624000,0.0,0.02,no
top4,2025,West Ham,1761710400,0.0,0.02,no
top4,2025,West Ham,1761796800,0.0,0.02,no
top4,2025,West Ham,1761883200,0.0,0.02,no
top4,2025,West Ham,1761969600,0.0,0.02,no
top4,2025,West Ham,1762056000,0.0,0.02,no
top4,2025,West Ham,1762142400,0.0,0.02,no
top4,2025,West Ham,1762232400,0.0,0.02,no
top4,2025,West Ham,1762318800,0.0,0.02,no
top4,2025,West Ham,1762405200,0.0,0.02,no
top4,2025,West Ham,1762491600,0.0,0.02,no
top4,2025,West Ham,1762578000,0.0,0.02,no
top4,2025,West Ham,1762664400,0.0,0.02,no
top4,2025,West Ham,1762750800,0.0,0.02,no
top4,2025,West Ham,1762837200,0.0,0.02,no
top4,2025,West Ham,1762923600,0.0,0.02,no
top4,2025,West Ham,1763010000,0.0,0.02,no
top4,2025,West Ham,1763096400,0.0,0.02,no
top4,2025,West Ham,1763182800,0.0,0.02,no
top4,2025,West Ham,1763269200,0.0,0.02,no
top4,2025,West Ham,1763355600,0.0,0.02,no
top4,2025,West Ham,1763442000,0.0,0.02,no
top4,2025,West Ham,1763528400,0.0,0.02,no
top4,2025,West Ham,1763614800,0.0,0.02,no
top4,2025,West Ham,1763701200,0.0,0.02,no
top4,2025,West Ham,1763787600,0.0,0.02,no
top4,2025,West Ham,1763874000,0.0,0.02,no
top4,2025,West Ham,1763960400,0.0,0.02,no
top4,2025,West Ham,1764046800,0.0,0.02,no
top4,2025,West Ham,1764133200,0.0,0.02,no
top4,2025,West Ham,1764219600,0.0,0.02,no
top4,2025,West Ham,1764306000,0.0,0.03,no
top4,2025,West Ham,1764392400,0.0,0.03,no
top4,2025,West Ham,1764478800,0.0,0.03,no
top4,2025,West Ham,1764565200,0.0,0.03,no
top4,2025,West Ham,1764651600,0.0,0.03,no
top4,2025,West Ham,1764738000,0.0,0.04,no
top4,2025,West Ham,1764824400,0.0,0.04,no
top4,2025,West Ham,1764910800,0.0,0.03,no
top4,2025,West Ham,1764997200,0.0,0.03,no
top4,2025,West Ham,1765083600,0.0,0.95,no
top4,2025,West Ham,1765170000,0.0,0.05,no
top4,2025,West Ham,1765256400,0.0,0.05,no
top4,2025,West Ham,1765342800,0.0,0.03,no
top4,2025,West Ham,1765429200,0.0,0.03,no
top4,2025,West Ham,1765515600,0.0,0.05,no
top4,2025,West Ham,1765602000,0.0,0.05,no
top4,2025,West Ham,1765688400,0.0,0.05,no
top4,2025,West Ham,1765774800,0.0,0.05,no
top4,2025,West Ham,1765861200,0.0,0.05,no
top4,2025,West Ham,1765947600,0.0,0.05,no
top4,2025,West Ham,1766034000,0.0,0.05,no
top4,2025,West Ham,1766120400,0.0,0.05,no
top4,2025,West Ham,1766206800,0.0,0.05,no
top4,2025,West Ham,1766293200,0.0,0.05,no
top4,2025,West Ham,1766379600,0.0,0.03,no
top4,2025,West Ham,1766466000,0.0,0.03,no
top4,2025,West Ham,1766552400,0.0,0.03,no
top4,2025,West Ham,1766638800,0.0,0.03,no
top4,2025,West Ham,1766725200,0.0,0.03,no
top4,2025,West Ham,1766811600,0.0,0.03,no
top4,2025,West Ham,1766898000,0.0,0.05,no
top4,2025,West Ham,1766984400,0.0,0.05,no
top4,2025,West Ham,1767070800,0.0,0.05,no
top4,2025,West Ham,1767157200,0.0,0.04,no
top4,2025,West Ham,1767243600,0.0,0.04,no
top4,2025,West Ham,1767330000,0.0,0.04,no
top4,2025,West Ham,1767416400,0.0,0.04,no
top4,2025,West Ham,1767502800,0.0,0.04,no
top4,2025,West Ham,1767589200,0.0,0.04,no
top4,2025,West Ham,1767675600,0.0,0.04,no
top4,2025,West Ham,1767762000,0.0,0.04,no
top4,2025,West Ham,1767848400,0.0,0.04,no
top4,2025,West Ham,1767934800,0.0,0.04,no
top4,2025,West Ham,1768021200,0.0,0.04,no
top4,2025,West Ham,1768107600,0.0,0.04,no
top4,2025,West Ham,1768194000,0.0,0.05,no
top4,2025,West Ham,1768280400,0.0,0.04,no
top4,2025,West Ham,1768366800,0.0,0.04,no
top4,2025,West Ham,1768453200,0.0,0.04,no
top4,2025,West Ham,1768539600,0.0,0.04,no
top4,2025,West Ham,1768626000,0.0,0.04,no
top4,2025,West Ham,1768712400,0.0,0.04,no
top4,2025,West Ham,1768798800,0.0,0.05,no
top4,2025,West Ham,1768885200,0.0,0.04,no
top4,2025,West Ham,1768971600,0.0,0.04,no
top4,2025,West Ham,1769058000,0.0,0.04,no
top4,2025,West Ham,1769144400,0.0,0.04,no
top4,2025,West Ham,1769230800,0.0,0.04,no
top4,2025,West Ham,1769317200,0.0,0.04,no
top4,2025,West Ham,1769403600,0.0,0.04,no
top4,2025,West Ham,1769490000,0.0,0.04,no
top4,2025,West Ham,1769576400,0.0,0.04,no
top4,2025,West Ham,1769662800,0.0,0.04,no
top4,2025,West Ham,1769749200,0.0,0.04,no
top4,2025,West Ham,1769835600,0.0,0.04,no
top4,2025,West Ham,1769922000,0.0,0.04,no
top4,2025,West Ham,1770008400,0.0,0.04,no
top4,2025,West Ham,1770094800,0.0,0.04,no
top4,2025,West Ham,1770181200,0.0,0.03,no
top4,2025,West Ham,1770267600,0.0,0.03,no
top4,2025,West Ham,1770354000,0.0,0.04,no
top4,2025,West Ham,1770440400,0.0,0.04,no
top4,2025,West Ham,1770526800,0.0,0.03,no
top4,2025,West Ham,1770613200,0.0,0.03,no
top4,2025,West Ham,1770699600,0.0,0.03,no
top4,2025,West Ham,1770958800,0.0,0.02,no
top4,2025,West Ham,1771045200,0.0,0.03,no
top4,2025,West Ham,1771131600,0.0,0.03,no
top4,2025,West Ham,1771218000,0.0,0.03,no
top4,2025,West Ham,1771304400,0.0,0.03,no
top4,2025,West Ham,1771390800,0.0,0.03,no
top4,2025,West Ham,1771477200,0.0,0.01,no
top4,2025,West Ham,1771563600,0.0,0.03,no
top4,2025,West Ham,1771650000,0.0,0.01,no
top4,2025,West Ham,1771736400,0.0,0.03,no
top4,2025,West Ham,1771822800,0.0,0.03,no
top4,2025,West Ham,1771909200,0.0,0.03,no
top4,2025,West Ham,1771995600,0.0,0.03,no
top4,2025,West Ham,1772082000,0.0,0.03,no
top4,2025,West Ham,1772168400,0.0,0.01,no
top4,2025,West Ham,1772254800,0.0,0.01,no
top4,2025,West Ham,1772341200,0.0,0.03,no
top4,2025,West Ham,1772427600,0.0,0.03,no
top4,2025,West Ham,1772514000,0.0,0.03,no
top4,2025,West Ham,1772600400,0.0,0.02,no
top4,2025,West Ham,1772686800,0.0,0.03,no
top4,2025,West Ham,1772773200,0.0,0.02,no
top4,2025,West Ham,1772859600,0.0,0.02,no
top4,2025,West Ham,1772946000,0.0,0.02,no
top4,2025,West Ham,1773032400,0.0,0.03,no
top4,2025,West Ham,1773115200,0.0,0.03,no
top4,2025,West Ham,1773201600,0.0,0.03,no
top4,2025,West Ham,1773288000,0.0,0.02,no
top4,2025,West Ham,1773374400,0.0,0.03,no
top4,2025,West Ham,1773460800,0.0,0.03,no
top4,2025,West Ham,1773547200,0.0,0.03,no
top4,2025,West Ham,1773633600,0.0,0.02,no
top4,2025,West Ham,1773720000,0.0,0.02,no
top4,2025,West Ham,1773806400,0.0,0.02,no
top4,2025,West Ham,1773892800,0.0,0.02,no
top4,2025,West Ham,1773979200,0.0,0.03,no
top4,2025,West Ham,1774065600,0.0,0.03,no
top4,2025,West Ham,1774152000,0.0,0.03,no
top4,2025,West Ham,1774238400,0.0,0.03,no
top4,2025,West Ham,1775361600,0.0,0.03,no
top4,2025,West Ham,1776312000,0.0,0.01,no
top4,2025,West Ham,1776484800,0.0,0.03,no
top4,2025,West Ham,1776744000,0.0,0.02,no
top4,2025,West Ham,1776916800,0.0,0.03,no
top4,2025,West Ham,1777262400,0.0,0.02,no
top4,2025,West Ham,1777348800,0.0,0.03,no
top4,2025,West Ham,1777521600,0.0,0.03,no
top4,2025,West Ham,1777608000,0.0,0.01,no
top4,2025,West Ham,1777780800,0.0,0.03,no
top4,2025,West Ham,1777953600,0.0,0.02,no
top4,2025,West Ham,1778385600,0.0,0.01,no
top4,2025,West Ham,1778472000,0.0,0.01,no
top4,2025,West Ham,1779508800,0.0,0.01,no
top4,2025,West Ham,1779595200,0.0,0.01,no
top4,2025,West Ham,1779681600,0.0,1.0,no
top4,2025,Sunderland,1754712000,0.0,0.03,no
top4,2025,Sunderland,1754798400,0.0,0.03,no
top4,2025,Sunderland,1754884800,0.0,0.03,no
top4,2025,Sunderland,1754971200,0.0,0.03,no
top4,2025,Sunderland,1755057600,0.0,0.03,no
top4,2025,Sunderland,1755144000,0.0,0.03,no
top4,2025,Sunderland,1755230400,0.0,0.94,no
top4,2025,Sunderland,1755316800,0.0,0.02,no
top4,2025,Sunderland,1755403200,0.0,0.02,no
top4,2025,Sunderland,1755489600,0.0,0.02,no
top4,2025,Sunderland,1755576000,0.0,0.03,no
top4,2025,Sunderland,1755662400,0.0,0.02,no
top4,2025,Sunderland,1755748800,0.0,0.02,no
top4,2025,Sunderland,1755835200,0.0,0.03,no
top4,2025,Sunderland,1755921600,0.0,0.03,no
top4,2025,Sunderland,1756008000,0.0,0.03,no
top4,2025,Sunderland,1756094400,0.0,0.03,no
top4,2025,Sunderland,1756180800,0.0,0.03,no
top4,2025,Sunderland,1756267200,0.0,0.04,no
top4,2025,Sunderland,1756353600,0.0,0.04,no
top4,2025,Sunderland,1756440000,0.0,0.03,no
top4,2025,Sunderland,1756526400,0.0,0.03,no
top4,2025,Sunderland,1756612800,0.0,0.03,no
top4,2025,Sunderland,1756699200,0.0,0.03,no
top4,2025,Sunderland,1756785600,0.01,0.02,no
top4,2025,Sunderland,1756872000,0.01,0.02,no
top4,2025,Sunderland,1756958400,0.01,0.02,no
top4,2025,Sunderland,1757044800,0.01,0.02,no
top4,2025,Sunderland,1757131200,0.01,0.02,no
top4,2025,Sunderland,1757217600,0.01,0.02,no
top4,2025,Sunderland,1757304000,0.01,0.02,no
top4,2025,Sunderland,1757390400,0.01,0.02,no
top4,2025,Sunderland,1757476800,0.01,0.02,no
top4,2025,Sunderland,1757563200,0.01,0.02,no
top4,2025,Sunderland,1757649600,0.01,0.02,no
top4,2025,Sunderland,1757736000,0.01,0.02,no
top4,2025,Sunderland,1757822400,0.01,0.02,no
top4,2025,Sunderland,1757908800,0.01,0.02,no
top4,2025,Sunderland,1757995200,0.01,0.02,no
top4,2025,Sunderland,1758081600,0.01,0.02,no
top4,2025,Sunderland,1758168000,0.01,0.02,no
top4,2025,Sunderland,1758254400,0.01,0.02,no
top4,2025,Sunderland,1758340800,0.01,0.02,no
top4,2025,Sunderland,1758427200,0.01,0.02,no
top4,2025,Sunderland,1758513600,0.01,0.02,no
top4,2025,Sunderland,1758600000,0.01,0.02,no
top4,2025,Sunderland,1758686400,0.0,0.02,no
top4,2025,Sunderland,1758772800,0.0,0.02,no
top4,2025,Sunderland,1758859200,0.0,0.02,no
top4,2025,Sunderland,1758945600,0.0,0.02,no
top4,2025,Sunderland,1759032000,0.0,0.23,no
top4,2025,Sunderland,1759118400,0.0,0.15,no
top4,2025,Sunderland,1759204800,0.0,0.15,no
top4,2025,Sunderland,1759291200,0.06,0.15,no
top4,2025,Sunderland,1759377600,0.03,0.14,no
top4,2025,Sunderland,1759464000,0.03,0.14,no
top4,2025,Sunderland,1759550400,0.03,0.14,no
top4,2025,Sunderland,1759636800,0.0,0.13,no
top4,2025,Sunderland,1759723200,0.01,0.13,no
top4,2025,Sunderland,1759809600,0.01,0.1,no
top4,2025,Sunderland,1759896000,0.01,0.1,no
top4,2025,Sunderland,1759982400,0.01,0.02,no
top4,2025,Sunderland,1760068800,0.01,0.02,no
top4,2025,Sunderland,1760155200,0.0,0.02,no
top4,2025,Sunderland,1760241600,0.0,0.02,no
top4,2025,Sunderland,1760328000,0.0,0.02,no
top4,2025,Sunderland,1760414400,0.0,0.02,no
top4,2025,Sunderland,1760500800,0.0,0.02,no
top4,2025,Sunderland,1760587200,0.0,0.02,no
top4,2025,Sunderland,1760673600,0.0,0.02,no
top4,2025,Sunderland,1760760000,0.0,0.02,no
top4,2025,Sunderland,1760846400,0.01,0.02,no
top4,2025,Sunderland,1760932800,0.01,0.13,no
top4,2025,Sunderland,1761019200,0.01,0.13,no
top4,2025,Sunderland,1761105600,0.01,0.13,no
top4,2025,Sunderland,1761192000,0.01,0.05,no
top4,2025,Sunderland,1761278400,0.01,0.06,no
top4,2025,Sunderland,1761364800,0.04,0.08,no
top4,2025,Sunderland,1761451200,0.06,0.15,no
top4,2025,Sunderland,1761537600,0.09,0.13,no
top4,2025,Sunderland,1761624000,0.07,0.13,no
top4,2025,Sunderland,1761710400,0.01,0.1,no
top4,2025,Sunderland,1761796800,0.01,0.13,no
top4,2025,Sunderland,1761883200,0.01,0.12,no
top4,2025,Sunderland,1761969600,0.01,0.03,no
top4,2025,Sunderland,1762056000,0.01,0.12,no
top4,2025,Sunderland,1762142400,0.03,0.13,no
top4,2025,Sunderland,1762232400,0.01,0.05,no
top4,2025,Sunderland,1762318800,0.01,0.04,no
top4,2025,Sunderland,1762405200,0.0,0.04,no
top4,2025,Sunderland,1762491600,0.0,0.04,no
top4,2025,Sunderland,1762578000,0.0,0.04,no
top4,2025,Sunderland,1762664400,0.0,0.2,no
top4,2025,Sunderland,1762750800,0.0,0.2,no
top4,2025,Sunderland,1762837200,0.0,0.07,no
top4,2025,Sunderland,1762923600,0.02,0.09,no
top4,2025,Sunderland,1763010000,0.02,0.07,no
top4,2025,Sunderland,1763096400,0.02,0.07,no
top4,2025,Sunderland,1763182800,0.02,0.07,no
top4,2025,Sunderland,1763269200,0.02,0.08,no
top4,2025,Sunderland,1763355600,0.02,0.08,no
top4,2025,Sunderland,1763442000,0.02,0.08,no
top4,2025,Sunderland,1763528400,0.02,0.08,no
top4,2025,Sunderland,1763614800,0.02,0.08,no
top4,2025,Sunderland,1763701200,0.02,0.08,no
top4,2025,Sunderland,1763787600,0.03,0.08,no
top4,2025,Sunderland,1763874000,0.01,0.08,no
top4,2025,Sunderland,1763960400,0.01,0.08,no
top4,2025,Sunderland,1764046800,0.01,0.08,no
top4,2025,Sunderland,1764133200,0.01,0.08,no
top4,2025,Sunderland,1764219600,0.01,0.06,no
top4,2025,Sunderland,1764306000,0.01,0.06,no
top4,2025,Sunderland,1764392400,0.01,0.06,no
top4,2025,Sunderland,1764478800,0.01,0.06,no
top4,2025,Sunderland,1764565200,0.01,0.06,no
top4,2025,Sunderland,1764651600,0.01,0.06,no
top4,2025,Sunderland,1764738000,0.01,0.08,no
top4,2025,Sunderland,1764824400,0.01,0.19,no
top4,2025,Sunderland,1764910800,0.02,0.07,no
top4,2025,Sunderland,1764997200,0.02,0.07,no
top4,2025,Sunderland,1765083600,0.02,0.14,no
top4,2025,Sunderland,1765170000,0.02,0.14,no
top4,2025,Sunderland,1765256400,0.01,0.14,no
top4,2025,Sunderland,1765342800,0.01,0.06,no
top4,2025,Sunderland,1765429200,0.01,0.06,no
top4,2025,Sunderland,1765515600,0.01,0.14,no
top4,2025,Sunderland,1765602000,0.02,0.14,no
top4,2025,Sunderland,1765688400,0.02,0.14,no
top4,2025,Sunderland,1765774800,0.01,0.1,no
top4,2025,Sunderland,1765861200,0.01,0.09,no
top4,2025,Sunderland,1765947600,0.01,0.09,no
top4,2025,Sunderland,1766034000,0.01,0.09,no
top4,2025,Sunderland,1766120400,0.01,0.09,no
top4,2025,Sunderland,1766206800,0.01,0.09,no
top4,2025,Sunderland,1766293200,0.02,0.15,no
top4,2025,Sunderland,1766379600,0.02,0.07,no
top4,2025,Sunderland,1766466000,0.02,0.07,no
top4,2025,Sunderland,1766552400,0.02,0.07,no
top4,2025,Sunderland,1766638800,0.02,0.07,no
top4,2025,Sunderland,1766725200,0.02,0.07,no
top4,2025,Sunderland,1766811600,0.02,0.07,no
top4,2025,Sunderland,1766898000,0.01,0.06,no
top4,2025,Sunderland,1766984400,0.01,0.07,no
top4,2025,Sunderland,1767070800,0.01,0.07,no
top4,2025,Sunderland,1767157200,0.02,0.07,no
top4,2025,Sunderland,1767243600,0.02,0.07,no
top4,2025,Sunderland,1767330000,0.03,0.08,no
top4,2025,Sunderland,1767416400,0.03,0.05,no
top4,2025,Sunderland,1767502800,0.03,0.08,no
top4,2025,Sunderland,1767589200,0.03,0.08,no
top4,2025,Sunderland,1767675600,0.03,0.08,no
top4,2025,Sunderland,1767762000,0.03,0.07,no
top4,2025,Sunderland,1767848400,0.02,0.06,no
top4,2025,Sunderland,1767934800,0.02,0.06,no
top4,2025,Sunderland,1768021200,0.02,0.05,no
top4,2025,Sunderland,1768107600,0.02,0.06,no
top4,2025,Sunderland,1768194000,0.01,0.05,no
top4,2025,Sunderland,1768280400,0.02,0.05,no
top4,2025,Sunderland,1768366800,0.02,0.05,no
top4,2025,Sunderland,1768453200,0.02,0.05,no
top4,2025,Sunderland,1768539600,0.02,0.06,no
top4,2025,Sunderland,1768626000,0.02,0.06,no
top4,2025,Sunderland,1768712400,0.02,0.09,no
top4,2025,Sunderland,1768798800,0.01,0.09,no
top4,2025,Sunderland,1768885200,0.03,0.07,no
top4,2025,Sunderland,1768971600,0.03,0.07,no
top4,2025,Sunderland,1769058000,0.01,0.07,no
top4,2025,Sunderland,1769144400,0.01,0.07,no
top4,2025,Sunderland,1769230800,0.01,0.08,no
top4,2025,Sunderland,1769317200,0.02,0.07,no
top4,2025,Sunderland,1769403600,0.02,0.07,no
top4,2025,Sunderland,1769490000,0.02,0.07,no
top4,2025,Sunderland,1769576400,0.02,0.06,no
top4,2025,Sunderland,1769662800,0.02,0.06,no
top4,2025,Sunderland,1769749200,0.02,0.06,no
top4,2025,Sunderland,1769835600,0.02,0.06,no
top4,2025,Sunderland,1769922000,0.01,0.06,no
top4,2025,Sunderland,1770008400,0.01,0.05,no
top4,2025,Sunderland,1770094800,0.02,0.05,no
top4,2025,Sunderland,1770181200,0.02,0.05,no
top4,2025,Sunderland,1770267600,0.02,0.05,no
top4,2025,Sunderland,1770354000,0.02,0.05,no
top4,2025,Sunderland,1770440400,0.02,0.05,no
top4,2025,Sunderland,1770526800,0.02,0.05,no
top4,2025,Sunderland,1770613200,0.02,0.06,no
top4,2025,Sunderland,1770699600,0.02,0.06,no
top4,2025,Sunderland,1770786000,0.01,0.06,no
top4,2025,Sunderland,1770872400,0.01,0.05,no
top4,2025,Sunderland,1770958800,0.01,0.05,no
top4,2025,Sunderland,1771045200,0.01,0.05,no
top4,2025,Sunderland,1771131600,0.01,0.04,no
top4,2025,Sunderland,1771218000,0.01,0.04,no
top4,2025,Sunderland,1771304400,0.02,0.04,no
top4,2025,Sunderland,1771390800,0.01,0.04,no
top4,2025,Sunderland,1771477200,0.01,0.03,no
top4,2025,Sunderland,1771563600,0.01,0.03,no
top4,2025,Sunderland,1771650000,0.01,0.03,no
top4,2025,Sunderland,1771736400,0.0,0.04,no
top4,2025,Sunderland,1771822800,0.0,0.03,no
top4,2025,Sunderland,1771995600,0.0,0.03,no
top4,2025,Sunderland,1772082000,0.0,0.03,no
top4,2025,Sunderland,1772168400,0.0,0.03,no
top4,2025,Sunderland,1772254800,0.0,0.03,no
top4,2025,Sunderland,1772341200,0.0,0.03,no
top4,2025,Sunderland,1772427600,0.0,0.03,no
top4,2025,Sunderland,1772514000,0.0,0.03,no
top4,2025,Sunderland,1772600400,0.0,0.03,no
top4,2025,Sunderland,1772686800,0.0,0.03,no
top4,2025,Sunderland,1772773200,0.0,0.03,no
top4,2025,Sunderland,1772859600,0.0,0.03,no
top4,2025,Sunderland,1772946000,0.0,0.03,no
top4,2025,Sunderland,1773032400,0.0,0.03,no
top4,2025,Sunderland,1773115200,0.0,0.03,no
top4,2025,Sunderland,1773201600,0.0,0.03,no
top4,2025,Sunderland,1773288000,0.0,0.03,no
top4,2025,Sunderland,1773374400,0.0,0.04,no
top4,2025,Sunderland,1773460800,0.0,0.03,no
top4,2025,Sunderland,1773547200,0.0,0.03,no
top4,2025,Sunderland,1773633600,0.0,0.03,no
top4,2025,Sunderland,1773720000,0.0,0.02,no
top4,2025,Sunderland,1773806400,0.0,0.03,no
top4,2025,Sunderland,1773892800,0.0,0.03,no
top4,2025,Sunderland,1773979200,0.0,0.03,no
top4,2025,Sunderland,1774065600,0.0,0.03,no
top4,2025,Sunderland,1774152000,0.0,0.04,no
top4,2025,Sunderland,1774238400,0.0,0.03,no
top4,2025,Sunderland,1774324800,0.0,0.03,no
top4,2025,Sunderland,1774411200,0.0,0.03,no
top4,2025,Sunderland,1774497600,0.0,0.03,no
top4,2025,Sunderland,1774584000,0.0,0.03,no
top4,2025,Sunderland,1774670400,0.0,0.03,no
top4,2025,Sunderland,1774756800,0.0,0.03,no
top4,2025,Sunderland,1774843200,0.0,0.02,no
top4,2025,Sunderland,1774929600,0.0,0.03,no
top4,2025,Sunderland,1775016000,0.0,0.03,no
top4,2025,Sunderland,1775102400,0.0,0.03,no
top4,2025,Sunderland,1775966400,0.0,0.03,no
top4,2025,Sunderland,1776225600,0.0,0.03,no
top4,2025,Sunderland,1776312000,0.0,0.02,no
top4,2025,Sunderland,1776398400,0.0,0.02,no
top4,2025,Sunderland,1776484800,0.0,0.02,no
top4,2025,Sunderland,1776657600,0.0,0.02,no
top4,2025,Sunderland,1776744000,0.0,0.02,no
top4,2025,Sunderland,1776830400,0.0,0.02,no
top4,2025,Sunderland,1776916800,0.0,0.02,no
top4,2025,Sunderland,1777003200,0.0,0.02,no
top4,2025,Sunderland,1777089600,0.0,0.02,no
top4,2025,Sunderland,1777176000,0.0,0.02,no
top4,2025,Sunderland,1777262400,0.0,0.02,no
top4,2025,Sunderland,1777348800,0.0,0.02,no
top4,2025,Sunderland,1777435200,0.0,0.02,no
top4,2025,Sunderland,1777608000,0.0,0.01,no
top4,2025,Sunderland,1777780800,0.0,0.02,no
top4,2025,Sunderland,1777953600,0.0,0.01,no
top4,2025,Sunderland,1778126400,0.0,0.01,no
top4,2025,Sunderland,1779508800,0.0,0.01,no
top4,2025,Sunderland,1779595200,0.0,0.01,no
top4,2025,Sunderland,1779681600,0.0,1.0,no
top4,2025,Leeds,1754712000,0.0,0.03,no
top4,2025,Leeds,1754798400,0.0,0.03,no
top4,2025,Leeds,1754884800,0.0,0.03,no
top4,2025,Leeds,1754971200,0.0,0.03,no
top4,2025,Leeds,1755057600,0.0,0.03,no
top4,2025,Leeds,1755144000,0.0,0.03,no
top4,2025,Leeds,1755230400,0.0,0.02,no
top4,2025,Leeds,1755316800,0.0,0.02,no
top4,2025,Leeds,1755403200,0.0,0.03,no
top4,2025,Leeds,1755489600,0.0,0.03,no
top4,2025,Leeds,1755576000,0.0,0.04,no
top4,2025,Leeds,1755662400,0.0,0.02,no
top4,2025,Leeds,1755748800,0.0,0.03,no
top4,2025,Leeds,1755835200,0.0,0.99,no
top4,2025,Leeds,1755921600,0.0,0.11,no
top4,2025,Leeds,1756008000,0.0,0.99,no
top4,2025,Leeds,1756267200,0.0,0.03,no
top4,2025,Leeds,1756353600,0.0,0.03,no
top4,2025,Leeds,1756440000,0.0,0.03,no
top4,2025,Leeds,1756526400,0.0,0.03,no
top4,2025,Leeds,1756612800,0.0,0.02,no
top4,2025,Leeds,1756699200,0.0,0.02,no
top4,2025,Leeds,1756785600,0.0,0.02,no
top4,2025,Leeds,1756872000,0.0,0.02,no
top4,2025,Leeds,1756958400,0.0,0.02,no
top4,2025,Leeds,1757044800,0.0,0.02,no
top4,2025,Leeds,1757131200,0.0,0.02,no
top4,2025,Leeds,1757217600,0.0,0.02,no
top4,2025,Leeds,1757304000,0.0,0.02,no
top4,2025,Leeds,1757390400,0.0,0.02,no
top4,2025,Leeds,1757476800,0.0,0.02,no
top4,2025,Leeds,1757563200,0.0,0.02,no
top4,2025,Leeds,1757649600,0.0,0.02,no
top4,2025,Leeds,1757736000,0.0,0.02,no
top4,2025,Leeds,1757822400,0.0,0.02,no
top4,2025,Leeds,1757908800,0.0,0.02,no
top4,2025,Leeds,1757995200,0.0,0.02,no
top4,2025,Leeds,1758081600,0.0,0.02,no
top4,2025,Leeds,1758168000,0.0,0.02,no
top4,2025,Leeds,1758254400,0.0,0.02,no
top4,2025,Leeds,1758340800,0.0,0.02,no
top4,2025,Leeds,1758427200,0.0,0.02,no
top4,2025,Leeds,1758513600,0.0,0.02,no
top4,2025,Leeds,1758600000,0.0,0.02,no
top4,2025,Leeds,1758686400,0.0,0.02,no
top4,2025,Leeds,1758772800,0.0,0.02,no
top4,2025,Leeds,1758859200,0.0,0.02,no
top4,2025,Leeds,1758945600,0.0,0.02,no
top4,2025,Leeds,1759032000,0.0,0.02,no
top4,2025,Leeds,1759118400,0.0,0.02,no
top4,2025,Leeds,1759204800,0.0,0.02,no
top4,2025,Leeds,1759291200,0.0,0.02,no
top4,2025,Leeds,1759377600,0.0,0.02,no
top4,2025,Leeds,1759464000,0.0,0.02,no
top4,2025,Leeds,1759550400,0.0,0.02,no
top4,2025,Leeds,1759636800,0.0,0.02,no
top4,2025,Leeds,1759723200,0.0,0.02,no
top4,2025,Leeds,1759809600,0.0,0.02,no
top4,2025,Leeds,1759896000,0.0,0.02,no
top4,2025,Leeds,1759982400,0.0,0.02,no
top4,2025,Leeds,1760068800,0.0,0.02,no
top4,2025,Leeds,1760155200,0.0,0.02,no
top4,2025,Leeds,1760241600,0.0,0.02,no
top4,2025,Leeds,1760328000,0.0,0.02,no
top4,2025,Leeds,1760414400,0.0,0.02,no
top4,2025,Leeds,1760500800,0.0,0.02,no
top4,2025,Leeds,1760587200,0.0,0.02,no
top4,2025,Leeds,1760673600,0.0,0.02,no
top4,2025,Leeds,1760760000,0.0,0.02,no
top4,2025,Leeds,1760846400,0.0,0.02,no
top4,2025,Leeds,1760932800,0.0,0.02,no
top4,2025,Leeds,1761019200,0.0,0.02,no
top4,2025,Leeds,1761105600,0.0,0.02,no
top4,2025,Leeds,1761192000,0.0,0.01,no
top4,2025,Leeds,1761278400,0.0,0.01,no
top4,2025,Leeds,1761364800,0.0,0.01,no
top4,2025,Leeds,1761451200,0.0,0.01,no
top4,2025,Leeds,1761537600,0.0,0.01,no
top4,2025,Leeds,1761624000,0.0,0.01,no
top4,2025,Leeds,1761710400,0.0,0.01,no
top4,2025,Leeds,1761796800,0.0,0.01,no
top4,2025,Leeds,1761883200,0.0,0.01,no
top4,2025,Leeds,1761969600,0.0,0.01,no
top4,2025,Leeds,1762056000,0.0,0.01,no
top4,2025,Leeds,1762142400,0.0,0.01,no
top4,2025,Leeds,1762232400,0.0,0.01,no
top4,2025,Leeds,1762318800,0.0,0.01,no
top4,2025,Leeds,1762405200,0.0,0.01,no
top4,2025,Leeds,1762491600,0.0,0.01,no
top4,2025,Leeds,1762578000,0.0,0.01,no
top4,2025,Leeds,1762664400,0.0,0.01,no
top4,2025,Leeds,1762750800,0.0,0.01,no
top4,2025,Leeds,1762837200,0.0,0.01,no
top4,2025,Leeds,1762923600,0.0,0.01,no
top4,2025,Leeds,1763010000,0.0,0.01,no
top4,2025,Leeds,1763096400,0.0,0.01,no
top4,2025,Leeds,1763182800,0.0,0.01,no
top4,2025,Leeds,1763269200,0.0,0.01,no
top4,2025,Leeds,1763355600,0.0,0.01,no
top4,2025,Leeds,1763442000,0.0,0.01,no
top4,2025,Leeds,1763528400,0.0,0.01,no
top4,2025,Leeds,1763614800,0.0,0.01,no
top4,2025,Leeds,1763701200,0.0,0.01,no
top4,2025,Leeds,1763787600,0.0,0.01,no
top4,2025,Leeds,1763874000,0.0,0.01,no
top4,2025,Leeds,1763960400,0.0,0.01,no
top4,2025,Leeds,1764046800,0.0,0.01,no
top4,2025,Leeds,1764133200,0.0,0.01,no
top4,2025,Leeds,1764219600,0.0,0.01,no
top4,2025,Leeds,1764306000,0.0,0.03,no
top4,2025,Leeds,1764392400,0.0,0.03,no
top4,2025,Leeds,1764478800,0.0,0.03,no
top4,2025,Leeds,1764565200,0.0,0.03,no
top4,2025,Leeds,1764651600,0.0,0.02,no
top4,2025,Leeds,1764738000,0.0,0.02,no
top4,2025,Leeds,1764824400,0.0,0.02,no
top4,2025,Leeds,1764910800,0.0,0.02,no
top4,2025,Leeds,1764997200,0.0,0.02,no
top4,2025,Leeds,1765083600,0.0,0.95,no
top4,2025,Leeds,1765170000,0.0,0.05,no
top4,2025,Leeds,1765256400,0.0,0.05,no
top4,2025,Leeds,1765342800,0.0,0.03,no
top4,2025,Leeds,1765429200,0.0,0.03,no
top4,2025,Leeds,1765515600,0.0,0.05,no
top4,2025,Leeds,1765602000,0.0,0.05,no
top4,2025,Leeds,1765688400,0.0,0.05,no
top4,2025,Leeds,1765774800,0.0,0.05,no
top4,2025,Leeds,1765861200,0.0,0.05,no
top4,2025,Leeds,1765947600,0.0,0.05,no
top4,2025,Leeds,1766034000,0.0,0.05,no
top4,2025,Leeds,1766120400,0.0,0.05,no
top4,2025,Leeds,1766206800,0.0,0.04,no
top4,2025,Leeds,1766293200,0.0,0.04,no
top4,2025,Leeds,1766379600,0.0,0.03,no
top4,2025,Leeds,1766466000,0.0,0.03,no
top4,2025,Leeds,1766552400,0.0,0.03,no
top4,2025,Leeds,1766638800,0.0,0.03,no
top4,2025,Leeds,1766725200,0.0,0.03,no
top4,2025,Leeds,1766811600,0.0,0.03,no
top4,2025,Leeds,1766898000,0.0,0.04,no
top4,2025,Leeds,1766984400,0.0,0.04,no
top4,2025,Leeds,1767070800,0.0,0.04,no
top4,2025,Leeds,1767157200,0.0,0.03,no
top4,2025,Leeds,1767243600,0.0,0.03,no
top4,2025,Leeds,1767330000,0.0,0.03,no
top4,2025,Leeds,1767416400,0.0,0.03,no
top4,2025,Leeds,1767502800,0.0,0.03,no
top4,2025,Leeds,1767589200,0.0,0.03,no
top4,2025,Leeds,1767675600,0.0,0.03,no
top4,2025,Leeds,1767762000,0.0,0.03,no
top4,2025,Leeds,1767848400,0.0,0.03,no
top4,2025,Leeds,1767934800,0.0,0.03,no
top4,2025,Leeds,1768021200,0.0,0.03,no
top4,2025,Leeds,1768107600,0.0,0.03,no
top4,2025,Leeds,1768194000,0.0,0.04,no
top4,2025,Leeds,1768280400,0.0,0.03,no
top4,2025,Leeds,1768366800,0.0,0.03,no
top4,2025,Leeds,1768453200,0.0,0.03,no
top4,2025,Leeds,1768539600,0.0,0.03,no
top4,2025,Leeds,1768626000,0.0,0.03,no
top4,2025,Leeds,1768712400,0.0,0.03,no
top4,2025,Leeds,1768798800,0.0,0.03,no
top4,2025,Leeds,1768885200,0.0,0.03,no
top4,2025,Leeds,1768971600,0.0,0.03,no
top4,2025,Leeds,1769058000,0.0,0.03,no
top4,2025,Leeds,1769144400,0.0,0.03,no
top4,2025,Leeds,1769230800,0.0,0.03,no
top4,2025,Leeds,1769317200,0.0,0.03,no
top4,2025,Leeds,1769403600,0.0,0.03,no
top4,2025,Leeds,1769490000,0.0,0.03,no
top4,2025,Leeds,1769576400,0.0,0.03,no
top4,2025,Leeds,1769662800,0.0,0.03,no
top4,2025,Leeds,1769749200,0.0,0.03,no
top4,2025,Leeds,1769835600,0.0,0.03,no
top4,2025,Leeds,1769922000,0.0,0.03,no
top4,2025,Leeds,1770008400,0.0,0.03,no
top4,2025,Leeds,1770094800,0.0,0.03,no
top4,2025,Leeds,1770181200,0.0,0.03,no
top4,2025,Leeds,1770267600,0.0,0.03,no
top4,2025,Leeds,1770354000,0.0,0.03,no
top4,2025,Leeds,1770440400,0.0,0.03,no
top4,2025,Leeds,1770526800,0.0,0.03,no
top4,2025,Leeds,1770613200,0.0,0.03,no
top4,2025,Leeds,1770699600,0.0,0.03,no
top4,2025,Leeds,1770958800,0.0,0.02,no
top4,2025,Leeds,1771304400,0.0,0.02,no
top4,2025,Leeds,1771390800,0.0,0.02,no
top4,2025,Leeds,1771477200,0.0,0.02,no
top4,2025,Leeds,1771563600,0.0,0.02,no
top4,2025,Leeds,1771650000,0.0,0.02,no
top4,2025,Leeds,1771736400,0.0,0.02,no
top4,2025,Leeds,1771995600,0.0,0.02,no
top4,2025,Leeds,1772082000,0.0,0.02,no
top4,2025,Leeds,1772168400,0.0,0.02,no
top4,2025,Leeds,1772254800,0.0,0.02,no
top4,2025,Leeds,1772341200,0.0,0.01,no
top4,2025,Leeds,1772427600,0.0,0.01,no
top4,2025,Leeds,1772514000,0.0,0.02,no
top4,2025,Leeds,1772686800,0.0,0.01,no
top4,2025,Leeds,1772773200,0.0,0.01,no
top4,2025,Leeds,1772859600,0.0,0.01,no
top4,2025,Leeds,1772946000,0.0,0.01,no
top4,2025,Leeds,1773032400,0.0,0.01,no
top4,2025,Leeds,1773115200,0.0,0.01,no
top4,2025,Leeds,1773201600,0.0,0.01,no
top4,2025,Leeds,1773288000,0.0,0.02,no
top4,2025,Leeds,1773374400,0.0,0.02,no
top4,2025,Leeds,1773460800,0.0,0.01,no
top4,2025,Leeds,1773547200,0.0,0.02,no
top4,2025,Leeds,1773633600,0.0,0.02,no
top4,2025,Leeds,1775361600,0.0,0.02,no
top4,2025,Leeds,1775707200,0.0,0.02,no
top4,2025,Leeds,1776312000,0.0,0.01,no
top4,2025,Leeds,1776484800,0.0,0.02,no
top4,2025,Leeds,1777608000,0.0,0.01,no
top4,2025,Leeds,1777780800,0.0,0.02,no
top4,2025,Leeds,1777953600,0.0,0.01,no
top4,2025,Leeds,1778126400,0.0,0.01,no
top4,2025,Leeds,1778472000,0.0,0.01,no
top4,2025,Leeds,1778817600,0.0,0.01,no
top4,2025,Leeds,1778990400,0.0,0.01,no
top4,2025,Leeds,1779508800,0.0,0.01,no
top4,2025,Leeds,1779595200,0.0,0.01,no
top4,2025,Leeds,1779681600,0.0,1.0,no
top4,2025,Fulham,1754712000,0.0,0.04,no
top4,2025,Fulham,1754798400,0.0,0.04,no
top4,2025,Fulham,1754884800,0.0,0.04,no
top4,2025,Fulham,1754971200,0.0,0.04,no
top4,2025,Fulham,1755057600,0.0,0.04,no
top4,2025,Fulham,1755144000,0.0,0.04,no
top4,2025,Fulham,1755230400,0.0,0.94,no
top4,2025,Fulham,1755316800,0.0,0.02,no
top4,2025,Fulham,1755403200,0.0,0.03,no
top4,2025,Fulham,1755489600,0.0,0.03,no
top4,2025,Fulham,1755576000,0.0,0.04,no
top4,2025,Fulham,1755662400,0.0,0.02,no
top4,2025,Fulham,1755748800,0.0,0.03,no
top4,2025,Fulham,1755835200,0.0,0.03,no
top4,2025,Fulham,1755921600,0.0,0.03,no
top4,2025,Fulham,1756008000,0.0,0.04,no
top4,2025,Fulham,1756094400,0.0,0.04,no
top4,2025,Fulham,1756180800,0.0,0.04,no
top4,2025,Fulham,1756267200,0.0,0.04,no
top4,2025,Fulham,1756353600,0.0,0.04,no
top4,2025,Fulham,1756440000,0.0,0.04,no
top4,2025,Fulham,1756526400,0.0,0.03,no
top4,2025,Fulham,1756612800,0.0,0.03,no
top4,2025,Fulham,1756699200,0.0,0.03,no
top4,2025,Fulham,1756785600,0.0,0.03,no
top4,2025,Fulham,1756872000,0.0,0.02,no
top4,2025,Fulham,1756958400,0.0,0.02,no
top4,2025,Fulham,1757044800,0.0,0.02,no
top4,2025,Fulham,1757131200,0.0,0.02,no
top4,2025,Fulham,1757217600,0.0,0.02,no
top4,2025,Fulham,1757304000,0.0,0.02,no
top4,2025,Fulham,1757390400,0.0,0.02,no
top4,2025,Fulham,1757476800,0.0,0.02,no
top4,2025,Fulham,1757563200,0.0,0.02,no
top4,2025,Fulham,1757649600,0.0,0.02,no
top4,2025,Fulham,1757736000,0.0,0.02,no
top4,2025,Fulham,1757822400,0.0,0.02,no
top4,2025,Fulham,1757908800,0.0,0.02,no
top4,2025,Fulham,1757995200,0.0,0.02,no
top4,2025,Fulham,1758081600,0.0,0.02,no
top4,2025,Fulham,1758168000,0.0,0.02,no
top4,2025,Fulham,1758254400,0.0,0.02,no
top4,2025,Fulham,1758340800,0.0,0.02,no
top4,2025,Fulham,1758427200,0.0,0.02,no
top4,2025,Fulham,1758513600,0.0,0.02,no
top4,2025,Fulham,1758600000,0.0,0.02,no
top4,2025,Fulham,1758686400,0.0,0.02,no
top4,2025,Fulham,1758772800,0.0,0.02,no
top4,2025,Fulham,1758859200,0.0,0.02,no
top4,2025,Fulham,1758945600,0.0,0.02,no
top4,2025,Fulham,1759032000,0.0,0.24,no
top4,2025,Fulham,1759118400,0.0,0.24,no
top4,2025,Fulham,1759204800,0.0,0.24,no
top4,2025,Fulham,1759291200,0.0,0.92,no
top4,2025,Fulham,1759377600,0.0,0.92,no
top4,2025,Fulham,1759464000,0.0,0.92,no
top4,2025,Fulham,1759550400,0.0,0.14,no
top4,2025,Fulham,1759636800,0.0,0.13,no
top4,2025,Fulham,1759723200,0.0,0.13,no
top4,2025,Fulham,1759809600,0.0,0.13,no
top4,2025,Fulham,1759896000,0.0,0.13,no
top4,2025,Fulham,1759982400,0.0,0.02,no
top4,2025,Fulham,1760068800,0.0,0.02,no
top4,2025,Fulham,1760155200,0.0,0.02,no
top4,2025,Fulham,1760241600,0.0,0.02,no
top4,2025,Fulham,1760328000,0.0,0.02,no
top4,2025,Fulham,1760414400,0.0,0.02,no
top4,2025,Fulham,1760500800,0.0,0.02,no
top4,2025,Fulham,1760587200,0.0,0.02,no
top4,2025,Fulham,1760673600,0.0,0.02,no
top4,2025,Fulham,1760760000,0.0,0.02,no
top4,2025,Fulham,1760846400,0.0,0.02,no
top4,2025,Fulham,1760932800,0.0,0.02,no
top4,2025,Fulham,1761019200,0.0,0.02,no
top4,2025,Fulham,1761105600,0.0,0.02,no
top4,2025,Fulham,1761192000,0.0,0.02,no
top4,2025,Fulham,1761278400,0.0,0.02,no
top4,2025,Fulham,1761364800,0.0,0.02,no
top4,2025,Fulham,1761451200,0.01,0.1,no
top4,2025,Fulham,1761537600,0.01,0.1,no
top4,2025,Fulham,1761624000,0.01,0.1,no
top4,2025,Fulham,1761710400,0.01,0.1,no
top4,2025,Fulham,1761796800,0.01,0.1,no
top4,2025,Fulham,1761883200,0.0,0.1,no
top4,2025,Fulham,1761969600,0.0,0.03,no
top4,2025,Fulham,1762056000,0.0,0.1,no
top4,2025,Fulham,1762142400,0.0,0.1,no
top4,2025,Fulham,1762232400,0.0,0.03,no
top4,2025,Fulham,1762318800,0.0,0.03,no
top4,2025,Fulham,1762405200,0.0,0.03,no
top4,2025,Fulham,1762491600,0.0,0.03,no
top4,2025,Fulham,1762578000,0.0,0.03,no
top4,2025,Fulham,1762664400,0.0,0.03,no
top4,2025,Fulham,1762750800,0.0,0.03,no
top4,2025,Fulham,1762837200,0.0,0.03,no
top4,2025,Fulham,1762923600,0.0,0.03,no
top4,2025,Fulham,1763010000,0.0,0.03,no
top4,2025,Fulham,1763096400,0.0,0.03,no
top4,2025,Fulham,1763182800,0.0,0.03,no
top4,2025,Fulham,1763269200,0.0,0.03,no
top4,2025,Fulham,1763355600,0.0,0.03,no
top4,2025,Fulham,1763442000,0.0,0.03,no
top4,2025,Fulham,1763528400,0.0,0.03,no
top4,2025,Fulham,1763614800,0.0,0.03,no
top4,2025,Fulham,1763701200,0.0,0.03,no
top4,2025,Fulham,1763787600,0.0,0.03,no
top4,2025,Fulham,1763874000,0.0,0.05,no
top4,2025,Fulham,1763960400,0.0,0.05,no
top4,2025,Fulham,1764046800,0.0,0.05,no
top4,2025,Fulham,1764133200,0.0,0.05,no
top4,2025,Fulham,1764219600,0.0,0.03,no
top4,2025,Fulham,1764306000,0.0,0.03,no
top4,2025,Fulham,1764392400,0.0,0.03,no
top4,2025,Fulham,1764478800,0.0,0.04,no
top4,2025,Fulham,1764565200,0.0,0.03,no
top4,2025,Fulham,1764651600,0.0,0.03,no
top4,2025,Fulham,1764738000,0.0,0.04,no
top4,2025,Fulham,1764824400,0.0,0.04,no
top4,2025,Fulham,1764910800,0.0,0.03,no
top4,2025,Fulham,1764997200,0.0,0.03,no
top4,2025,Fulham,1765083600,0.0,0.95,no
top4,2025,Fulham,1765170000,0.0,0.05,no
top4,2025,Fulham,1765256400,0.0,0.05,no
top4,2025,Fulham,1765342800,0.0,0.03,no
top4,2025,Fulham,1765429200,0.0,0.03,no
top4,2025,Fulham,1765515600,0.0,0.05,no
top4,2025,Fulham,1765602000,0.0,0.05,no
top4,2025,Fulham,1765688400,0.0,0.05,no
top4,2025,Fulham,1765774800,0.02,0.05,no
top4,2025,Fulham,1765861200,0.0,0.05,no
top4,2025,Fulham,1765947600,0.0,0.05,no
top4,2025,Fulham,1766034000,0.0,0.05,no
top4,2025,Fulham,1766120400,0.0,0.05,no
top4,2025,Fulham,1766206800,0.0,0.05,no
top4,2025,Fulham,1766293200,0.0,0.05,no
top4,2025,Fulham,1766379600,0.0,0.03,no
top4,2025,Fulham,1766466000,0.0,0.03,no
top4,2025,Fulham,1766552400,0.0,0.03,no
top4,2025,Fulham,1766638800,0.0,0.03,no
top4,2025,Fulham,1766725200,0.0,0.03,no
top4,2025,Fulham,1766811600,0.0,0.03,no
top4,2025,Fulham,1766898000,0.0,0.05,no
top4,2025,Fulham,1766984400,0.0,0.05,no
top4,2025,Fulham,1767070800,0.0,0.05,no
top4,2025,Fulham,1767157200,0.0,0.05,no
top4,2025,Fulham,1767243600,0.0,0.05,no
top4,2025,Fulham,1767330000,0.0,0.05,no
top4,2025,Fulham,1767416400,0.0,0.05,no
top4,2025,Fulham,1767502800,0.0,0.05,no
top4,2025,Fulham,1767589200,0.0,0.04,no
top4,2025,Fulham,1767675600,0.0,0.04,no
top4,2025,Fulham,1767762000,0.0,0.04,no
top4,2025,Fulham,1767848400,0.0,0.05,no
top4,2025,Fulham,1767934800,0.0,0.05,no
top4,2025,Fulham,1768021200,0.0,0.05,no
top4,2025,Fulham,1768107600,0.0,0.05,no
top4,2025,Fulham,1768194000,0.0,0.05,no
top4,2025,Fulham,1768280400,0.0,0.05,no
top4,2025,Fulham,1768366800,0.0,0.05,no
top4,2025,Fulham,1768453200,0.0,0.05,no
top4,2025,Fulham,1768539600,0.0,0.05,no
top4,2025,Fulham,1768626000,0.01,0.05,no
top4,2025,Fulham,1768712400,0.0,0.04,no
top4,2025,Fulham,1768798800,0.0,0.05,no
top4,2025,Fulham,1768885200,0.0,0.04,no
top4,2025,Fulham,1768971600,0.0,0.04,no
top4,2025,Fulham,1769058000,0.0,0.05,no
top4,2025,Fulham,1769144400,0.0,0.05,no
top4,2025,Fulham,1769230800,0.0,0.05,no
top4,2025,Fulham,1769317200,0.0,0.05,no
top4,2025,Fulham,1769403600,0.0,0.04,no
top4,2025,Fulham,1769490000,0.0,0.04,no
top4,2025,Fulham,1769576400,0.0,0.04,no
top4,2025,Fulham,1769662800,0.0,0.04,no
top4,2025,Fulham,1769749200,0.0,0.04,no
top4,2025,Fulham,1769835600,0.0,0.04,no
top4,2025,Fulham,1769922000,0.0,0.11,no
top4,2025,Fulham,1770008400,0.0,0.1,no
top4,2025,Fulham,1770094800,0.0,0.04,no
top4,2025,Fulham,1770181200,0.0,0.04,no
top4,2025,Fulham,1770267600,0.0,0.04,no
top4,2025,Fulham,1770354000,0.0,0.04,no
top4,2025,Fulham,1770440400,0.0,0.04,no
top4,2025,Fulham,1770526800,0.0,0.04,no
top4,2025,Fulham,1770613200,0.0,0.04,no
top4,2025,Fulham,1770699600,0.0,0.09,no
top4,2025,Fulham,1770958800,0.0,0.1,no
top4,2025,Fulham,1771045200,0.0,0.09,no
top4,2025,Fulham,1771131600,0.0,0.08,no
top4,2025,Fulham,1771304400,0.0,0.06,no
top4,2025,Fulham,1771390800,0.0,0.06,no
top4,2025,Fulham,1771477200,0.0,0.06,no
top4,2025,Fulham,1771563600,0.0,0.06,no
top4,2025,Fulham,1771650000,0.0,0.06,no
top4,2025,Fulham,1771736400,0.0,0.08,no
top4,2025,Fulham,1771822800,0.0,0.08,no
top4,2025,Fulham,1771995600,0.0,0.06,no
top4,2025,Fulham,1772082000,0.0,0.06,no
top4,2025,Fulham,1772168400,0.0,0.06,no
top4,2025,Fulham,1772254800,0.0,0.06,no
top4,2025,Fulham,1772341200,0.0,0.06,no
top4,2025,Fulham,1772427600,0.0,0.06,no
top4,2025,Fulham,1772514000,0.0,0.05,no
top4,2025,Fulham,1772600400,0.0,0.07,no
top4,2025,Fulham,1772686800,0.0,0.06,no
top4,2025,Fulham,1772773200,0.0,0.05,no
top4,2025,Fulham,1772859600,0.0,0.06,no
top4,2025,Fulham,1772946000,0.0,0.06,no
top4,2025,Fulham,1773032400,0.0,0.05,no
top4,2025,Fulham,1773115200,0.0,0.06,no
top4,2025,Fulham,1773201600,0.0,0.05,no
top4,2025,Fulham,1773288000,0.0,0.08,no
top4,2025,Fulham,1773374400,0.0,0.08,no
top4,2025,Fulham,1773460800,0.0,0.06,no
top4,2025,Fulham,1773547200,0.0,0.05,no
top4,2025,Fulham,1773633600,0.0,0.05,no
top4,2025,Fulham,1773720000,0.0,0.05,no
top4,2025,Fulham,1773806400,0.0,0.05,no
top4,2025,Fulham,1773892800,0.0,0.05,no
top4,2025,Fulham,1773979200,0.0,0.05,no
top4,2025,Fulham,1774065600,0.0,0.03,no
top4,2025,Fulham,1774152000,0.0,0.06,no
top4,2025,Fulham,1774238400,0.0,0.06,no
top4,2025,Fulham,1774324800,0.0,0.06,no
top4,2025,Fulham,1774411200,0.0,0.06,no
top4,2025,Fulham,1774497600,0.0,0.05,no
top4,2025,Fulham,1774584000,0.0,0.03,no
top4,2025,Fulham,1774670400,0.0,0.06,no
top4,2025,Fulham,1774756800,0.0,0.05,no
top4,2025,Fulham,1774843200,0.0,0.05,no
top4,2025,Fulham,1774929600,0.0,0.05,no
top4,2025,Fulham,1775016000,0.0,0.05,no
top4,2025,Fulham,1775102400,0.0,0.03,no
top4,2025,Fulham,1775188800,0.0,0.06,no
top4,2025,Fulham,1775275200,0.0,0.06,no
top4,2025,Fulham,1775361600,0.0,0.06,no
top4,2025,Fulham,1775448000,0.0,0.06,no
top4,2025,Fulham,1775534400,0.0,0.06,no
top4,2025,Fulham,1775620800,0.0,0.07,no
top4,2025,Fulham,1775707200,0.0,0.06,no
top4,2025,Fulham,1775793600,0.0,0.05,no
top4,2025,Fulham,1775880000,0.0,0.05,no
top4,2025,Fulham,1775966400,0.0,0.06,no
top4,2025,Fulham,1776052800,0.0,0.06,no
top4,2025,Fulham,1776139200,0.0,0.07,no
top4,2025,Fulham,1776225600,0.0,0.06,no
top4,2025,Fulham,1776312000,0.0,0.02,no
top4,2025,Fulham,1776484800,0.0,0.05,no
top4,2025,Fulham,1776571200,0.0,0.04,no
top4,2025,Fulham,1776657600,0.0,0.05,no
top4,2025,Fulham,1776744000,0.0,0.04,no
top4,2025,Fulham,1776830400,0.0,0.03,no
top4,2025,Fulham,1776916800,0.0,0.05,no
top4,2025,Fulham,1777003200,0.0,0.05,no
top4,2025,Fulham,1777089600,0.0,0.05,no
top4,2025,Fulham,1777176000,0.0,0.05,no
top4,2025,Fulham,1777262400,0.0,0.05,no
top4,2025,Fulham,1777348800,0.0,0.02,no
top4,2025,Fulham,1777435200,0.0,0.05,no
top4,2025,Fulham,1777608000,0.0,0.01,no
top4,2025,Fulham,1777780800,0.0,0.05,no
top4,2025,Fulham,1777953600,0.0,0.04,no
top4,2025,Fulham,1778040000,0.0,0.04,no
top4,2025,Fulham,1778126400,0.0,0.04,no
top4,2025,Fulham,1778385600,0.0,0.01,no
top4,2025,Fulham,1778472000,0.0,0.01,no
top4,2025,Fulham,1779508800,0.0,0.01,no
top4,2025,Fulham,1779595200,0.0,0.01,no
top4,2025,Fulham,1779681600,0.0,1.0,no
top4,2025,Everton,1754712000,0.0,0.05,no
top4,2025,Everton,1754798400,0.0,0.05,no
top4,2025,Everton,1754884800,0.0,0.05,no
top4,2025,Everton,1754971200,0.0,0.04,no
top4,2025,Everton,1755057600,0.0,0.04,no
top4,2025,Everton,1755144000,0.0,0.05,no
top4,2025,Everton,1755230400,0.0,0.94,no
top4,2025,Everton,1755316800,0.0,0.03,no
top4,2025,Everton,1755403200,0.0,0.03,no
top4,2025,Everton,1755489600,0.0,0.03,no
top4,2025,Everton,1755576000,0.0,0.03,no
top4,2025,Everton,1755662400,0.0,0.02,no
top4,2025,Everton,1755748800,0.0,0.02,no
top4,2025,Everton,1755835200,0.0,0.03,no
top4,2025,Everton,1755921600,0.0,0.03,no
top4,2025,Everton,1756008000,0.0,0.03,no
top4,2025,Everton,1756094400,0.0,0.03,no
top4,2025,Everton,1756180800,0.0,0.03,no
top4,2025,Everton,1756267200,0.0,0.05,no
top4,2025,Everton,1756353600,0.0,0.05,no
top4,2025,Everton,1756440000,0.0,0.04,no
top4,2025,Everton,1756526400,0.0,0.04,no
top4,2025,Everton,1756612800,0.0,0.04,no
top4,2025,Everton,1756699200,0.0,0.04,no
top4,2025,Everton,1756785600,0.03,0.05,no
top4,2025,Everton,1756872000,0.03,0.05,no
top4,2025,Everton,1756958400,0.03,0.05,no
top4,2025,Everton,1757044800,0.03,0.05,no
top4,2025,Everton,1757131200,0.03,0.05,no
top4,2025,Everton,1757217600,0.03,0.05,no
top4,2025,Everton,1757304000,0.03,0.05,no
top4,2025,Everton,1757390400,0.03,0.05,no
top4,2025,Everton,1757476800,0.03,0.05,no
top4,2025,Everton,1757563200,0.03,0.05,no
top4,2025,Everton,1757649600,0.03,0.05,no
top4,2025,Everton,1757736000,0.03,0.05,no
top4,2025,Everton,1757822400,0.03,0.05,no
top4,2025,Everton,1757908800,0.03,0.05,no
top4,2025,Everton,1757995200,0.03,0.05,no
top4,2025,Everton,1758081600,0.03,0.05,no
top4,2025,Everton,1758168000,0.03,0.05,no
top4,2025,Everton,1758254400,0.03,0.04,no
top4,2025,Everton,1758340800,0.03,0.04,no
top4,2025,Everton,1758427200,0.01,0.04,no
top4,2025,Everton,1758513600,0.02,0.04,no
top4,2025,Everton,1758600000,0.03,0.04,no
top4,2025,Everton,1758686400,0.03,0.04,no
top4,2025,Everton,1758772800,0.03,0.04,no
top4,2025,Everton,1758859200,0.03,0.04,no
top4,2025,Everton,1758945600,0.03,0.04,no
top4,2025,Everton,1759032000,0.03,0.05,no
top4,2025,Everton,1759118400,0.0,0.15,no
top4,2025,Everton,1759204800,0.0,0.15,no
top4,2025,Everton,1759291200,0.0,0.15,no
top4,2025,Everton,1759377600,0.0,0.15,no
top4,2025,Everton,1759464000,0.0,0.15,no
top4,2025,Everton,1759550400,0.0,0.15,no
top4,2025,Everton,1759636800,0.01,0.04,no
top4,2025,Everton,1759723200,0.0,0.83,no
top4,2025,Everton,1759809600,0.02,0.05,no
top4,2025,Everton,1759896000,0.02,0.05,no
top4,2025,Everton,1759982400,0.02,0.04,no
top4,2025,Everton,1760068800,0.02,0.04,no
top4,2025,Everton,1760155200,0.02,0.04,no
top4,2025,Everton,1760241600,0.02,0.04,no
top4,2025,Everton,1760328000,0.02,0.04,no
top4,2025,Everton,1760414400,0.02,0.04,no
top4,2025,Everton,1760500800,0.02,0.04,no
top4,2025,Everton,1760587200,0.02,0.04,no
top4,2025,Everton,1760673600,0.02,0.04,no
top4,2025,Everton,1760760000,0.02,0.04,no
top4,2025,Everton,1760846400,0.01,0.04,no
top4,2025,Everton,1760932800,0.0,0.04,no
top4,2025,Everton,1761019200,0.0,0.04,no
top4,2025,Everton,1761105600,0.0,0.04,no
top4,2025,Everton,1761192000,0.0,0.05,no
top4,2025,Everton,1761278400,0.0,0.05,no
top4,2025,Everton,1761364800,0.0,0.05,no
top4,2025,Everton,1761451200,0.0,0.05,no
top4,2025,Everton,1761537600,0.0,0.05,no
top4,2025,Everton,1761624000,0.0,0.05,no
top4,2025,Everton,1761710400,0.0,0.05,no
top4,2025,Everton,1761796800,0.0,0.05,no
top4,2025,Everton,1761883200,0.0,0.05,no
top4,2025,Everton,1761969600,0.0,0.04,no
top4,2025,Everton,1762056000,0.0,0.05,no
top4,2025,Everton,1762142400,0.0,0.05,no
top4,2025,Everton,1762232400,0.0,0.04,no
top4,2025,Everton,1762318800,0.0,0.04,no
top4,2025,Everton,1762405200,0.0,0.04,no
top4,2025,Everton,1762491600,0.0,0.03,no
top4,2025,Everton,1762578000,0.0,0.04,no
top4,2025,Everton,1762664400,0.0,0.1,no
top4,2025,Everton,1762750800,0.0,0.1,no
top4,2025,Everton,1762837200,0.0,0.04,no
top4,2025,Everton,1762923600,0.0,0.04,no
top4,2025,Everton,1763010000,0.0,0.04,no
top4,2025,Everton,1763096400,0.0,0.04,no
top4,2025,Everton,1763182800,0.0,0.04,no
top4,2025,Everton,1763269200,0.0,0.04,no
top4,2025,Everton,1763355600,0.0,0.04,no
top4,2025,Everton,1763442000,0.0,0.04,no
top4,2025,Everton,1763528400,0.0,0.04,no
top4,2025,Everton,1763614800,0.0,0.04,no
top4,2025,Everton,1763701200,0.0,0.04,no
top4,2025,Everton,1763787600,0.0,0.04,no
top4,2025,Everton,1763874000,0.0,0.05,no
top4,2025,Everton,1763960400,0.0,0.05,no
top4,2025,Everton,1764046800,0.0,0.1,no
top4,2025,Everton,1764133200,0.01,0.1,no
top4,2025,Everton,1764219600,0.01,0.05,no
top4,2025,Everton,1764306000,0.01,0.05,no
top4,2025,Everton,1764392400,0.01,0.05,no
top4,2025,Everton,1764478800,0.0,0.04,no
top4,2025,Everton,1764565200,0.0,0.04,no
top4,2025,Everton,1764651600,0.0,0.04,no
top4,2025,Everton,1764738000,0.0,0.15,no
top4,2025,Everton,1764824400,0.01,0.1,no
top4,2025,Everton,1764910800,0.01,0.06,no
top4,2025,Everton,1764997200,0.01,0.06,no
top4,2025,Everton,1765083600,0.0,0.99,no
top4,2025,Everton,1765170000,0.04,0.25,no
top4,2025,Everton,1765256400,0.03,0.99,no
top4,2025,Everton,1765342800,0.03,0.06,no
top4,2025,Everton,1765429200,0.03,0.06,no
top4,2025,Everton,1765515600,0.03,0.99,no
top4,2025,Everton,1765602000,0.04,0.97,no
top4,2025,Everton,1765688400,0.02,0.96,no
top4,2025,Everton,1765774800,0.02,0.94,no
top4,2025,Everton,1765861200,0.02,0.19,no
top4,2025,Everton,1765947600,0.02,0.1,no
top4,2025,Everton,1766034000,0.02,0.1,no
top4,2025,Everton,1766120400,0.02,0.1,no
top4,2025,Everton,1766206800,0.02,0.1,no
top4,2025,Everton,1766293200,0.01,1.0,no
top4,2025,Everton,1766379600,0.01,0.04,no
top4,2025,Everton,1766466000,0.01,0.04,no
top4,2025,Everton,1766552400,0.01,0.04,no
top4,2025,Everton,1766638800,0.01,0.04,no
top4,2025,Everton,1766725200,0.01,0.04,no
top4,2025,Everton,1766811600,0.01,0.04,no
top4,2025,Everton,1766898000,0.02,0.08,no
top4,2025,Everton,1766984400,0.02,0.08,no
top4,2025,Everton,1767070800,0.02,0.08,no
top4,2025,Everton,1767157200,0.01,0.05,no
top4,2025,Everton,1767243600,0.01,0.05,no
top4,2025,Everton,1767330000,0.01,0.05,no
top4,2025,Everton,1767416400,0.01,0.04,no
top4,2025,Everton,1767502800,0.01,0.04,no
top4,2025,Everton,1767589200,0.0,0.04,no
top4,2025,Everton,1767675600,0.0,0.04,no
top4,2025,Everton,1767762000,0.0,0.04,no
top4,2025,Everton,1767848400,0.0,0.04,no
top4,2025,Everton,1767934800,0.0,0.04,no
top4,2025,Everton,1768021200,0.0,0.04,no
top4,2025,Everton,1768107600,0.0,0.04,no
top4,2025,Everton,1768194000,0.0,0.1,no
top4,2025,Everton,1768280400,0.0,0.04,no
top4,2025,Everton,1768366800,0.0,0.04,no
top4,2025,Everton,1768453200,0.0,0.04,no
top4,2025,Everton,1768539600,0.0,0.04,no
top4,2025,Everton,1768626000,0.0,0.04,no
top4,2025,Everton,1768712400,0.0,0.04,no
top4,2025,Everton,1768798800,0.0,0.09,no
top4,2025,Everton,1768885200,0.0,0.03,no
top4,2025,Everton,1768971600,0.0,0.03,no
top4,2025,Everton,1769058000,0.0,0.03,no
top4,2025,Everton,1769144400,0.0,0.03,no
top4,2025,Everton,1769230800,0.0,0.03,no
top4,2025,Everton,1769317200,0.0,0.03,no
top4,2025,Everton,1769403600,0.0,0.03,no
top4,2025,Everton,1769490000,0.0,0.04,no
top4,2025,Everton,1769576400,0.0,0.04,no
top4,2025,Everton,1769662800,0.0,0.04,no
top4,2025,Everton,1769749200,0.0,0.04,no
top4,2025,Everton,1769835600,0.0,0.04,no
top4,2025,Everton,1769922000,0.0,1.0,no
top4,2025,Everton,1770008400,0.0,1.0,no
top4,2025,Everton,1770094800,0.0,0.04,no
top4,2025,Everton,1770181200,0.0,0.04,no
top4,2025,Everton,1770267600,0.01,0.04,no
top4,2025,Everton,1770354000,0.0,0.04,no
top4,2025,Everton,1770440400,0.0,0.04,no
top4,2025,Everton,1770526800,0.01,0.04,no
top4,2025,Everton,1770613200,0.0,0.04,no
top4,2025,Everton,1770699600,0.0,0.04,no
top4,2025,Everton,1770958800,0.0,0.05,no
top4,2025,Everton,1771045200,0.0,0.05,no
top4,2025,Everton,1771131600,0.0,0.04,no
top4,2025,Everton,1771218000,0.0,0.04,no
top4,2025,Everton,1771304400,0.0,0.03,no
top4,2025,Everton,1771390800,0.01,0.03,no
top4,2025,Everton,1771477200,0.0,0.03,no
top4,2025,Everton,1771563600,0.0,0.03,no
top4,2025,Everton,1771650000,0.0,0.03,no
top4,2025,Everton,1771736400,0.0,0.04,no
top4,2025,Everton,1771909200,0.0,0.05,no
top4,2025,Everton,1771995600,0.0,0.05,no
top4,2025,Everton,1772082000,0.0,0.05,no
top4,2025,Everton,1772168400,0.0,0.05,no
top4,2025,Everton,1772254800,0.0,0.05,no
top4,2025,Everton,1772341200,0.0,0.05,no
top4,2025,Everton,1772427600,0.0,0.05,no
top4,2025,Everton,1772514000,0.0,0.05,no
top4,2025,Everton,1772600400,0.0,0.05,no
top4,2025,Everton,1772686800,0.0,0.05,no
top4,2025,Everton,1772773200,0.0,0.05,no
top4,2025,Everton,1772859600,0.0,0.05,no
top4,2025,Everton,1772946000,0.0,0.05,no
top4,2025,Everton,1773032400,0.0,0.03,no
top4,2025,Everton,1773115200,0.0,0.03,no
top4,2025,Everton,1773201600,0.0,0.03,no
top4,2025,Everton,1773288000,0.0,0.04,no
top4,2025,Everton,1773374400,0.0,0.04,no
top4,2025,Everton,1773460800,0.0,0.03,no
top4,2025,Everton,1773547200,0.0,0.03,no
top4,2025,Everton,1773633600,0.0,0.03,no
top4,2025,Everton,1773720000,0.0,0.03,no
top4,2025,Everton,1773806400,0.0,0.03,no
top4,2025,Everton,1773892800,0.0,0.03,no
top4,2025,Everton,1773979200,0.0,0.03,no
top4,2025,Everton,1774065600,0.0,0.03,no
top4,2025,Everton,1774152000,0.0,0.03,no
top4,2025,Everton,1774238400,0.0,0.03,no
top4,2025,Everton,1774324800,0.0,0.02,no
top4,2025,Everton,1774411200,0.0,0.03,no
top4,2025,Everton,1774497600,0.0,0.02,no
top4,2025,Everton,1774584000,0.0,0.03,no
top4,2025,Everton,1774670400,0.0,0.03,no
top4,2025,Everton,1774929600,0.0,0.02,no
top4,2025,Everton,1775016000,0.0,0.03,no
top4,2025,Everton,1775102400,0.0,0.03,no
top4,2025,Everton,1775188800,0.0,0.03,no
top4,2025,Everton,1775275200,0.0,0.03,no
top4,2025,Everton,1775361600,0.0,0.03,no
top4,2025,Everton,1775448000,0.0,0.03,no
top4,2025,Everton,1775534400,0.0,0.03,no
top4,2025,Everton,1775620800,0.0,0.03,no
top4,2025,Everton,1775707200,0.0,0.03,no
top4,2025,Everton,1775793600,0.0,0.03,no
top4,2025,Everton,1775880000,0.0,0.03,no
top4,2025,Everton,1775966400,0.0,0.02,no
top4,2025,Everton,1776052800,0.0,0.02,no
top4,2025,Everton,1776139200,0.0,0.02,no
top4,2025,Everton,1776225600,0.01,0.02,no
top4,2025,Everton,1776312000,0.01,0.03,no
top4,2025,Everton,1776398400,0.0,0.04,no
top4,2025,Everton,1776571200,0.0,0.03,no
top4,2025,Everton,1776657600,0.0,0.04,no
top4,2025,Everton,1776744000,0.0,0.03,no
top4,2025,Everton,1776830400,0.0,0.04,no
top4,2025,Everton,1776916800,0.0,0.04,no
top4,2025,Everton,1777003200,0.0,0.04,no
top4,2025,Everton,1777089600,0.0,0.04,no
top4,2025,Everton,1777176000,0.0,0.04,no
top4,2025,Everton,1777262400,0.0,0.04,no
top4,2025,Everton,1777348800,0.0,0.04,no
top4,2025,Everton,1777435200,0.0,0.04,no
top4,2025,Everton,1777608000,0.0,0.01,no
top4,2025,Everton,1777780800,0.0,0.04,no
top4,2025,Everton,1777867200,0.0,0.04,no
top4,2025,Everton,1777953600,0.0,0.03,no
top4,2025,Everton,1778385600,0.0,0.02,no
top4,2025,Everton,1778472000,0.0,0.01,no
top4,2025,Everton,1778817600,0.0,0.01,no
top4,2025,Everton,1778990400,0.0,0.01,no
top4,2025,Everton,1779508800,0.0,0.01,no
top4,2025,Everton,1779595200,0.0,0.01,no
top4,2025,Everton,1779681600,0.0,1.0,no
top4,2025,Crystal Palace,1754712000,0.0,0.05,no
top4,2025,Crystal Palace,1754798400,0.0,0.05,no
top4,2025,Crystal Palace,1754884800,0.0,0.05,no
top4,2025,Crystal Palace,1754971200,0.0,0.04,no
top4,2025,Crystal Palace,1755057600,0.0,0.04,no
top4,2025,Crystal Palace,1755144000,0.01,0.07,no
top4,2025,Crystal Palace,1755230400,0.0,0.9,no
top4,2025,Crystal Palace,1755316800,0.0,0.04,no
top4,2025,Crystal Palace,1755403200,0.0,0.04,no
top4,2025,Crystal Palace,1755489600,0.0,0.04,no
top4,2025,Crystal Palace,1755576000,0.0,0.05,no
top4,2025,Crystal Palace,1755662400,0.0,0.03,no
top4,2025,Crystal Palace,1755748800,0.0,0.04,no
top4,2025,Crystal Palace,1755835200,0.0,0.05,no
top4,2025,Crystal Palace,1755921600,0.0,0.05,no
top4,2025,Crystal Palace,1756008000,0.0,0.05,no
top4,2025,Crystal Palace,1756094400,0.0,0.07,no
top4,2025,Crystal Palace,1756180800,0.0,0.07,no
top4,2025,Crystal Palace,1756267200,0.01,0.06,no
top4,2025,Crystal Palace,1756353600,0.01,0.06,no
top4,2025,Crystal Palace,1756440000,0.02,0.06,no
top4,2025,Crystal Palace,1756526400,0.02,0.06,no
top4,2025,Crystal Palace,1756612800,0.01,0.05,no
top4,2025,Crystal Palace,1756699200,0.03,0.05,no
top4,2025,Crystal Palace,1756785600,0.03,0.05,no
top4,2025,Crystal Palace,1756872000,0.03,0.04,no
top4,2025,Crystal Palace,1756958400,0.03,0.04,no
top4,2025,Crystal Palace,1757044800,0.03,0.04,no
top4,2025,Crystal Palace,1757131200,0.03,0.04,no
top4,2025,Crystal Palace,1757217600,0.03,0.04,no
top4,2025,Crystal Palace,1757304000,0.03,0.04,no
top4,2025,Crystal Palace,1757390400,0.03,0.04,no
top4,2025,Crystal Palace,1757476800,0.03,0.04,no
top4,2025,Crystal Palace,1757563200,0.03,0.04,no
top4,2025,Crystal Palace,1757649600,0.03,0.04,no
top4,2025,Crystal Palace,1757736000,0.03,0.04,no
top4,2025,Crystal Palace,1757822400,0.03,0.04,no
top4,2025,Crystal Palace,1757908800,0.03,0.04,no
top4,2025,Crystal Palace,1757995200,0.03,0.04,no
top4,2025,Crystal Palace,1758081600,0.03,0.04,no
top4,2025,Crystal Palace,1758168000,0.03,0.04,no
top4,2025,Crystal Palace,1758254400,0.02,0.04,no
top4,2025,Crystal Palace,1758340800,0.02,0.04,no
top4,2025,Crystal Palace,1758427200,0.04,0.07,no
top4,2025,Crystal Palace,1758513600,0.03,0.05,no
top4,2025,Crystal Palace,1758600000,0.03,0.05,no
top4,2025,Crystal Palace,1758686400,0.03,0.05,no
top4,2025,Crystal Palace,1758772800,0.03,0.05,no
top4,2025,Crystal Palace,1758859200,0.03,0.05,no
top4,2025,Crystal Palace,1758945600,0.03,0.05,no
top4,2025,Crystal Palace,1759032000,0.07,0.15,no
top4,2025,Crystal Palace,1759118400,0.1,0.15,no
top4,2025,Crystal Palace,1759204800,0.11,0.15,no
top4,2025,Crystal Palace,1759291200,0.12,0.14,no
top4,2025,Crystal Palace,1759377600,0.12,0.15,no
top4,2025,Crystal Palace,1759464000,0.13,0.16,no
top4,2025,Crystal Palace,1759550400,0.14,0.21,no
top4,2025,Crystal Palace,1759636800,0.06,0.29,no
top4,2025,Crystal Palace,1759723200,0.1,0.24,no
top4,2025,Crystal Palace,1759809600,0.15,0.2,no
top4,2025,Crystal Palace,1759896000,0.07,0.12,no
top4,2025,Crystal Palace,1759982400,0.08,0.1,no
top4,2025,Crystal Palace,1760068800,0.08,0.1,no
top4,2025,Crystal Palace,1760155200,0.08,0.1,no
top4,2025,Crystal Palace,1760241600,0.08,0.1,no
top4,2025,Crystal Palace,1760328000,0.08,0.1,no
top4,2025,Crystal Palace,1760414400,0.09,0.1,no
top4,2025,Crystal Palace,1760500800,0.09,0.1,no
top4,2025,Crystal Palace,1760587200,0.09,0.1,no
top4,2025,Crystal Palace,1760673600,0.09,0.1,no
top4,2025,Crystal Palace,1760760000,0.08,0.1,no
top4,2025,Crystal Palace,1760846400,0.05,0.07,no
top4,2025,Crystal Palace,1760932800,0.04,0.09,no
top4,2025,Crystal Palace,1761019200,0.04,0.09,no
top4,2025,Crystal Palace,1761105600,0.04,0.09,no
top4,2025,Crystal Palace,1761192000,0.05,0.09,no
top4,2025,Crystal Palace,1761278400,0.05,0.08,no
top4,2025,Crystal Palace,1761364800,0.05,0.08,no
top4,2025,Crystal Palace,1761451200,0.04,0.07,no
top4,2025,Crystal Palace,1761537600,0.05,0.08,no
top4,2025,Crystal Palace,1761624000,0.05,0.07,no
top4,2025,Crystal Palace,1761710400,0.05,0.07,no
top4,2025,Crystal Palace,1761796800,0.05,0.08,no
top4,2025,Crystal Palace,1761883200,0.06,0.08,no
top4,2025,Crystal Palace,1761969600,0.06,0.08,no
top4,2025,Crystal Palace,1762056000,0.06,0.12,no
top4,2025,Crystal Palace,1762142400,0.06,0.1,no
top4,2025,Crystal Palace,1762232400,0.07,0.1,no
top4,2025,Crystal Palace,1762318800,0.07,0.1,no
top4,2025,Crystal Palace,1762405200,0.07,0.1,no
top4,2025,Crystal Palace,1762491600,0.07,0.1,no
top4,2025,Crystal Palace,1762578000,0.07,0.1,no
top4,2025,Crystal Palace,1762664400,0.07,0.11,no
top4,2025,Crystal Palace,1762750800,0.07,0.11,no
top4,2025,Crystal Palace,1762837200,0.07,0.08,no
top4,2025,Crystal Palace,1762923600,0.07,0.09,no
top4,2025,Crystal Palace,1763010000,0.07,0.09,no
top4,2025,Crystal Palace,1763096400,0.07,0.09,no
top4,2025,Crystal Palace,1763182800,0.07,0.09,no
top4,2025,Crystal Palace,1763269200,0.07,0.09,no
top4,2025,Crystal Palace,1763355600,0.07,0.09,no
top4,2025,Crystal Palace,1763442000,0.04,0.09,no
top4,2025,Crystal Palace,1763528400,0.05,0.09,no
top4,2025,Crystal Palace,1763614800,0.05,0.09,no
top4,2025,Crystal Palace,1763701200,0.05,0.09,no
top4,2025,Crystal Palace,1763787600,0.05,0.09,no
top4,2025,Crystal Palace,1763874000,0.05,0.14,no
top4,2025,Crystal Palace,1763960400,0.06,0.14,no
top4,2025,Crystal Palace,1764046800,0.06,0.14,no
top4,2025,Crystal Palace,1764133200,0.06,0.14,no
top4,2025,Crystal Palace,1764219600,0.11,0.14,no
top4,2025,Crystal Palace,1764306000,0.11,0.14,no
top4,2025,Crystal Palace,1764392400,0.11,0.16,no
top4,2025,Crystal Palace,1764478800,0.12,0.17,no
top4,2025,Crystal Palace,1764565200,0.07,0.1,no
top4,2025,Crystal Palace,1764651600,0.06,0.09,no
top4,2025,Crystal Palace,1764738000,0.02,0.09,no
top4,2025,Crystal Palace,1764824400,0.02,0.27,no
top4,2025,Crystal Palace,1764910800,0.08,0.13,no
top4,2025,Crystal Palace,1764997200,0.08,0.12,no
top4,2025,Crystal Palace,1765083600,0.06,0.17,no
top4,2025,Crystal Palace,1765170000,0.06,0.19,no
top4,2025,Crystal Palace,1765256400,0.06,0.15,no
top4,2025,Crystal Palace,1765342800,0.12,0.15,no
top4,2025,Crystal Palace,1765429200,0.12,0.15,no
top4,2025,Crystal Palace,1765515600,0.13,0.15,no
top4,2025,Crystal Palace,1765602000,0.13,0.15,no
top4,2025,Crystal Palace,1765688400,0.11,0.14,no
top4,2025,Crystal Palace,1765774800,0.07,0.16,no
top4,2025,Crystal Palace,1765861200,0.07,0.2,no
top4,2025,Crystal Palace,1765947600,0.08,0.17,no
top4,2025,Crystal Palace,1766034000,0.08,0.15,no
top4,2025,Crystal Palace,1766120400,0.08,0.17,no
top4,2025,Crystal Palace,1766206800,0.08,0.18,no
top4,2025,Crystal Palace,1766293200,0.0,0.15,no
top4,2025,Crystal Palace,1766379600,0.04,0.07,no
top4,2025,Crystal Palace,1766466000,0.04,0.08,no
top4,2025,Crystal Palace,1766552400,0.04,0.08,no
top4,2025,Crystal Palace,1766638800,0.01,0.08,no
top4,2025,Crystal Palace,1766725200,0.01,0.08,no
top4,2025,Crystal Palace,1766811600,0.02,0.07,no
top4,2025,Crystal Palace,1766898000,0.02,0.07,no
top4,2025,Crystal Palace,1766984400,0.01,0.06,no
top4,2025,Crystal Palace,1767070800,0.01,0.05,no
top4,2025,Crystal Palace,1767157200,0.01,0.05,no
top4,2025,Crystal Palace,1767243600,0.01,0.05,no
top4,2025,Crystal Palace,1767330000,0.02,0.04,no
top4,2025,Crystal Palace,1767416400,0.0,0.03,no
top4,2025,Crystal Palace,1767502800,0.01,0.03,no
top4,2025,Crystal Palace,1767589200,0.01,0.04,no
top4,2025,Crystal Palace,1767675600,0.01,0.03,no
top4,2025,Crystal Palace,1767762000,0.01,0.03,no
top4,2025,Crystal Palace,1767848400,0.01,0.03,no
top4,2025,Crystal Palace,1767934800,0.01,0.03,no
top4,2025,Crystal Palace,1768021200,0.01,0.03,no
top4,2025,Crystal Palace,1768107600,0.01,0.03,no
top4,2025,Crystal Palace,1768194000,0.01,0.05,no
top4,2025,Crystal Palace,1768280400,0.0,0.03,no
top4,2025,Crystal Palace,1768366800,0.0,0.03,no
top4,2025,Crystal Palace,1768453200,0.0,0.03,no
top4,2025,Crystal Palace,1768539600,0.0,0.03,no
top4,2025,Crystal Palace,1768626000,0.0,0.03,no
top4,2025,Crystal Palace,1768712400,0.0,0.03,no
top4,2025,Crystal Palace,1768798800,0.0,0.04,no
top4,2025,Crystal Palace,1768885200,0.0,0.03,no
top4,2025,Crystal Palace,1768971600,0.0,0.03,no
top4,2025,Crystal Palace,1769058000,0.01,0.03,no
top4,2025,Crystal Palace,1769144400,0.01,0.03,no
top4,2025,Crystal Palace,1769230800,0.01,0.03,no
top4,2025,Crystal Palace,1769317200,0.01,0.03,no
top4,2025,Crystal Palace,1769403600,0.01,0.02,no
top4,2025,Crystal Palace,1769490000,0.01,0.02,no
top4,2025,Crystal Palace,1769576400,0.01,0.02,no
top4,2025,Crystal Palace,1769662800,0.01,0.02,no
top4,2025,Crystal Palace,1769749200,0.01,0.02,no
top4,2025,Crystal Palace,1769835600,0.01,0.02,no
top4,2025,Crystal Palace,1769922000,0.01,0.02,no
top4,2025,Crystal Palace,1770008400,0.01,0.02,no
top4,2025,Crystal Palace,1770094800,0.01,0.02,no
top4,2025,Crystal Palace,1770181200,0.01,0.02,no
top4,2025,Crystal Palace,1770267600,0.01,0.02,no
top4,2025,Crystal Palace,1770354000,0.01,0.02,no
top4,2025,Crystal Palace,1770440400,0.01,0.02,no
top4,2025,Crystal Palace,1770526800,0.0,0.02,no
top4,2025,Crystal Palace,1770613200,0.0,0.02,no
top4,2025,Crystal Palace,1770699600,0.0,0.03,no
top4,2025,Crystal Palace,1770872400,0.0,0.03,no
top4,2025,Crystal Palace,1770958800,0.0,0.03,no
top4,2025,Crystal Palace,1771131600,0.0,0.02,no
top4,2025,Crystal Palace,1771304400,0.0,0.01,no
top4,2025,Crystal Palace,1771390800,0.0,0.01,no
top4,2025,Crystal Palace,1771477200,0.0,0.01,no
top4,2025,Crystal Palace,1771563600,0.0,0.01,no
top4,2025,Crystal Palace,1771650000,0.0,0.02,no
top4,2025,Crystal Palace,1771995600,0.0,0.02,no
top4,2025,Crystal Palace,1772082000,0.0,0.02,no
top4,2025,Crystal Palace,1772168400,0.0,0.02,no
top4,2025,Crystal Palace,1772254800,0.0,0.02,no
top4,2025,Crystal Palace,1772341200,0.0,0.02,no
top4,2025,Crystal Palace,1772427600,0.0,0.02,no
top4,2025,Crystal Palace,1772514000,0.0,0.02,no
top4,2025,Crystal Palace,1772686800,0.0,0.02,no
top4,2025,Crystal Palace,1772773200,0.0,0.02,no
top4,2025,Crystal Palace,1772859600,0.0,0.02,no
top4,2025,Crystal Palace,1772946000,0.0,0.02,no
top4,2025,Crystal Palace,1773032400,0.0,0.02,no
top4,2025,Crystal Palace,1773115200,0.0,0.02,no
top4,2025,Crystal Palace,1773201600,0.0,0.02,no
top4,2025,Crystal Palace,1773288000,0.0,0.02,no
top4,2025,Crystal Palace,1773374400,0.0,0.02,no
top4,2025,Crystal Palace,1773460800,0.0,0.02,no
top4,2025,Crystal Palace,1773547200,0.0,0.02,no
top4,2025,Crystal Palace,1773633600,0.0,0.02,no
top4,2025,Crystal Palace,1773979200,0.0,0.05,no
top4,2025,Crystal Palace,1774065600,0.0,0.05,no
top4,2025,Crystal Palace,1774152000,0.0,0.05,no
top4,2025,Crystal Palace,1774238400,0.0,0.05,no
top4,2025,Crystal Palace,1774324800,0.0,0.04,no
top4,2025,Crystal Palace,1774411200,0.0,0.05,no
top4,2025,Crystal Palace,1774497600,0.0,0.04,no
top4,2025,Crystal Palace,1774584000,0.0,0.04,no
top4,2025,Crystal Palace,1774670400,0.0,0.05,no
top4,2025,Crystal Palace,1774756800,0.0,0.05,no
top4,2025,Crystal Palace,1774843200,0.0,0.05,no
top4,2025,Crystal Palace,1774929600,0.0,0.05,no
top4,2025,Crystal Palace,1775016000,0.0,0.05,no
top4,2025,Crystal Palace,1775102400,0.0,0.03,no
top4,2025,Crystal Palace,1775188800,0.0,0.02,no
top4,2025,Crystal Palace,1775275200,0.0,0.05,no
top4,2025,Crystal Palace,1775361600,0.0,0.04,no
top4,2025,Crystal Palace,1775448000,0.0,0.02,no
top4,2025,Crystal Palace,1775534400,0.0,0.04,no
top4,2025,Crystal Palace,1775620800,0.0,0.2,no
top4,2025,Crystal Palace,1775707200,0.0,0.04,no
top4,2025,Crystal Palace,1775793600,0.0,0.04,no
top4,2025,Crystal Palace,1775880000,0.0,0.03,no
top4,2025,Crystal Palace,1775966400,0.0,0.04,no
top4,2025,Crystal Palace,1776052800,0.0,0.04,no
top4,2025,Crystal Palace,1776139200,0.0,0.04,no
top4,2025,Crystal Palace,1776225600,0.0,0.04,no
top4,2025,Crystal Palace,1776312000,0.0,0.03,no
top4,2025,Crystal Palace,1776398400,0.0,0.03,no
top4,2025,Crystal Palace,1776484800,0.0,0.03,no
top4,2025,Crystal Palace,1776657600,0.0,0.03,no
top4,2025,Crystal Palace,1776744000,0.0,0.03,no
top4,2025,Crystal Palace,1776830400,0.0,0.02,no
top4,2025,Crystal Palace,1776916800,0.0,0.02,no
top4,2025,Crystal Palace,1777003200,0.0,0.03,no
top4,2025,Crystal Palace,1777089600,0.0,0.03,no
top4,2025,Crystal Palace,1777176000,0.0,0.03,no
top4,2025,Crystal Palace,1777262400,0.0,0.02,no
top4,2025,Crystal Palace,1777348800,0.0,0.02,no
top4,2025,Crystal Palace,1777435200,0.0,0.03,no
top4,2025,Crystal Palace,1777521600,0.0,0.02,no
top4,2025,Crystal Palace,1777608000,0.0,0.01,no
top4,2025,Crystal Palace,1777780800,0.0,0.02,no
top4,2025,Crystal Palace,1777867200,0.0,0.03,no
top4,2025,Crystal Palace,1777953600,0.0,0.02,no
top4,2025,Crystal Palace,1778212800,0.0,0.02,no
top4,2025,Crystal Palace,1778299200,0.0,0.02,no
top4,2025,Crystal Palace,1778472000,0.0,0.01,no
top4,2025,Crystal Palace,1778817600,0.0,0.01,no
top4,2025,Crystal Palace,1778990400,0.0,0.01,no
top4,2025,Crystal Palace,1779249600,0.0,0.01,no
top4,2025,Crystal Palace,1779336000,0.0,0.01,no
top4,2025,Crystal Palace,1779508800,0.0,0.01,no
top4,2025,Crystal Palace,1779595200,0.0,0.01,no
top4,2025,Crystal Palace,1779681600,0.0,1.0,no
top4,2025,Burnley,1754712000,0.0,0.03,no
top4,2025,Burnley,1754798400,0.0,0.03,no
top4,2025,Burnley,1754884800,0.0,0.03,no
top4,2025,Burnley,1754971200,0.0,0.03,no
top4,2025,Burnley,1755057600,0.0,0.03,no
top4,2025,Burnley,1755144000,0.0,0.03,no
top4,2025,Burnley,1755230400,0.0,0.9,no
top4,2025,Burnley,1755316800,0.0,0.02,no
top4,2025,Burnley,1755403200,0.0,0.02,no
top4,2025,Burnley,1755489600,0.0,0.02,no
top4,2025,Burnley,1755576000,0.0,0.03,no
top4,2025,Burnley,1755662400,0.0,0.02,no
top4,2025,Burnley,1755748800,0.0,0.02,no
top4,2025,Burnley,1755835200,0.0,0.03,no
top4,2025,Burnley,1755921600,0.0,0.02,no
top4,2025,Burnley,1756008000,0.0,0.03,no
top4,2025,Burnley,1756094400,0.0,0.03,no
top4,2025,Burnley,1756180800,0.0,0.03,no
top4,2025,Burnley,1756267200,0.0,0.03,no
top4,2025,Burnley,1756353600,0.0,0.03,no
top4,2025,Burnley,1756440000,0.0,0.02,no
top4,2025,Burnley,1756526400,0.0,0.02,no
top4,2025,Burnley,1756612800,0.0,0.02,no
top4,2025,Burnley,1756699200,0.0,0.02,no
top4,2025,Burnley,1756785600,0.0,0.02,no
top4,2025,Burnley,1756872000,0.0,0.02,no
top4,2025,Burnley,1756958400,0.0,0.02,no
top4,2025,Burnley,1757044800,0.0,0.02,no
top4,2025,Burnley,1757131200,0.0,0.02,no
top4,2025,Burnley,1757217600,0.0,0.02,no
top4,2025,Burnley,1757304000,0.0,0.02,no
top4,2025,Burnley,1757390400,0.0,0.02,no
top4,2025,Burnley,1757476800,0.0,0.02,no
top4,2025,Burnley,1757563200,0.0,0.02,no
top4,2025,Burnley,1757649600,0.0,0.02,no
top4,2025,Burnley,1757736000,0.0,0.02,no
top4,2025,Burnley,1757822400,0.0,0.02,no
top4,2025,Burnley,1757908800,0.0,0.02,no
top4,2025,Burnley,1757995200,0.0,0.02,no
top4,2025,Burnley,1758081600,0.0,0.02,no
top4,2025,Burnley,1758168000,0.0,0.02,no
top4,2025,Burnley,1758254400,0.0,0.02,no
top4,2025,Burnley,1758340800,0.0,0.02,no
top4,2025,Burnley,1758427200,0.0,0.02,no
top4,2025,Burnley,1758513600,0.0,0.02,no
top4,2025,Burnley,1758600000,0.0,0.02,no
top4,2025,Burnley,1758686400,0.0,0.02,no
top4,2025,Burnley,1758772800,0.0,0.02,no
top4,2025,Burnley,1758859200,0.0,0.02,no
top4,2025,Burnley,1758945600,0.0,0.02,no
top4,2025,Burnley,1759032000,0.0,0.02,no
top4,2025,Burnley,1759118400,0.0,0.02,no
top4,2025,Burnley,1759204800,0.0,0.02,no
top4,2025,Burnley,1759291200,0.0,0.02,no
top4,2025,Burnley,1759377600,0.0,0.02,no
top4,2025,Burnley,1759464000,0.0,0.02,no
top4,2025,Burnley,1759550400,0.0,0.02,no
top4,2025,Burnley,1759636800,0.0,0.02,no
top4,2025,Burnley,1759723200,0.0,0.69,no
top4,2025,Burnley,1759809600,0.0,0.02,no
top4,2025,Burnley,1759896000,0.0,0.02,no
top4,2025,Burnley,1759982400,0.0,0.02,no
top4,2025,Burnley,1760068800,0.0,0.02,no
top4,2025,Burnley,1760155200,0.0,0.02,no
top4,2025,Burnley,1760241600,0.0,0.02,no
top4,2025,Burnley,1760328000,0.0,0.02,no
top4,2025,Burnley,1760414400,0.0,0.02,no
top4,2025,Burnley,1760500800,0.0,0.02,no
top4,2025,Burnley,1760587200,0.0,0.02,no
top4,2025,Burnley,1760673600,0.0,0.02,no
top4,2025,Burnley,1760760000,0.0,0.02,no
top4,2025,Burnley,1760846400,0.0,0.02,no
top4,2025,Burnley,1760932800,0.0,0.02,no
top4,2025,Burnley,1761019200,0.0,0.02,no
top4,2025,Burnley,1761105600,0.0,0.02,no
top4,2025,Burnley,1761192000,0.0,0.01,no
top4,2025,Burnley,1761278400,0.0,0.01,no
top4,2025,Burnley,1761364800,0.0,0.01,no
top4,2025,Burnley,1761451200,0.0,0.01,no
top4,2025,Burnley,1761537600,0.0,0.01,no
top4,2025,Burnley,1761624000,0.0,0.01,no
top4,2025,Burnley,1761710400,0.0,0.01,no
top4,2025,Burnley,1761796800,0.0,0.01,no
top4,2025,Burnley,1761883200,0.0,0.01,no
top4,2025,Burnley,1761969600,0.0,0.01,no
top4,2025,Burnley,1762056000,0.0,0.01,no
top4,2025,Burnley,1762142400,0.0,0.01,no
top4,2025,Burnley,1762232400,0.0,0.01,no
top4,2025,Burnley,1762318800,0.0,0.01,no
top4,2025,Burnley,1762405200,0.0,0.01,no
top4,2025,Burnley,1762491600,0.0,0.01,no
top4,2025,Burnley,1762578000,0.0,0.01,no
top4,2025,Burnley,1762664400,0.0,0.01,no
top4,2025,Burnley,1762750800,0.0,0.01,no
top4,2025,Burnley,1762837200,0.0,0.01,no
top4,2025,Burnley,1762923600,0.0,0.01,no
top4,2025,Burnley,1763010000,0.0,0.01,no
top4,2025,Burnley,1763096400,0.0,0.01,no
top4,2025,Burnley,1763182800,0.0,0.01,no
top4,2025,Burnley,1763269200,0.0,0.01,no
top4,2025,Burnley,1763355600,0.0,0.01,no
top4,2025,Burnley,1763442000,0.0,0.01,no
top4,2025,Burnley,1763528400,0.0,0.01,no
top4,2025,Burnley,1763614800,0.0,0.01,no
top4,2025,Burnley,1763701200,0.0,0.01,no
top4,2025,Burnley,1763787600,0.0,0.01,no
top4,2025,Burnley,1763874000,0.0,0.01,no
top4,2025,Burnley,1763960400,0.0,0.01,no
top4,2025,Burnley,1764046800,0.0,0.01,no
top4,2025,Burnley,1764133200,0.0,0.01,no
top4,2025,Burnley,1764219600,0.0,0.01,no
top4,2025,Burnley,1764306000,0.0,0.03,no
top4,2025,Burnley,1764392400,0.0,0.03,no
top4,2025,Burnley,1764478800,0.0,0.03,no
top4,2025,Burnley,1764565200,0.0,0.03,no
top4,2025,Burnley,1764651600,0.0,0.03,no
top4,2025,Burnley,1764738000,0.0,0.04,no
top4,2025,Burnley,1764824400,0.0,0.04,no
top4,2025,Burnley,1764910800,0.0,0.03,no
top4,2025,Burnley,1764997200,0.0,0.03,no
top4,2025,Burnley,1765083600,0.0,0.98,no
top4,2025,Burnley,1765170000,0.0,0.05,no
top4,2025,Burnley,1765256400,0.0,0.05,no
top4,2025,Burnley,1765342800,0.0,0.03,no
top4,2025,Burnley,1765429200,0.0,0.03,no
top4,2025,Burnley,1765515600,0.0,0.05,no
top4,2025,Burnley,1765602000,0.0,0.05,no
top4,2025,Burnley,1765688400,0.0,0.05,no
top4,2025,Burnley,1765774800,0.0,0.05,no
top4,2025,Burnley,1765861200,0.0,0.05,no
top4,2025,Burnley,1765947600,0.0,0.05,no
top4,2025,Burnley,1766034000,0.0,0.05,no
top4,2025,Burnley,1766120400,0.0,0.05,no
top4,2025,Burnley,1766206800,0.0,0.05,no
top4,2025,Burnley,1766293200,0.0,0.05,no
top4,2025,Burnley,1766379600,0.0,0.03,no
top4,2025,Burnley,1766466000,0.0,0.03,no
top4,2025,Burnley,1766552400,0.0,0.03,no
top4,2025,Burnley,1766638800,0.0,0.03,no
top4,2025,Burnley,1766725200,0.0,0.03,no
top4,2025,Burnley,1766811600,0.0,0.03,no
top4,2025,Burnley,1766898000,0.0,0.05,no
top4,2025,Burnley,1766984400,0.0,0.05,no
top4,2025,Burnley,1767070800,0.0,0.05,no
top4,2025,Burnley,1767157200,0.0,0.03,no
top4,2025,Burnley,1767243600,0.0,0.03,no
top4,2025,Burnley,1767330000,0.0,0.03,no
top4,2025,Burnley,1767416400,0.0,0.03,no
top4,2025,Burnley,1767502800,0.0,0.03,no
top4,2025,Burnley,1767589200,0.0,0.03,no
top4,2025,Burnley,1767675600,0.0,0.03,no
top4,2025,Burnley,1767762000,0.0,0.03,no
top4,2025,Burnley,1767848400,0.0,0.03,no
top4,2025,Burnley,1767934800,0.0,0.03,no
top4,2025,Burnley,1768021200,0.0,0.03,no
top4,2025,Burnley,1768107600,0.0,0.03,no
top4,2025,Burnley,1768194000,0.0,0.05,no
top4,2025,Burnley,1768280400,0.0,0.03,no
top4,2025,Burnley,1768366800,0.0,0.03,no
top4,2025,Burnley,1768453200,0.0,0.03,no
top4,2025,Burnley,1768539600,0.0,0.03,no
top4,2025,Burnley,1768626000,0.0,0.03,no
top4,2025,Burnley,1768712400,0.0,0.03,no
top4,2025,Burnley,1768798800,0.0,0.05,no
top4,2025,Burnley,1768885200,0.0,0.03,no
top4,2025,Burnley,1768971600,0.0,0.03,no
top4,2025,Burnley,1769058000,0.0,0.03,no
top4,2025,Burnley,1769144400,0.0,0.03,no
top4,2025,Burnley,1769230800,0.0,0.03,no
top4,2025,Burnley,1769317200,0.0,0.03,no
top4,2025,Burnley,1769403600,0.0,0.03,no
top4,2025,Burnley,1769490000,0.0,0.03,no
top4,2025,Burnley,1769576400,0.0,0.03,no
top4,2025,Burnley,1769662800,0.0,0.03,no
top4,2025,Burnley,1769749200,0.0,0.03,no
top4,2025,Burnley,1769835600,0.0,0.03,no
top4,2025,Burnley,1769922000,0.0,0.04,no
top4,2025,Burnley,1770008400,0.0,0.04,no
top4,2025,Burnley,1770094800,0.0,0.03,no
top4,2025,Burnley,1770181200,0.0,0.03,no
top4,2025,Burnley,1770267600,0.0,0.03,no
top4,2025,Burnley,1770354000,0.0,0.03,no
top4,2025,Burnley,1770440400,0.0,0.03,no
top4,2025,Burnley,1770526800,0.0,0.03,no
top4,2025,Burnley,1770613200,0.0,0.03,no
top4,2025,Burnley,1770699600,0.0,0.03,no
top4,2025,Burnley,1770958800,0.0,0.03,no
top4,2025,Burnley,1771045200,0.0,0.04,no
top4,2025,Burnley,1771131600,0.0,0.03,no
top4,2025,Burnley,1771218000,0.0,0.03,no
top4,2025,Burnley,1771563600,0.0,0.03,no
top4,2025,Burnley,1772514000,0.0,0.03,no
top4,2025,Burnley,1772600400,0.0,0.02,no
top4,2025,Burnley,1772686800,0.0,0.03,no
top4,2025,Burnley,1772773200,0.0,0.02,no
top4,2025,Burnley,1772859600,0.0,0.03,no
top4,2025,Burnley,1772946000,0.0,0.03,no
top4,2025,Burnley,1773633600,0.0,0.03,no
top4,2025,Burnley,1773979200,0.0,0.03,no
top4,2025,Burnley,1774324800,0.0,0.02,no
top4,2025,Burnley,1776312000,0.0,0.01,no
top4,2025,Burnley,1776484800,0.0,0.02,no
top4,2025,Burnley,1776916800,0.0,0.03,no
top4,2025,Burnley,1777262400,0.0,0.02,no
top4,2025,Burnley,1777348800,0.0,0.03,no
top4,2025,Burnley,1777521600,0.0,0.03,no
top4,2025,Burnley,1777608000,0.0,0.01,no
top4,2025,Burnley,1777780800,0.0,0.03,no
top4,2025,Burnley,1777953600,0.0,0.02,no
top4,2025,Burnley,1778385600,0.0,0.01,no
top4,2025,Burnley,1778472000,0.0,0.01,no
top4,2025,Burnley,1779508800,0.0,0.01,no
top4,2025,Burnley,1779595200,0.0,0.01,no
top4,2025,Burnley,1779681600,0.0,1.0,no
top4,2025,Brentford,1754712000,0.0,0.04,no
top4,2025,Brentford,1754798400,0.0,0.04,no
top4,2025,Brentford,1754884800,0.0,0.04,no
top4,2025,Brentford,1754971200,0.0,0.03,no
top4,2025,Brentford,1755057600,0.0,0.03,no
top4,2025,Brentford,1755144000,0.0,0.04,no
top4,2025,Brentford,1755230400,0.0,0.94,no
top4,2025,Brentford,1755316800,0.0,0.02,no
top4,2025,Brentford,1755403200,0.0,0.02,no
top4,2025,Brentford,1755489600,0.0,0.02,no
top4,2025,Brentford,1755576000,0.0,0.03,no
top4,2025,Brentford,1755662400,0.0,0.02,no
top4,2025,Brentford,1755748800,0.0,0.02,no
top4,2025,Brentford,1755835200,0.0,0.03,no
top4,2025,Brentford,1755921600,0.0,0.02,no
top4,2025,Brentford,1756008000,0.0,0.03,no
top4,2025,Brentford,1756094400,0.0,0.03,no
top4,2025,Brentford,1756180800,0.0,0.03,no
top4,2025,Brentford,1756267200,0.0,0.03,no
top4,2025,Brentford,1756353600,0.0,0.03,no
top4,2025,Brentford,1756440000,0.0,0.03,no
top4,2025,Brentford,1756526400,0.0,0.02,no
top4,2025,Brentford,1756612800,0.0,0.02,no
top4,2025,Brentford,1756699200,0.0,0.02,no
top4,2025,Brentford,1756785600,0.0,0.02,no
top4,2025,Brentford,1756872000,0.0,0.02,no
top4,2025,Brentford,1756958400,0.0,0.02,no
top4,2025,Brentford,1757044800,0.0,0.02,no
top4,2025,Brentford,1757131200,0.0,0.02,no
top4,2025,Brentford,1757217600,0.0,0.02,no
top4,2025,Brentford,1757304000,0.0,0.02,no
top4,2025,Brentford,1757390400,0.0,0.02,no
top4,2025,Brentford,1757476800,0.0,0.02,no
top4,2025,Brentford,1757563200,0.0,0.02,no
top4,2025,Brentford,1757649600,0.0,0.02,no
top4,2025,Brentford,1757736000,0.0,0.02,no
top4,2025,Brentford,1757822400,0.0,0.02,no
top4,2025,Brentford,1757908800,0.0,0.02,no
top4,2025,Brentford,1757995200,0.0,0.02,no
top4,2025,Brentford,1758081600,0.0,0.02,no
top4,2025,Brentford,1758168000,0.0,0.02,no
top4,2025,Brentford,1758254400,0.0,0.02,no
top4,2025,Brentford,1758340800,0.0,0.02,no
top4,2025,Brentford,1758427200,0.0,0.02,no
top4,2025,Brentford,1758513600,0.0,0.02,no
top4,2025,Brentford,1758600000,0.0,0.02,no
top4,2025,Brentford,1758686400,0.0,0.02,no
top4,2025,Brentford,1758772800,0.0,0.02,no
top4,2025,Brentford,1758859200,0.0,0.02,no
top4,2025,Brentford,1758945600,0.0,0.02,no
top4,2025,Brentford,1759032000,0.0,0.89,no
top4,2025,Brentford,1759118400,0.0,0.92,no
top4,2025,Brentford,1759204800,0.0,0.92,no
top4,2025,Brentford,1759291200,0.0,0.92,no
top4,2025,Brentford,1759377600,0.0,0.92,no
top4,2025,Brentford,1759464000,0.0,0.92,no
top4,2025,Brentford,1759550400,0.0,0.92,no
top4,2025,Brentford,1759636800,0.0,0.1,no
top4,2025,Brentford,1759723200,0.0,0.92,no
top4,2025,Brentford,1759809600,0.0,0.1,no
top4,2025,Brentford,1759896000,0.0,0.1,no
top4,2025,Brentford,1759982400,0.0,0.02,no
top4,2025,Brentford,1760068800,0.0,0.02,no
top4,2025,Brentford,1760155200,0.0,0.02,no
top4,2025,Brentford,1760241600,0.0,0.02,no
top4,2025,Brentford,1760328000,0.0,0.02,no
top4,2025,Brentford,1760414400,0.0,0.02,no
top4,2025,Brentford,1760500800,0.0,0.02,no
top4,2025,Brentford,1760587200,0.0,0.02,no
top4,2025,Brentford,1760673600,0.0,0.02,no
top4,2025,Brentford,1760760000,0.0,0.02,no
top4,2025,Brentford,1760846400,0.0,0.02,no
top4,2025,Brentford,1760932800,0.0,0.02,no
top4,2025,Brentford,1761019200,0.0,0.02,no
top4,2025,Brentford,1761105600,0.0,0.02,no
top4,2025,Brentford,1761192000,0.0,0.02,no
top4,2025,Brentford,1761278400,0.0,0.02,no
top4,2025,Brentford,1761364800,0.0,0.02,no
top4,2025,Brentford,1761451200,0.0,0.02,no
top4,2025,Brentford,1761537600,0.0,0.03,no
top4,2025,Brentford,1761624000,0.0,0.03,no
top4,2025,Brentford,1761710400,0.0,0.03,no
top4,2025,Brentford,1761796800,0.0,0.03,no
top4,2025,Brentford,1761883200,0.0,0.03,no
top4,2025,Brentford,1761969600,0.0,0.03,no
top4,2025,Brentford,1762056000,0.0,0.03,no
top4,2025,Brentford,1762142400,0.0,0.03,no
top4,2025,Brentford,1762232400,0.0,0.03,no
top4,2025,Brentford,1762318800,0.0,0.03,no
top4,2025,Brentford,1762405200,0.0,0.03,no
top4,2025,Brentford,1762491600,0.0,0.03,no
top4,2025,Brentford,1762578000,0.0,0.03,no
top4,2025,Brentford,1762664400,0.0,0.03,no
top4,2025,Brentford,1762750800,0.0,0.19,no
top4,2025,Brentford,1762837200,0.0,0.05,no
top4,2025,Brentford,1762923600,0.0,0.05,no
top4,2025,Brentford,1763010000,0.0,0.05,no
top4,2025,Brentford,1763096400,0.0,0.05,no
top4,2025,Brentford,1763182800,0.0,0.05,no
top4,2025,Brentford,1763269200,0.0,0.05,no
top4,2025,Brentford,1763355600,0.0,0.05,no
top4,2025,Brentford,1763442000,0.0,0.05,no
top4,2025,Brentford,1763528400,0.0,0.05,no
top4,2025,Brentford,1763614800,0.0,0.05,no
top4,2025,Brentford,1763701200,0.0,0.05,no
top4,2025,Brentford,1763787600,0.0,0.04,no
top4,2025,Brentford,1763874000,0.0,0.06,no
top4,2025,Brentford,1763960400,0.01,0.06,no
top4,2025,Brentford,1764046800,0.0,0.06,no
top4,2025,Brentford,1764133200,0.0,0.06,no
top4,2025,Brentford,1764219600,0.0,0.04,no
top4,2025,Brentford,1764306000,0.0,0.04,no
top4,2025,Brentford,1764392400,0.0,0.04,no
top4,2025,Brentford,1764478800,0.0,0.05,no
top4,2025,Brentford,1764565200,0.0,0.05,no
top4,2025,Brentford,1764651600,0.0,0.05,no
top4,2025,Brentford,1764738000,0.0,0.05,no
top4,2025,Brentford,1764824400,0.0,0.19,no
top4,2025,Brentford,1764910800,0.0,0.05,no
top4,2025,Brentford,1764997200,0.01,0.05,no
top4,2025,Brentford,1765083600,0.0,0.19,no
top4,2025,Brentford,1765170000,0.0,0.05,no
top4,2025,Brentford,1765256400,0.0,0.05,no
top4,2025,Brentford,1765342800,0.0,0.04,no
top4,2025,Brentford,1765429200,0.0,0.04,no
top4,2025,Brentford,1765515600,0.0,0.05,no
top4,2025,Brentford,1765602000,0.0,0.05,no
top4,2025,Brentford,1765688400,0.0,0.05,no
top4,2025,Brentford,1765774800,0.0,0.05,no
top4,2025,Brentford,1765861200,0.0,0.05,no
top4,2025,Brentford,1765947600,0.0,0.05,no
top4,2025,Brentford,1766034000,0.0,0.05,no
top4,2025,Brentford,1766120400,0.0,0.05,no
top4,2025,Brentford,1766206800,0.0,0.05,no
top4,2025,Brentford,1766293200,0.0,0.05,no
top4,2025,Brentford,1766379600,0.0,0.04,no
top4,2025,Brentford,1766466000,0.0,0.04,no
top4,2025,Brentford,1766552400,0.0,0.04,no
top4,2025,Brentford,1766638800,0.0,0.04,no
top4,2025,Brentford,1766725200,0.0,0.04,no
top4,2025,Brentford,1766811600,0.0,0.04,no
top4,2025,Brentford,1766898000,0.0,0.05,no
top4,2025,Brentford,1766984400,0.0,0.05,no
top4,2025,Brentford,1767070800,0.0,0.05,no
top4,2025,Brentford,1767157200,0.0,0.05,no
top4,2025,Brentford,1767243600,0.0,0.05,no
top4,2025,Brentford,1767330000,0.0,0.05,no
top4,2025,Brentford,1767416400,0.0,0.05,no
top4,2025,Brentford,1767502800,0.0,0.04,no
top4,2025,Brentford,1767589200,0.0,0.05,no
top4,2025,Brentford,1767675600,0.0,0.05,no
top4,2025,Brentford,1767762000,0.01,0.06,no
top4,2025,Brentford,1767848400,0.03,0.06,no
top4,2025,Brentford,1767934800,0.02,0.07,no
top4,2025,Brentford,1768021200,0.02,0.07,no
top4,2025,Brentford,1768107600,0.02,0.07,no
top4,2025,Brentford,1768194000,0.04,0.09,no
top4,2025,Brentford,1768280400,0.04,0.07,no
top4,2025,Brentford,1768366800,0.04,0.07,no
top4,2025,Brentford,1768453200,0.04,0.07,no
top4,2025,Brentford,1768539600,0.04,0.07,no
top4,2025,Brentford,1768626000,0.04,0.07,no
top4,2025,Brentford,1768712400,0.01,0.06,no
top4,2025,Brentford,1768798800,0.03,0.08,no
top4,2025,Brentford,1768885200,0.02,0.06,no
top4,2025,Brentford,1768971600,0.02,0.06,no
top4,2025,Brentford,1769058000,0.02,0.08,no
top4,2025,Brentford,1769144400,0.03,0.07,no
top4,2025,Brentford,1769230800,0.03,0.07,no
top4,2025,Brentford,1769317200,0.03,0.07,no
top4,2025,Brentford,1769403600,0.0,0.05,no
top4,2025,Brentford,1769490000,0.01,0.05,no
top4,2025,Brentford,1769576400,0.01,0.05,no
top4,2025,Brentford,1769662800,0.01,0.05,no
top4,2025,Brentford,1769749200,0.01,0.05,no
top4,2025,Brentford,1769835600,0.01,0.05,no
top4,2025,Brentford,1769922000,0.0,0.09,no
top4,2025,Brentford,1770008400,0.0,0.09,no
top4,2025,Brentford,1770094800,0.03,0.07,no
top4,2025,Brentford,1770181200,0.03,0.07,no
top4,2025,Brentford,1770267600,0.03,0.07,no
top4,2025,Brentford,1770354000,0.03,0.07,no
top4,2025,Brentford,1770440400,0.03,0.07,no
top4,2025,Brentford,1770526800,0.06,0.07,no
top4,2025,Brentford,1770613200,0.06,0.07,no
top4,2025,Brentford,1770699600,0.06,0.07,no
top4,2025,Brentford,1770786000,0.06,0.07,no
top4,2025,Brentford,1770872400,0.06,0.07,no
top4,2025,Brentford,1770958800,0.06,0.07,no
top4,2025,Brentford,1771045200,0.06,0.09,no
top4,2025,Brentford,1771131600,0.06,0.09,no
top4,2025,Brentford,1771304400,0.06,0.08,no
top4,2025,Brentford,1771390800,0.04,0.08,no
top4,2025,Brentford,1771477200,0.04,0.08,no
top4,2025,Brentford,1771563600,0.04,0.08,no
top4,2025,Brentford,1771650000,0.04,0.08,no
top4,2025,Brentford,1771736400,0.0,0.08,no
top4,2025,Brentford,1771822800,0.02,0.17,no
top4,2025,Brentford,1771909200,0.02,0.16,no
top4,2025,Brentford,1771995600,0.02,0.08,no
top4,2025,Brentford,1772082000,0.02,0.08,no
top4,2025,Brentford,1772168400,0.02,0.08,no
top4,2025,Brentford,1772254800,0.02,0.08,no
top4,2025,Brentford,1772341200,0.03,0.06,no
top4,2025,Brentford,1772427600,0.04,0.08,no
top4,2025,Brentford,1772514000,0.02,0.07,no
top4,2025,Brentford,1772600400,0.02,0.07,no
top4,2025,Brentford,1772686800,0.02,0.06,no
top4,2025,Brentford,1772773200,0.02,0.05,no
top4,2025,Brentford,1772859600,0.02,0.06,no
top4,2025,Brentford,1773032400,0.02,0.06,no
top4,2025,Brentford,1773115200,0.02,0.06,no
top4,2025,Brentford,1773201600,0.04,0.08,no
top4,2025,Brentford,1773288000,0.02,0.07,no
top4,2025,Brentford,1773374400,0.01,0.08,no
top4,2025,Brentford,1773460800,0.05,0.06,no
top4,2025,Brentford,1773547200,0.02,0.08,no
top4,2025,Brentford,1773633600,0.02,0.06,no
top4,2025,Brentford,1773720000,0.02,0.06,no
top4,2025,Brentford,1773806400,0.03,0.08,no
top4,2025,Brentford,1773892800,0.03,0.08,no
top4,2025,Brentford,1773979200,0.03,0.08,no
top4,2025,Brentford,1774065600,0.03,0.08,no
top4,2025,Brentford,1774152000,0.02,0.08,no
top4,2025,Brentford,1774238400,0.03,0.08,no
top4,2025,Brentford,1774324800,0.02,0.06,no
top4,2025,Brentford,1774411200,0.02,0.06,no
top4,2025,Brentford,1774497600,0.02,0.06,no
top4,2025,Brentford,1774584000,0.02,0.06,no
top4,2025,Brentford,1774670400,0.02,0.06,no
top4,2025,Brentford,1774756800,0.02,0.03,no
top4,2025,Brentford,1774843200,0.02,0.06,no
top4,2025,Brentford,1774929600,0.02,0.06,no
top4,2025,Brentford,1775016000,0.02,0.06,no
top4,2025,Brentford,1775102400,0.02,0.03,no
top4,2025,Brentford,1775188800,0.01,0.03,no
top4,2025,Brentford,1775275200,0.01,0.04,no
top4,2025,Brentford,1775361600,0.01,0.04,no
top4,2025,Brentford,1775448000,0.01,0.04,no
top4,2025,Brentford,1775534400,0.01,0.04,no
top4,2025,Brentford,1775620800,0.01,0.03,no
top4,2025,Brentford,1775707200,0.01,0.04,no
top4,2025,Brentford,1775793600,0.01,0.03,no
top4,2025,Brentford,1775880000,0.01,0.04,no
top4,2025,Brentford,1775966400,0.01,0.02,no
top4,2025,Brentford,1776052800,0.0,0.02,no
top4,2025,Brentford,1776139200,0.0,0.03,no
top4,2025,Brentford,1776225600,0.0,0.03,no
top4,2025,Brentford,1776312000,0.0,0.05,no
top4,2025,Brentford,1776398400,0.0,0.05,no
top4,2025,Brentford,1776484800,0.0,0.05,no
top4,2025,Brentford,1776571200,0.0,0.05,no
top4,2025,Brentford,1776657600,0.0,0.04,no
top4,2025,Brentford,1776744000,0.0,0.05,no
top4,2025,Brentford,1776830400,0.0,0.05,no
top4,2025,Brentford,1776916800,0.0,0.05,no
top4,2025,Brentford,1777003200,0.0,0.05,no
top4,2025,Brentford,1777089600,0.0,0.05,no
top4,2025,Brentford,1777176000,0.0,0.05,no
top4,2025,Brentford,1777262400,0.0,0.04,no
top4,2025,Brentford,1777348800,0.0,0.04,no
top4,2025,Brentford,1777435200,0.0,0.04,no
top4,2025,Brentford,1777521600,0.0,0.04,no
top4,2025,Brentford,1777608000,0.0,0.01,no
top4,2025,Brentford,1777694400,0.0,0.01,no
top4,2025,Brentford,1777780800,0.0,0.01,no
top4,2025,Brentford,1777867200,0.0,0.01,no
top4,2025,Brentford,1777953600,0.0,0.04,no
top4,2025,Brentford,1778040000,0.0,0.03,no
top4,2025,Brentford,1778126400,0.0,0.04,no
top4,2025,Brentford,1778212800,0.0,0.03,no
top4,2025,Brentford,1778299200,0.0,0.03,no
top4,2025,Brentford,1778385600,0.0,0.01,no
top4,2025,Brentford,1778472000,0.0,0.01,no
top4,2025,Brentford,1779508800,0.0,0.01,no
top4,2025,Brentford,1779595200,0.0,0.01,no
top4,2025,Brentford,1779681600,0.0,1.0,no
top4,2025,Bournemouth,1754712000,0.01,0.06,no
top4,2025,Bournemouth,1754798400,0.01,0.06,no
top4,2025,Bournemouth,1754884800,0.01,0.06,no
top4,2025,Bournemouth,1754971200,0.01,0.05,no
top4,2025,Bournemouth,1755057600,0.01,0.05,no
top4,2025,Bournemouth,1755144000,0.01,0.06,no
top4,2025,Bournemouth,1755230400,0.0,0.94,no
top4,2025,Bournemouth,1755316800,0.0,0.03,no
top4,2025,Bournemouth,1755403200,0.0,0.03,no
top4,2025,Bournemouth,1755489600,0.0,0.03,no
top4,2025,Bournemouth,1755576000,0.0,0.04,no
top4,2025,Bournemouth,1755662400,0.0,0.03,no
top4,2025,Bournemouth,1755748800,0.0,0.03,no
top4,2025,Bournemouth,1755835200,0.0,0.04,no
top4,2025,Bournemouth,1755921600,0.0,0.04,no
top4,2025,Bournemouth,1756008000,0.0,0.04,no
top4,2025,Bournemouth,1756094400,0.0,0.04,no
top4,2025,Bournemouth,1756180800,0.0,0.04,no
top4,2025,Bournemouth,1756267200,0.0,0.05,no
top4,2025,Bournemouth,1756353600,0.0,0.05,no
top4,2025,Bournemouth,1756440000,0.01,0.05,no
top4,2025,Bournemouth,1756526400,0.0,0.04,no
top4,2025,Bournemouth,1756612800,0.0,0.06,no
top4,2025,Bournemouth,1756699200,0.02,0.06,no
top4,2025,Bournemouth,1756785600,0.03,0.05,no
top4,2025,Bournemouth,1756872000,0.03,0.05,no
top4,2025,Bournemouth,1756958400,0.03,0.05,no
top4,2025,Bournemouth,1757044800,0.03,0.05,no
top4,2025,Bournemouth,1757131200,0.03,0.05,no
top4,2025,Bournemouth,1757217600,0.03,0.05,no
top4,2025,Bournemouth,1757304000,0.03,0.05,no
top4,2025,Bournemouth,1757390400,0.03,0.05,no
top4,2025,Bournemouth,1757476800,0.03,0.05,no
top4,2025,Bournemouth,1757563200,0.03,0.05,no
top4,2025,Bournemouth,1757649600,0.03,0.05,no
top4,2025,Bournemouth,1757736000,0.03,0.05,no
top4,2025,Bournemouth,1757822400,0.05,0.06,no
top4,2025,Bournemouth,1757908800,0.05,0.06,no
top4,2025,Bournemouth,1757995200,0.06,0.07,no
top4,2025,Bournemouth,1758081600,0.06,0.07,no
top4,2025,Bournemouth,1758168000,0.06,0.07,no
top4,2025,Bournemouth,1758254400,0.06,0.07,no
top4,2025,Bournemouth,1758340800,0.06,0.07,no
top4,2025,Bournemouth,1758427200,0.04,0.07,no
top4,2025,Bournemouth,1758513600,0.04,0.06,no
top4,2025,Bournemouth,1758600000,0.05,0.06,no
top4,2025,Bournemouth,1758686400,0.05,0.06,no
top4,2025,Bournemouth,1758772800,0.05,0.06,no
top4,2025,Bournemouth,1758859200,0.05,0.06,no
top4,2025,Bournemouth,1758945600,0.05,0.07,no
top4,2025,Bournemouth,1759032000,0.01,0.1,no
top4,2025,Bournemouth,1759118400,0.01,0.1,no
top4,2025,Bournemouth,1759204800,0.01,0.1,no
top4,2025,Bournemouth,1759291200,0.01,0.1,no
top4,2025,Bournemouth,1759377600,0.01,0.1,no
top4,2025,Bournemouth,1759464000,0.01,0.1,no
top4,2025,Bournemouth,1759550400,0.08,0.14,no
top4,2025,Bournemouth,1759636800,0.05,0.13,no
top4,2025,Bournemouth,1759723200,0.06,0.13,no
top4,2025,Bournemouth,1759809600,0.0,0.13,no
top4,2025,Bournemouth,1759896000,0.0,0.13,no
top4,2025,Bournemouth,1759982400,0.1,0.12,no
top4,2025,Bournemouth,1760068800,0.09,0.12,no
top4,2025,Bournemouth,1760155200,0.09,0.12,no
top4,2025,Bournemouth,1760241600,0.09,0.11,no
top4,2025,Bournemouth,1760328000,0.09,0.13,no
top4,2025,Bournemouth,1760414400,0.11,0.12,no
top4,2025,Bournemouth,1760500800,0.11,0.12,no
top4,2025,Bournemouth,1760587200,0.1,0.12,no
top4,2025,Bournemouth,1760673600,0.1,0.12,no
top4,2025,Bournemouth,1760760000,0.11,0.12,no
top4,2025,Bournemouth,1760846400,0.1,0.13,no
top4,2025,Bournemouth,1760932800,0.0,0.13,no
top4,2025,Bournemouth,1761019200,0.0,0.1,no
top4,2025,Bournemouth,1761105600,0.0,0.1,no
top4,2025,Bournemouth,1761192000,0.09,0.1,no
top4,2025,Bournemouth,1761278400,0.09,0.1,no
top4,2025,Bournemouth,1761364800,0.08,0.1,no
top4,2025,Bournemouth,1761451200,0.03,0.18,no
top4,2025,Bournemouth,1761537600,0.13,0.2,no
top4,2025,Bournemouth,1761624000,0.14,0.19,no
top4,2025,Bournemouth,1761710400,0.14,0.19,no
top4,2025,Bournemouth,1761796800,0.14,0.15,no
top4,2025,Bournemouth,1761883200,0.13,0.14,no
top4,2025,Bournemouth,1761969600,0.13,0.16,no
top4,2025,Bournemouth,1762056000,0.13,0.15,no
top4,2025,Bournemouth,1762142400,0.06,0.24,no
top4,2025,Bournemouth,1762232400,0.1,0.14,no
top4,2025,Bournemouth,1762318800,0.1,0.14,no
top4,2025,Bournemouth,1762405200,0.1,0.11,no
top4,2025,Bournemouth,1762491600,0.09,0.14,no
top4,2025,Bournemouth,1762578000,0.1,0.15,no
top4,2025,Bournemouth,1762664400,0.09,0.25,no
top4,2025,Bournemouth,1762750800,0.01,0.23,no
top4,2025,Bournemouth,1762837200,0.05,0.1,no
top4,2025,Bournemouth,1762923600,0.05,0.1,no
top4,2025,Bournemouth,1763010000,0.05,0.1,no
top4,2025,Bournemouth,1763096400,0.06,0.1,no
top4,2025,Bournemouth,1763182800,0.06,0.1,no
top4,2025,Bournemouth,1763269200,0.06,0.1,no
top4,2025,Bournemouth,1763355600,0.05,0.1,no
top4,2025,Bournemouth,1763442000,0.05,0.1,no
top4,2025,Bournemouth,1763528400,0.05,0.1,no
top4,2025,Bournemouth,1763614800,0.05,0.1,no
top4,2025,Bournemouth,1763701200,0.06,0.1,no
top4,2025,Bournemouth,1763787600,0.06,0.1,no
top4,2025,Bournemouth,1763874000,0.05,0.15,no
top4,2025,Bournemouth,1763960400,0.06,0.09,no
top4,2025,Bournemouth,1764046800,0.06,0.08,no
top4,2025,Bournemouth,1764133200,0.06,0.08,no
top4,2025,Bournemouth,1764219600,0.05,0.08,no
top4,2025,Bournemouth,1764306000,0.05,0.08,no
top4,2025,Bournemouth,1764392400,0.05,0.08,no
top4,2025,Bournemouth,1764478800,0.02,0.07,no
top4,2025,Bournemouth,1764565200,0.01,0.06,no
top4,2025,Bournemouth,1764651600,0.02,0.06,no
top4,2025,Bournemouth,1764738000,0.01,0.08,no
top4,2025,Bournemouth,1764824400,0.01,0.07,no
top4,2025,Bournemouth,1764910800,0.01,0.03,no
top4,2025,Bournemouth,1764997200,0.01,0.03,no
top4,2025,Bournemouth,1765083600,0.01,0.03,no
top4,2025,Bournemouth,1765170000,0.01,0.03,no
top4,2025,Bournemouth,1765256400,0.01,0.03,no
top4,2025,Bournemouth,1765342800,0.01,0.03,no
top4,2025,Bournemouth,1765429200,0.02,0.03,no
top4,2025,Bournemouth,1765515600,0.01,0.02,no
top4,2025,Bournemouth,1765602000,0.01,0.02,no
top4,2025,Bournemouth,1765688400,0.01,0.03,no
top4,2025,Bournemouth,1765774800,0.01,0.03,no
top4,2025,Bournemouth,1765861200,0.01,0.03,no
top4,2025,Bournemouth,1765947600,0.01,0.04,no
top4,2025,Bournemouth,1766034000,0.01,0.04,no
top4,2025,Bournemouth,1766120400,0.01,0.04,no
top4,2025,Bournemouth,1766206800,0.01,0.04,no
top4,2025,Bournemouth,1766293200,0.02,0.26,no
top4,2025,Bournemouth,1766379600,0.01,0.03,no
top4,2025,Bournemouth,1766466000,0.01,0.03,no
top4,2025,Bournemouth,1766552400,0.01,0.03,no
top4,2025,Bournemouth,1766638800,0.01,0.03,no
top4,2025,Bournemouth,1766725200,0.01,0.03,no
top4,2025,Bournemouth,1766811600,0.01,0.03,no
top4,2025,Bournemouth,1766898000,0.01,0.02,no
top4,2025,Bournemouth,1766984400,0.01,0.02,no
top4,2025,Bournemouth,1767070800,0.01,0.02,no
top4,2025,Bournemouth,1767157200,0.01,0.03,no
top4,2025,Bournemouth,1767243600,0.01,0.03,no
top4,2025,Bournemouth,1767330000,0.01,0.03,no
top4,2025,Bournemouth,1767416400,0.0,0.02,no
top4,2025,Bournemouth,1767502800,0.0,0.02,no
top4,2025,Bournemouth,1767589200,0.0,0.02,no
top4,2025,Bournemouth,1767675600,0.0,0.02,no
top4,2025,Bournemouth,1767762000,0.0,0.02,no
top4,2025,Bournemouth,1767848400,0.0,0.03,no
top4,2025,Bournemouth,1767934800,0.0,0.03,no
top4,2025,Bournemouth,1768021200,0.0,0.03,no
top4,2025,Bournemouth,1768107600,0.0,0.03,no
top4,2025,Bournemouth,1768194000,0.0,0.02,no
top4,2025,Bournemouth,1768280400,0.0,0.02,no
top4,2025,Bournemouth,1768366800,0.0,0.02,no
top4,2025,Bournemouth,1768453200,0.0,0.02,no
top4,2025,Bournemouth,1768539600,0.0,0.02,no
top4,2025,Bournemouth,1768626000,0.0,0.02,no
top4,2025,Bournemouth,1768712400,0.0,0.02,no
top4,2025,Bournemouth,1768798800,0.0,0.02,no
top4,2025,Bournemouth,1768885200,0.0,0.02,no
top4,2025,Bournemouth,1768971600,0.0,0.02,no
top4,2025,Bournemouth,1769058000,0.0,0.02,no
top4,2025,Bournemouth,1769144400,0.0,0.02,no
top4,2025,Bournemouth,1769230800,0.0,0.02,no
top4,2025,Bournemouth,1769317200,0.0,0.02,no
top4,2025,Bournemouth,1769403600,0.0,0.02,no
top4,2025,Bournemouth,1769490000,0.0,0.02,no
top4,2025,Bournemouth,1769576400,0.0,0.02,no
top4,2025,Bournemouth,1769662800,0.0,0.02,no
top4,2025,Bournemouth,1769749200,0.0,0.02,no
top4,2025,Bournemouth,1769835600,0.0,0.02,no
top4,2025,Bournemouth,1769922000,0.0,0.02,no
top4,2025,Bournemouth,1770008400,0.0,0.02,no
top4,2025,Bournemouth,1770094800,0.0,0.02,no
top4,2025,Bournemouth,1770181200,0.0,0.02,no
top4,2025,Bournemouth,1770267600,0.0,0.02,no
top4,2025,Bournemouth,1770354000,0.0,0.02,no
top4,2025,Bournemouth,1770440400,0.0,0.02,no
top4,2025,Bournemouth,1770526800,0.0,0.02,no
top4,2025,Bournemouth,1770613200,0.0,0.02,no
top4,2025,Bournemouth,1770699600,0.0,0.02,no
top4,2025,Bournemouth,1770786000,0.0,0.02,no
top4,2025,Bournemouth,1770872400,0.0,0.02,no
top4,2025,Bournemouth,1770958800,0.0,0.02,no
top4,2025,Bournemouth,1771045200,0.0,0.08,no
top4,2025,Bournemouth,1771131600,0.0,0.11,no
top4,2025,Bournemouth,1771218000,0.0,0.1,no
top4,2025,Bournemouth,1771304400,0.0,0.04,no
top4,2025,Bournemouth,1771390800,0.0,0.05,no
top4,2025,Bournemouth,1771477200,0.0,0.01,no
top4,2025,Bournemouth,1771563600,0.0,0.01,no
top4,2025,Bournemouth,1771822800,0.0,0.06,no
top4,2025,Bournemouth,1771909200,0.0,0.05,no
top4,2025,Bournemouth,1771995600,0.0,0.04,no
top4,2025,Bournemouth,1772082000,0.0,0.04,no
top4,2025,Bournemouth,1772168400,0.0,0.04,no
top4,2025,Bournemouth,1772254800,0.0,0.04,no
top4,2025,Bournemouth,1772341200,0.0,0.04,no
top4,2025,Bournemouth,1772427600,0.0,0.03,no
top4,2025,Bournemouth,1772514000,0.0,0.05,no
top4,2025,Bournemouth,1772600400,0.0,0.05,no
top4,2025,Bournemouth,1772686800,0.0,0.02,no
top4,2025,Bournemouth,1772773200,0.0,0.02,no
top4,2025,Bournemouth,1772859600,0.0,0.02,no
top4,2025,Bournemouth,1772946000,0.0,0.02,no
top4,2025,Bournemouth,1773032400,0.0,0.01,no
top4,2025,Bournemouth,1773115200,0.0,0.01,no
top4,2025,Bournemouth,1773201600,0.0,0.01,no
top4,2025,Bournemouth,1773288000,0.0,0.01,no
top4,2025,Bournemouth,1773374400,0.0,0.01,no
top4,2025,Bournemouth,1773460800,0.0,0.01,no
top4,2025,Bournemouth,1773547200,0.0,0.01,no
top4,2025,Bournemouth,1773633600,0.0,0.01,no
top4,2025,Bournemouth,1773720000,0.0,0.01,no
top4,2025,Bournemouth,1773806400,0.0,0.01,no
top4,2025,Bournemouth,1773892800,0.0,0.01,no
top4,2025,Bournemouth,1773979200,0.0,0.01,no
top4,2025,Bournemouth,1774065600,0.0,0.01,no
top4,2025,Bournemouth,1774152000,0.0,0.01,no
top4,2025,Bournemouth,1774238400,0.0,0.01,no
top4,2025,Bournemouth,1774324800,0.0,0.01,no
top4,2025,Bournemouth,1774411200,0.0,0.01,no
top4,2025,Bournemouth,1774497600,0.0,0.01,no
top4,2025,Bournemouth,1774584000,0.0,0.01,no
top4,2025,Bournemouth,1774670400,0.0,0.01,no
top4,2025,Bournemouth,1774756800,0.0,0.01,no
top4,2025,Bournemouth,1774843200,0.0,0.01,no
top4,2025,Bournemouth,1774929600,0.0,0.01,no
top4,2025,Bournemouth,1775016000,0.0,0.01,no
top4,2025,Bournemouth,1775102400,0.0,0.01,no
top4,2025,Bournemouth,1775188800,0.0,0.01,no
top4,2025,Bournemouth,1775275200,0.0,0.01,no
top4,2025,Bournemouth,1775361600,0.0,0.01,no
top4,2025,Bournemouth,1775448000,0.0,0.01,no
top4,2025,Bournemouth,1775534400,0.0,0.01,no
top4,2025,Bournemouth,1775620800,0.0,0.02,no
top4,2025,Bournemouth,1775707200,0.0,0.01,no
top4,2025,Bournemouth,1775793600,0.0,0.01,no
top4,2025,Bournemouth,1775880000,0.0,0.01,no
top4,2025,Bournemouth,1775966400,0.0,0.01,no
top4,2025,Bournemouth,1776052800,0.0,0.01,no
top4,2025,Bournemouth,1776139200,0.0,0.01,no
top4,2025,Bournemouth,1776225600,0.0,0.02,no
top4,2025,Bournemouth,1776312000,0.0,0.02,no
top4,2025,Bournemouth,1776484800,0.0,0.03,no
top4,2025,Bournemouth,1776571200,0.0,0.03,no
top4,2025,Bournemouth,1776657600,0.0,0.03,no
top4,2025,Bournemouth,1776744000,0.0,0.04,no
top4,2025,Bournemouth,1776830400,0.0,0.03,no
top4,2025,Bournemouth,1776916800,0.0,0.03,no
top4,2025,Bournemouth,1777003200,0.0,0.04,no
top4,2025,Bournemouth,1777089600,0.0,0.04,no
top4,2025,Bournemouth,1777176000,0.0,0.02,no
top4,2025,Bournemouth,1777262400,0.0,0.03,no
top4,2025,Bournemouth,1777348800,0.0,0.03,no
top4,2025,Bournemouth,1777435200,0.0,0.05,no
top4,2025,Bournemouth,1777521600,0.0,0.04,no
top4,2025,Bournemouth,1777608000,0.0,0.01,no
top4,2025,Bournemouth,1777780800,0.0,0.05,no
top4,2025,Bournemouth,1777867200,0.0,0.05,no
top4,2025,Bournemouth,1777953600,0.0,0.05,no
top4,2025,Bournemouth,1778212800,0.0,0.05,no
top4,2025,Bournemouth,1778299200,0.0,0.26,no
top4,2025,Bournemouth,1778385600,0.0,0.02,no
top4,2025,Bournemouth,1778472000,0.0,0.02,no
top4,2025,Bournemouth,1778558400,0.0,0.01,no
top4,2025,Bournemouth,1778644800,0.0,0.01,no
top4,2025,Bournemouth,1778731200,0.0,0.01,no
top4,2025,Bournemouth,1778817600,0.0,0.02,no
top4,2025,Bournemouth,1778904000,0.0,0.02,no
top4,2025,Bournemouth,1778990400,0.0,0.03,no
top4,2025,Bournemouth,1779076800,0.0,0.01,no
top4,2025,Bournemouth,1779249600,0.0,0.02,no
top4,2025,Bournemouth,1779336000,0.0,0.01,no
top4,2025,Bournemouth,1779422400,0.0,0.01,no
top4,2025,Bournemouth,1779508800,0.0,0.01,no
top4,2025,Bournemouth,1779595200,0.0,0.01,no
top4,2025,Bournemouth,1779681600,0.0,1.0,no
top4,2025,Tottenham,1754712000,0.12,0.17,no
top4,2025,Tottenham,1754798400,0.12,0.17,no
top4,2025,Tottenham,1754884800,0.12,0.17,no
top4,2025,Tottenham,1754971200,0.15,0.16,no
top4,2025,Tottenham,1755057600,0.15,0.16,no
top4,2025,Tottenham,1755144000,0.15,0.18,no
top4,2025,Tottenham,1755230400,0.15,0.17,no
top4,2025,Tottenham,1755316800,0.12,0.16,no
top4,2025,Tottenham,1755403200,0.16,0.2,no
top4,2025,Tottenham,1755489600,0.17,0.2,no
top4,2025,Tottenham,1755576000,0.18,0.21,no
top4,2025,Tottenham,1755662400,0.18,0.2,no
top4,2025,Tottenham,1755748800,0.18,0.21,no
top4,2025,Tottenham,1755835200,0.17,0.22,no
top4,2025,Tottenham,1755921600,0.19,0.22,no
top4,2025,Tottenham,1756008000,0.21,0.26,no
top4,2025,Tottenham,1756094400,0.22,0.26,no
top4,2025,Tottenham,1756180800,0.23,0.27,no
top4,2025,Tottenham,1756267200,0.26,0.31,no
top4,2025,Tottenham,1756353600,0.27,0.31,no
top4,2025,Tottenham,1756440000,0.28,0.32,no
top4,2025,Tottenham,1756526400,0.29,0.33,no
top4,2025,Tottenham,1756612800,0.22,0.25,no
top4,2025,Tottenham,1756699200,0.22,0.26,no
top4,2025,Tottenham,1756785600,0.12,0.16,no
top4,2025,Tottenham,1756872000,0.16,0.17,no
top4,2025,Tottenham,1756958400,0.16,0.17,no
top4,2025,Tottenham,1757044800,0.16,0.17,no
top4,2025,Tottenham,1757131200,0.16,0.17,no
top4,2025,Tottenham,1757217600,0.16,0.17,no
top4,2025,Tottenham,1757304000,0.16,0.17,no
top4,2025,Tottenham,1757390400,0.16,0.17,no
top4,2025,Tottenham,1757476800,0.14,0.17,no
top4,2025,Tottenham,1757563200,0.14,0.17,no
top4,2025,Tottenham,1757649600,0.15,0.17,no
top4,2025,Tottenham,1757736000,0.15,0.16,no
top4,2025,Tottenham,1757822400,0.15,0.16,no
top4,2025,Tottenham,1757908800,0.15,0.16,no
top4,2025,Tottenham,1757995200,0.17,0.19,no
top4,2025,Tottenham,1758081600,0.18,0.2,no
top4,2025,Tottenham,1758168000,0.18,0.2,no
top4,2025,Tottenham,1758254400,0.18,0.2,no
top4,2025,Tottenham,1758340800,0.18,0.2,no
top4,2025,Tottenham,1758427200,0.22,0.25,no
top4,2025,Tottenham,1758513600,0.26,0.28,no
top4,2025,Tottenham,1758600000,0.26,0.27,no
top4,2025,Tottenham,1758686400,0.26,0.28,no
top4,2025,Tottenham,1758772800,0.26,0.28,no
top4,2025,Tottenham,1758859200,0.26,0.28,no
top4,2025,Tottenham,1758945600,0.26,0.27,no
top4,2025,Tottenham,1759032000,0.18,0.31,no
top4,2025,Tottenham,1759118400,0.22,0.29,no
top4,2025,Tottenham,1759204800,0.23,0.28,no
top4,2025,Tottenham,1759291200,0.22,0.26,no
top4,2025,Tottenham,1759377600,0.22,0.27,no
top4,2025,Tottenham,1759464000,0.25,0.3,no
top4,2025,Tottenham,1759550400,0.18,0.29,no
top4,2025,Tottenham,1759636800,0.19,0.27,no
top4,2025,Tottenham,1759723200,0.2,0.37,no
top4,2025,Tottenham,1759809600,0.21,0.36,no
top4,2025,Tottenham,1759896000,0.18,0.23,no
top4,2025,Tottenham,1759982400,0.21,0.24,no
top4,2025,Tottenham,1760068800,0.21,0.24,no
top4,2025,Tottenham,1760155200,0.22,0.25,no
top4,2025,Tottenham,1760241600,0.22,0.24,no
top4,2025,Tottenham,1760328000,0.17,0.21,no
top4,2025,Tottenham,1760414400,0.18,0.19,no
top4,2025,Tottenham,1760500800,0.19,0.21,no
top4,2025,Tottenham,1760587200,0.18,0.21,no
top4,2025,Tottenham,1760673600,0.18,0.22,no
top4,2025,Tottenham,1760760000,0.18,0.22,no
top4,2025,Tottenham,1760846400,0.18,0.23,no
top4,2025,Tottenham,1760932800,0.1,0.28,no
top4,2025,Tottenham,1761019200,0.11,0.17,no
top4,2025,Tottenham,1761105600,0.1,0.25,no
top4,2025,Tottenham,1761192000,0.12,0.2,no
top4,2025,Tottenham,1761278400,0.12,0.2,no
top4,2025,Tottenham,1761364800,0.12,0.19,no
top4,2025,Tottenham,1761451200,0.11,0.15,no
top4,2025,Tottenham,1761537600,0.15,0.2,no
top4,2025,Tottenham,1761624000,0.16,0.19,no
top4,2025,Tottenham,1761710400,0.11,0.22,no
top4,2025,Tottenham,1761796800,0.16,0.24,no
top4,2025,Tottenham,1761883200,0.17,0.22,no
top4,2025,Tottenham,1761969600,0.16,0.21,no
top4,2025,Tottenham,1762056000,0.12,0.25,no
top4,2025,Tottenham,1762142400,0.07,0.29,no
top4,2025,Tottenham,1762232400,0.1,0.12,no
top4,2025,Tottenham,1762318800,0.11,0.14,no
top4,2025,Tottenham,1762405200,0.1,0.14,no
top4,2025,Tottenham,1762491600,0.11,0.14,no
top4,2025,Tottenham,1762578000,0.11,0.15,no
top4,2025,Tottenham,1762664400,0.07,0.2,no
top4,2025,Tottenham,1762750800,0.11,0.29,no
top4,2025,Tottenham,1762837200,0.11,0.12,no
top4,2025,Tottenham,1762923600,0.11,0.12,no
top4,2025,Tottenham,1763010000,0.11,0.12,no
top4,2025,Tottenham,1763096400,0.11,0.12,no
top4,2025,Tottenham,1763182800,0.11,0.12,no
top4,2025,Tottenham,1763269200,0.11,0.12,no
top4,2025,Tottenham,1763355600,0.05,0.12,no
top4,2025,Tottenham,1763442000,0.05,0.11,no
top4,2025,Tottenham,1763528400,0.05,0.06,no
top4,2025,Tottenham,1763614800,0.09,0.16,no
top4,2025,Tottenham,1763701200,0.1,0.14,no
top4,2025,Tottenham,1763787600,0.09,0.14,no
top4,2025,Tottenham,1763874000,0.09,0.14,no
top4,2025,Tottenham,1763960400,0.02,0.11,no
top4,2025,Tottenham,1764046800,0.03,0.1,no
top4,2025,Tottenham,1764133200,0.03,0.1,no
top4,2025,Tottenham,1764219600,0.08,0.1,no
top4,2025,Tottenham,1764306000,0.08,0.09,no
top4,2025,Tottenham,1764392400,0.07,0.08,no
top4,2025,Tottenham,1764478800,0.03,0.08,no
top4,2025,Tottenham,1764565200,0.03,0.07,no
top4,2025,Tottenham,1764651600,0.01,0.03,no
top4,2025,Tottenham,1764738000,0.01,0.07,no
top4,2025,Tottenham,1764824400,0.01,0.06,no
top4,2025,Tottenham,1764910800,0.03,0.06,no
top4,2025,Tottenham,1764997200,0.03,0.06,no
top4,2025,Tottenham,1765083600,0.07,0.1,no
top4,2025,Tottenham,1765170000,0.06,0.08,no
top4,2025,Tottenham,1765256400,0.04,0.08,no
top4,2025,Tottenham,1765342800,0.04,0.09,no
top4,2025,Tottenham,1765429200,0.04,0.08,no
top4,2025,Tottenham,1765515600,0.04,0.08,no
top4,2025,Tottenham,1765602000,0.04,0.07,no
top4,2025,Tottenham,1765688400,0.06,0.09,no
top4,2025,Tottenham,1765774800,0.04,0.1,no
top4,2025,Tottenham,1765861200,0.04,0.1,no
top4,2025,Tottenham,1765947600,0.0,0.08,no
top4,2025,Tottenham,1766034000,0.01,0.06,no
top4,2025,Tottenham,1766120400,0.01,0.06,no
top4,2025,Tottenham,1766206800,0.01,0.06,no
top4,2025,Tottenham,1766293200,0.01,0.06,no
top4,2025,Tottenham,1766379600,0.01,0.06,no
top4,2025,Tottenham,1766466000,0.01,0.06,no
top4,2025,Tottenham,1766552400,0.01,0.04,no
top4,2025,Tottenham,1766638800,0.01,0.04,no
top4,2025,Tottenham,1766725200,0.01,0.04,no
top4,2025,Tottenham,1766811600,0.01,0.03,no
top4,2025,Tottenham,1766898000,0.01,0.03,no
top4,2025,Tottenham,1766984400,0.01,0.03,no
top4,2025,Tottenham,1767070800,0.02,0.03,no
top4,2025,Tottenham,1767157200,0.02,0.03,no
top4,2025,Tottenham,1767243600,0.02,0.03,no
top4,2025,Tottenham,1767330000,0.02,0.03,no
top4,2025,Tottenham,1767416400,0.02,0.03,no
top4,2025,Tottenham,1767502800,0.01,0.03,no
top4,2025,Tottenham,1767589200,0.01,0.03,no
top4,2025,Tottenham,1767675600,0.01,0.03,no
top4,2025,Tottenham,1767762000,0.01,0.03,no
top4,2025,Tottenham,1767848400,0.0,0.03,no
top4,2025,Tottenham,1767934800,0.0,0.03,no
top4,2025,Tottenham,1768021200,0.0,0.03,no
top4,2025,Tottenham,1768107600,0.0,0.03,no
top4,2025,Tottenham,1768194000,0.0,0.03,no
top4,2025,Tottenham,1768280400,0.0,0.03,no
top4,2025,Tottenham,1768366800,0.0,0.03,no
top4,2025,Tottenham,1768453200,0.0,0.03,no
top4,2025,Tottenham,1768539600,0.0,0.03,no
top4,2025,Tottenham,1768626000,0.0,0.03,no
top4,2025,Tottenham,1768712400,0.0,0.04,no
top4,2025,Tottenham,1768798800,0.0,0.02,no
top4,2025,Tottenham,1768885200,0.0,0.02,no
top4,2025,Tottenham,1768971600,0.0,0.02,no
top4,2025,Tottenham,1769058000,0.0,0.02,no
top4,2025,Tottenham,1769144400,0.0,0.02,no
top4,2025,Tottenham,1769230800,0.0,0.02,no
top4,2025,Tottenham,1769317200,0.0,0.02,no
top4,2025,Tottenham,1769403600,0.0,0.02,no
top4,2025,Tottenham,1769490000,0.0,0.02,no
top4,2025,Tottenham,1769576400,0.0,0.02,no
top4,2025,Tottenham,1769662800,0.0,0.02,no
top4,2025,Tottenham,1769749200,0.0,0.02,no
top4,2025,Tottenham,1769835600,0.02,0.03,no
top4,2025,Tottenham,1769922000,0.02,0.04,no
top4,2025,Tottenham,1770008400,0.02,0.04,no
top4,2025,Tottenham,1770094800,0.0,0.04,no
top4,2025,Tottenham,1770181200,0.0,0.04,no
top4,2025,Tottenham,1770267600,0.0,0.04,no
top4,2025,Tottenham,1770354000,0.0,0.04,no
top4,2025,Tottenham,1770440400,0.0,0.04,no
top4,2025,Tottenham,1770526800,0.0,0.04,no
top4,2025,Tottenham,1770613200,0.0,0.04,no
top4,2025,Tottenham,1770699600,0.0,0.04,no
top4,2025,Tottenham,1770786000,0.0,0.02,no
top4,2025,Tottenham,1770958800,0.0,0.02,no
top4,2025,Tottenham,1771045200,0.0,0.02,no
top4,2025,Tottenham,1771131600,0.0,0.01,no
top4,2025,Tottenham,1771477200,0.0,0.02,no
top4,2025,Tottenham,1771563600,0.0,0.02,no
top4,2025,Tottenham,1771650000,0.0,0.02,no
top4,2025,Tottenham,1771736400,0.0,0.02,no
top4,2025,Tottenham,1771822800,0.0,0.02,no
top4,2025,Tottenham,1771909200,0.0,0.02,no
top4,2025,Tottenham,1771995600,0.0,0.02,no
top4,2025,Tottenham,1772082000,0.0,0.02,no
top4,2025,Tottenham,1772168400,0.0,0.02,no
top4,2025,Tottenham,1772254800,0.0,0.02,no
top4,2025,Tottenham,1772341200,0.0,0.02,no
top4,2025,Tottenham,1772427600,0.0,0.02,no
top4,2025,Tottenham,1772514000,0.0,0.02,no
top4,2025,Tottenham,1772600400,0.0,0.02,no
top4,2025,Tottenham,1772686800,0.0,0.02,no
top4,2025,Tottenham,1772773200,0.0,0.02,no
top4,2025,Tottenham,1772859600,0.0,0.02,no
top4,2025,Tottenham,1772946000,0.0,0.02,no
top4,2025,Tottenham,1773032400,0.0,0.02,no
top4,2025,Tottenham,1773115200,0.0,0.02,no
top4,2025,Tottenham,1773288000,0.0,0.01,no
top4,2025,Tottenham,1773374400,0.0,0.02,no
top4,2025,Tottenham,1773460800,0.0,0.02,no
top4,2025,Tottenham,1773547200,0.0,0.02,no
top4,2025,Tottenham,1773633600,0.0,0.02,no
top4,2025,Tottenham,1773720000,0.0,0.02,no
top4,2025,Tottenham,1773806400,0.0,0.02,no
top4,2025,Tottenham,1773892800,0.0,0.02,no
top4,2025,Tottenham,1773979200,0.0,0.02,no
top4,2025,Tottenham,1774065600,0.0,0.02,no
top4,2025,Tottenham,1774324800,0.0,0.02,no
top4,2025,Tottenham,1775188800,0.0,0.02,no
top4,2025,Tottenham,1775361600,0.0,0.02,no
top4,2025,Tottenham,1775534400,0.0,0.02,no
top4,2025,Tottenham,1775620800,0.0,0.01,no
top4,2025,Tottenham,1777608000,0.0,0.01,no
top4,2025,Tottenham,1777780800,0.0,0.01,no
top4,2025,Tottenham,1777953600,0.0,0.01,no
top4,2025,Tottenham,1778299200,0.0,0.01,no
top4,2025,Tottenham,1778472000,0.0,0.01,no
top4,2025,Tottenham,1778990400,0.0,0.01,no
top4,2025,Tottenham,1779249600,0.0,0.01,no
top4,2025,Tottenham,1779422400,0.0,0.01,no
top4,2025,Tottenham,1779508800,0.0,0.01,no
top4,2025,Tottenham,1779595200,0.0,0.01,no
top4,2025,Tottenham,1779681600,0.0,1.0,no
top4,2025,Nott'm Forest,1754712000,0.0,0.05,no
top4,2025,Nott'm Forest,1754798400,0.01,0.05,no
top4,2025,Nott'm Forest,1754884800,0.01,0.05,no
top4,2025,Nott'm Forest,1754971200,0.01,0.05,no
top4,2025,Nott'm Forest,1755057600,0.01,0.05,no
top4,2025,Nott'm Forest,1755144000,0.01,0.06,no
top4,2025,Nott'm Forest,1755230400,0.01,0.04,no
top4,2025,Nott'm Forest,1755316800,0.01,0.04,no
top4,2025,Nott'm Forest,1755403200,0.01,0.04,no
top4,2025,Nott'm Forest,1755489600,0.02,0.04,no
top4,2025,Nott'm Forest,1755576000,0.03,0.06,no
top4,2025,Nott'm Forest,1755662400,0.02,0.04,no
top4,2025,Nott'm Forest,1755748800,0.03,0.05,no
top4,2025,Nott'm Forest,1755835200,0.02,0.06,no
top4,2025,Nott'm Forest,1755921600,0.03,0.05,no
top4,2025,Nott'm Forest,1756008000,0.03,0.06,no
top4,2025,Nott'm Forest,1756094400,0.03,0.07,no
top4,2025,Nott'm Forest,1756180800,0.03,0.08,no
top4,2025,Nott'm Forest,1756267200,0.05,0.1,no
top4,2025,Nott'm Forest,1756353600,0.05,0.09,no
top4,2025,Nott'm Forest,1756440000,0.06,0.09,no
top4,2025,Nott'm Forest,1756526400,0.05,0.09,no
top4,2025,Nott'm Forest,1756612800,0.06,0.09,no
top4,2025,Nott'm Forest,1756699200,0.06,0.09,no
top4,2025,Nott'm Forest,1756785600,0.04,0.08,no
top4,2025,Nott'm Forest,1756872000,0.05,0.07,no
top4,2025,Nott'm Forest,1756958400,0.05,0.07,no
top4,2025,Nott'm Forest,1757044800,0.05,0.06,no
top4,2025,Nott'm Forest,1757131200,0.05,0.06,no
top4,2025,Nott'm Forest,1757217600,0.05,0.06,no
top4,2025,Nott'm Forest,1757304000,0.05,0.06,no
top4,2025,Nott'm Forest,1757390400,0.05,0.06,no
top4,2025,Nott'm Forest,1757476800,0.05,0.06,no
top4,2025,Nott'm Forest,1757563200,0.05,0.06,no
top4,2025,Nott'm Forest,1757649600,0.05,0.06,no
top4,2025,Nott'm Forest,1757736000,0.03,0.05,no
top4,2025,Nott'm Forest,1757822400,0.04,0.05,no
top4,2025,Nott'm Forest,1757908800,0.04,0.05,no
top4,2025,Nott'm Forest,1757995200,0.04,0.05,no
top4,2025,Nott'm Forest,1758081600,0.04,0.05,no
top4,2025,Nott'm Forest,1758168000,0.04,0.05,no
top4,2025,Nott'm Forest,1758254400,0.02,0.04,no
top4,2025,Nott'm Forest,1758340800,0.02,0.04,no
top4,2025,Nott'm Forest,1758427200,0.0,0.03,no
top4,2025,Nott'm Forest,1758513600,0.0,0.02,no
top4,2025,Nott'm Forest,1758600000,0.0,0.02,no
top4,2025,Nott'm Forest,1758686400,0.0,0.02,no
top4,2025,Nott'm Forest,1758772800,0.0,0.02,no
top4,2025,Nott'm Forest,1758859200,0.0,0.02,no
top4,2025,Nott'm Forest,1758945600,0.0,0.02,no
top4,2025,Nott'm Forest,1759032000,0.0,0.92,no
top4,2025,Nott'm Forest,1759118400,0.0,0.92,no
top4,2025,Nott'm Forest,1759204800,0.0,0.92,no
top4,2025,Nott'm Forest,1759291200,0.0,0.92,no
top4,2025,Nott'm Forest,1759377600,0.0,0.92,no
top4,2025,Nott'm Forest,1759464000,0.0,0.92,no
top4,2025,Nott'm Forest,1759550400,0.0,0.92,no
top4,2025,Nott'm Forest,1759636800,0.0,0.03,no
top4,2025,Nott'm Forest,1759723200,0.0,0.92,no
top4,2025,Nott'm Forest,1759809600,0.0,0.03,no
top4,2025,Nott'm Forest,1759896000,0.0,0.03,no
top4,2025,Nott'm Forest,1759982400,0.0,0.02,no
top4,2025,Nott'm Forest,1760068800,0.0,0.02,no
top4,2025,Nott'm Forest,1760155200,0.0,0.02,no
top4,2025,Nott'm Forest,1760241600,0.0,0.02,no
top4,2025,Nott'm Forest,1760328000,0.0,0.02,no
top4,2025,Nott'm Forest,1760414400,0.0,0.02,no
top4,2025,Nott'm Forest,1760500800,0.0,0.02,no
top4,2025,Nott'm Forest,1760587200,0.0,0.02,no
top4,2025,Nott'm Forest,1760673600,0.0,0.02,no
top4,2025,Nott'm Forest,1760760000,0.0,0.02,no
top4,2025,Nott'm Forest,1760846400,0.0,0.02,no
top4,2025,Nott'm Forest,1760932800,0.0,0.03,no
top4,2025,Nott'm Forest,1761019200,0.0,0.03,no
top4,2025,Nott'm Forest,1761105600,0.0,0.03,no
top4,2025,Nott'm Forest,1761192000,0.0,0.02,no
top4,2025,Nott'm Forest,1761278400,0.0,0.02,no
top4,2025,Nott'm Forest,1761364800,0.0,0.02,no
top4,2025,Nott'm Forest,1761451200,0.0,0.02,no
top4,2025,Nott'm Forest,1761537600,0.0,0.03,no
top4,2025,Nott'm Forest,1761624000,0.0,0.03,no
top4,2025,Nott'm Forest,1761710400,0.0,0.03,no
top4,2025,Nott'm Forest,1761796800,0.0,0.03,no
top4,2025,Nott'm Forest,1761883200,0.0,0.03,no
top4,2025,Nott'm Forest,1761969600,0.0,0.03,no
top4,2025,Nott'm Forest,1762056000,0.0,0.03,no
top4,2025,Nott'm Forest,1762142400,0.0,0.03,no
top4,2025,Nott'm Forest,1762232400,0.0,0.03,no
top4,2025,Nott'm Forest,1762318800,0.0,0.03,no
top4,2025,Nott'm Forest,1762405200,0.0,0.03,no
top4,2025,Nott'm Forest,1762491600,0.0,0.03,no
top4,2025,Nott'm Forest,1762578000,0.0,0.03,no
top4,2025,Nott'm Forest,1762664400,0.0,0.03,no
top4,2025,Nott'm Forest,1762750800,0.0,0.03,no
top4,2025,Nott'm Forest,1762837200,0.0,0.03,no
top4,2025,Nott'm Forest,1762923600,0.0,0.03,no
top4,2025,Nott'm Forest,1763010000,0.0,0.03,no
top4,2025,Nott'm Forest,1763096400,0.0,0.03,no
top4,2025,Nott'm Forest,1763182800,0.0,0.03,no
top4,2025,Nott'm Forest,1763269200,0.0,0.03,no
top4,2025,Nott'm Forest,1763355600,0.0,0.03,no
top4,2025,Nott'm Forest,1763442000,0.0,0.03,no
top4,2025,Nott'm Forest,1763528400,0.0,0.03,no
top4,2025,Nott'm Forest,1763614800,0.0,0.03,no
top4,2025,Nott'm Forest,1763701200,0.0,0.03,no
top4,2025,Nott'm Forest,1763787600,0.0,0.03,no
top4,2025,Nott'm Forest,1763874000,0.0,0.03,no
top4,2025,Nott'm Forest,1763960400,0.0,0.05,no
top4,2025,Nott'm Forest,1764046800,0.0,0.05,no
top4,2025,Nott'm Forest,1764133200,0.0,0.05,no
top4,2025,Nott'm Forest,1764219600,0.0,0.03,no
top4,2025,Nott'm Forest,1764306000,0.0,0.03,no
top4,2025,Nott'm Forest,1764392400,0.0,0.03,no
top4,2025,Nott'm Forest,1764478800,0.0,0.03,no
top4,2025,Nott'm Forest,1764565200,0.0,0.03,no
top4,2025,Nott'm Forest,1764651600,0.0,0.03,no
top4,2025,Nott'm Forest,1764738000,0.0,0.04,no
top4,2025,Nott'm Forest,1764824400,0.0,0.04,no
top4,2025,Nott'm Forest,1764910800,0.0,0.03,no
top4,2025,Nott'm Forest,1764997200,0.0,0.03,no
top4,2025,Nott'm Forest,1765083600,0.0,0.95,no
top4,2025,Nott'm Forest,1765170000,0.0,0.05,no
top4,2025,Nott'm Forest,1765256400,0.0,0.05,no
top4,2025,Nott'm Forest,1765342800,0.0,0.03,no
top4,2025,Nott'm Forest,1765429200,0.0,0.03,no
top4,2025,Nott'm Forest,1765515600,0.0,0.05,no
top4,2025,Nott'm Forest,1765602000,0.0,0.03,no
top4,2025,Nott'm Forest,1765688400,0.0,0.05,no
top4,2025,Nott'm Forest,1765774800,0.0,0.05,no
top4,2025,Nott'm Forest,1765861200,0.0,0.05,no
top4,2025,Nott'm Forest,1765947600,0.0,0.05,no
top4,2025,Nott'm Forest,1766034000,0.0,0.05,no
top4,2025,Nott'm Forest,1766120400,0.0,0.05,no
top4,2025,Nott'm Forest,1766206800,0.0,0.05,no
top4,2025,Nott'm Forest,1766293200,0.0,0.05,no
top4,2025,Nott'm Forest,1766379600,0.0,0.03,no
top4,2025,Nott'm Forest,1766466000,0.0,0.02,no
top4,2025,Nott'm Forest,1766552400,0.0,0.02,no
top4,2025,Nott'm Forest,1766638800,0.0,0.02,no
top4,2025,Nott'm Forest,1766725200,0.0,0.02,no
top4,2025,Nott'm Forest,1766811600,0.0,0.02,no
top4,2025,Nott'm Forest,1766898000,0.0,0.02,no
top4,2025,Nott'm Forest,1766984400,0.0,0.02,no
top4,2025,Nott'm Forest,1767070800,0.0,0.02,no
top4,2025,Nott'm Forest,1767157200,0.0,0.02,no
top4,2025,Nott'm Forest,1767243600,0.0,0.02,no
top4,2025,Nott'm Forest,1767330000,0.0,0.02,no
top4,2025,Nott'm Forest,1767416400,0.0,0.02,no
top4,2025,Nott'm Forest,1767502800,0.0,0.02,no
top4,2025,Nott'm Forest,1767589200,0.0,0.02,no
top4,2025,Nott'm Forest,1767675600,0.0,0.02,no
top4,2025,Nott'm Forest,1767762000,0.0,0.02,no
top4,2025,Nott'm Forest,1767848400,0.0,0.02,no
top4,2025,Nott'm Forest,1767934800,0.0,0.02,no
top4,2025,Nott'm Forest,1768021200,0.0,0.02,no
top4,2025,Nott'm Forest,1768107600,0.0,0.02,no
top4,2025,Nott'm Forest,1768194000,0.0,0.02,no
top4,2025,Nott'm Forest,1768280400,0.0,0.02,no
top4,2025,Nott'm Forest,1768366800,0.0,0.02,no
top4,2025,Nott'm Forest,1768453200,0.0,0.02,no
top4,2025,Nott'm Forest,1768539600,0.0,0.02,no
top4,2025,Nott'm Forest,1768626000,0.0,0.02,no
top4,2025,Nott'm Forest,1768712400,0.0,0.02,no
top4,2025,Nott'm Forest,1768798800,0.0,0.02,no
top4,2025,Nott'm Forest,1768885200,0.0,0.02,no
top4,2025,Nott'm Forest,1768971600,0.0,0.02,no
top4,2025,Nott'm Forest,1769058000,0.0,0.02,no
top4,2025,Nott'm Forest,1769144400,0.0,0.02,no
top4,2025,Nott'm Forest,1769230800,0.0,0.02,no
top4,2025,Nott'm Forest,1769317200,0.0,0.02,no
top4,2025,Nott'm Forest,1769403600,0.0,0.02,no
top4,2025,Nott'm Forest,1769490000,0.0,0.02,no
top4,2025,Nott'm Forest,1769576400,0.0,0.02,no
top4,2025,Nott'm Forest,1769662800,0.0,0.02,no
top4,2025,Nott'm Forest,1769749200,0.0,0.02,no
top4,2025,Nott'm Forest,1769835600,0.0,0.02,no
top4,2025,Nott'm Forest,1769922000,0.0,0.02,no
top4,2025,Nott'm Forest,1770008400,0.0,0.02,no
top4,2025,Nott'm Forest,1770094800,0.0,0.02,no
top4,2025,Nott'm Forest,1770181200,0.0,0.02,no
top4,2025,Nott'm Forest,1770267600,0.0,0.02,no
top4,2025,Nott'm Forest,1770354000,0.0,0.02,no
top4,2025,Nott'm Forest,1770440400,0.0,0.02,no
top4,2025,Nott'm Forest,1770526800,0.0,0.02,no
top4,2025,Nott'm Forest,1770613200,0.0,0.02,no
top4,2025,Nott'm Forest,1770699600,0.0,0.02,no
top4,2025,Nott'm Forest,1770958800,0.0,0.02,no
top4,2025,Nott'm Forest,1771045200,0.0,0.02,no
top4,2025,Nott'm Forest,1771131600,0.0,0.01,no
top4,2025,Nott'm Forest,1771563600,0.0,0.01,no
top4,2025,Nott'm Forest,1771736400,0.0,0.01,no
top4,2025,Nott'm Forest,1773633600,0.0,0.01,no
top4,2025,Nott'm Forest,1776744000,0.0,0.01,no
top4,2025,Nott'm Forest,1777608000,0.0,0.01,no
top4,2025,Nott'm Forest,1777780800,0.0,0.01,no
top4,2025,Nott'm Forest,1777867200,0.0,0.04,no
top4,2025,Nott'm Forest,1777953600,0.0,0.01,no
top4,2025,Nott'm Forest,1778040000,0.0,0.01,no
top4,2025,Nott'm Forest,1778212800,0.0,0.01,no
top4,2025,Nott'm Forest,1778299200,0.0,0.01,no
top4,2025,Nott'm Forest,1778472000,0.0,0.01,no
top4,2025,Nott'm Forest,1778817600,0.0,0.01,no
top4,2025,Nott'm Forest,1778990400,0.0,0.01,no
top4,2025,Nott'm Forest,1779249600,0.0,0.01,no
top4,2025,Nott'm Forest,1779422400,0.0,0.01,no
top4,2025,Nott'm Forest,1779508800,0.0,0.01,no
top4,2025,Nott'm Forest,1779595200,0.0,0.01,no
top4,2025,Nott'm Forest,1779681600,0.0,1.0,no
top4,2025,Newcastle,1754712000,0.24,0.29,no
top4,2025,Newcastle,1754798400,0.24,0.29,no
top4,2025,Newcastle,1754884800,0.24,0.28,no
top4,2025,Newcastle,1754971200,0.24,0.28,no
top4,2025,Newcastle,1755057600,0.24,0.28,no
top4,2025,Newcastle,1755144000,0.24,0.29,no
top4,2025,Newcastle,1755230400,0.04,0.8,no
top4,2025,Newcastle,1755316800,0.17,0.21,no
top4,2025,Newcastle,1755403200,0.17,0.21,no
top4,2025,Newcastle,1755489600,0.18,0.23,no
top4,2025,Newcastle,1755576000,0.18,0.23,no
top4,2025,Newcastle,1755662400,0.19,0.22,no
top4,2025,Newcastle,1755748800,0.19,0.23,no
top4,2025,Newcastle,1755835200,0.19,0.24,no
top4,2025,Newcastle,1755921600,0.22,0.24,no
top4,2025,Newcastle,1756008000,0.21,0.24,no
top4,2025,Newcastle,1756094400,0.21,0.24,no
top4,2025,Newcastle,1756180800,0.16,0.22,no
top4,2025,Newcastle,1756267200,0.06,0.11,no
top4,2025,Newcastle,1756353600,0.1,0.11,no
top4,2025,Newcastle,1756440000,0.11,0.13,no
top4,2025,Newcastle,1756526400,0.12,0.13,no
top4,2025,Newcastle,1756612800,0.09,0.13,no
top4,2025,Newcastle,1756699200,0.1,0.14,no
top4,2025,Newcastle,1756785600,0.14,0.17,no
top4,2025,Newcastle,1756872000,0.14,0.16,no
top4,2025,Newcastle,1756958400,0.14,0.16,no
top4,2025,Newcastle,1757044800,0.14,0.16,no
top4,2025,Newcastle,1757131200,0.14,0.16,no
top4,2025,Newcastle,1757217600,0.14,0.16,no
top4,2025,Newcastle,1757304000,0.14,0.16,no
top4,2025,Newcastle,1757390400,0.14,0.16,no
top4,2025,Newcastle,1757476800,0.14,0.16,no
top4,2025,Newcastle,1757563200,0.14,0.16,no
top4,2025,Newcastle,1757649600,0.14,0.16,no
top4,2025,Newcastle,1757736000,0.15,0.16,no
top4,2025,Newcastle,1757822400,0.16,0.18,no
top4,2025,Newcastle,1757908800,0.16,0.17,no
top4,2025,Newcastle,1757995200,0.16,0.17,no
top4,2025,Newcastle,1758081600,0.16,0.17,no
top4,2025,Newcastle,1758168000,0.16,0.17,no
top4,2025,Newcastle,1758254400,0.16,0.17,no
top4,2025,Newcastle,1758340800,0.16,0.17,no
top4,2025,Newcastle,1758427200,0.18,0.21,no
top4,2025,Newcastle,1758513600,0.21,0.22,no
top4,2025,Newcastle,1758600000,0.21,0.22,no
top4,2025,Newcastle,1758686400,0.21,0.22,no
top4,2025,Newcastle,1758772800,0.21,0.22,no
top4,2025,Newcastle,1758859200,0.21,0.22,no
top4,2025,Newcastle,1758945600,0.21,0.22,no
top4,2025,Newcastle,1759032000,0.16,0.21,no
top4,2025,Newcastle,1759118400,0.14,0.22,no
top4,2025,Newcastle,1759204800,0.13,0.2,no
top4,2025,Newcastle,1759291200,0.11,0.2,no
top4,2025,Newcastle,1759377600,0.11,0.2,no
top4,2025,Newcastle,1759464000,0.11,0.2,no
top4,2025,Newcastle,1759550400,0.11,0.18,no
top4,2025,Newcastle,1759636800,0.11,0.35,no
top4,2025,Newcastle,1759723200,0.1,0.25,no
top4,2025,Newcastle,1759809600,0.12,0.22,no
top4,2025,Newcastle,1759896000,0.14,0.21,no
top4,2025,Newcastle,1759982400,0.15,0.18,no
top4,2025,Newcastle,1760068800,0.15,0.18,no
top4,2025,Newcastle,1760155200,0.15,0.18,no
top4,2025,Newcastle,1760241600,0.15,0.18,no
top4,2025,Newcastle,1760328000,0.15,0.18,no
top4,2025,Newcastle,1760414400,0.16,0.18,no
top4,2025,Newcastle,1760500800,0.16,0.18,no
top4,2025,Newcastle,1760587200,0.15,0.18,no
top4,2025,Newcastle,1760673600,0.15,0.18,no
top4,2025,Newcastle,1760760000,0.15,0.18,no
top4,2025,Newcastle,1760846400,0.15,0.17,no
top4,2025,Newcastle,1760932800,0.08,0.21,no
top4,2025,Newcastle,1761019200,0.15,0.21,no
top4,2025,Newcastle,1761105600,0.15,0.21,no
top4,2025,Newcastle,1761192000,0.16,0.18,no
top4,2025,Newcastle,1761278400,0.16,0.18,no
top4,2025,Newcastle,1761364800,0.16,0.18,no
top4,2025,Newcastle,1761451200,0.17,0.21,no
top4,2025,Newcastle,1761537600,0.17,0.21,no
top4,2025,Newcastle,1761624000,0.13,0.2,no
top4,2025,Newcastle,1761710400,0.12,0.21,no
top4,2025,Newcastle,1761796800,0.18,0.23,no
top4,2025,Newcastle,1761883200,0.2,0.26,no
top4,2025,Newcastle,1761969600,0.18,0.22,no
top4,2025,Newcastle,1762056000,0.18,0.27,no
top4,2025,Newcastle,1762142400,0.07,0.22,no
top4,2025,Newcastle,1762232400,0.1,0.15,no
top4,2025,Newcastle,1762318800,0.1,0.15,no
top4,2025,Newcastle,1762405200,0.1,0.15,no
top4,2025,Newcastle,1762491600,0.12,0.15,no
top4,2025,Newcastle,1762578000,0.12,0.15,no
top4,2025,Newcastle,1762664400,0.12,0.17,no
top4,2025,Newcastle,1762750800,0.01,0.26,no
top4,2025,Newcastle,1762837200,0.05,0.09,no
top4,2025,Newcastle,1762923600,0.05,0.09,no
top4,2025,Newcastle,1763010000,0.06,0.09,no
top4,2025,Newcastle,1763096400,0.07,0.09,no
top4,2025,Newcastle,1763182800,0.07,0.09,no
top4,2025,Newcastle,1763269200,0.07,0.09,no
top4,2025,Newcastle,1763355600,0.07,0.09,no
top4,2025,Newcastle,1763442000,0.07,0.09,no
top4,2025,Newcastle,1763528400,0.08,0.09,no
top4,2025,Newcastle,1763614800,0.08,0.09,no
top4,2025,Newcastle,1763701200,0.08,0.11,no
top4,2025,Newcastle,1763787600,0.08,0.09,no
top4,2025,Newcastle,1763874000,0.06,0.15,no
top4,2025,Newcastle,1763960400,0.07,0.15,no
top4,2025,Newcastle,1764046800,0.07,0.16,no
top4,2025,Newcastle,1764133200,0.07,0.17,no
top4,2025,Newcastle,1764219600,0.08,0.13,no
top4,2025,Newcastle,1764306000,0.08,0.13,no
top4,2025,Newcastle,1764392400,0.08,0.13,no
top4,2025,Newcastle,1764478800,0.13,0.18,no
top4,2025,Newcastle,1764565200,0.12,0.17,no
top4,2025,Newcastle,1764651600,0.13,0.17,no
top4,2025,Newcastle,1764738000,0.02,0.66,no
top4,2025,Newcastle,1764824400,0.1,0.19,no
top4,2025,Newcastle,1764910800,0.1,0.15,no
top4,2025,Newcastle,1764997200,0.1,0.15,no
top4,2025,Newcastle,1765083600,0.02,0.29,no
top4,2025,Newcastle,1765170000,0.11,0.18,no
top4,2025,Newcastle,1765256400,0.1,0.27,no
top4,2025,Newcastle,1765342800,0.1,0.14,no
top4,2025,Newcastle,1765429200,0.1,0.14,no
top4,2025,Newcastle,1765515600,0.11,0.24,no
top4,2025,Newcastle,1765602000,0.11,0.16,no
top4,2025,Newcastle,1765688400,0.11,0.22,no
top4,2025,Newcastle,1765774800,0.0,0.26,no
top4,2025,Newcastle,1765861200,0.05,0.19,no
top4,2025,Newcastle,1765947600,0.06,0.19,no
top4,2025,Newcastle,1766034000,0.06,0.18,no
top4,2025,Newcastle,1766120400,0.06,0.17,no
top4,2025,Newcastle,1766206800,0.06,0.17,no
top4,2025,Newcastle,1766293200,0.04,0.16,no
top4,2025,Newcastle,1766379600,0.03,0.06,no
top4,2025,Newcastle,1766466000,0.03,0.06,no
top4,2025,Newcastle,1766552400,0.03,0.08,no
top4,2025,Newcastle,1766638800,0.03,0.08,no
top4,2025,Newcastle,1766725200,0.03,0.08,no
top4,2025,Newcastle,1766811600,0.02,0.05,no
top4,2025,Newcastle,1766898000,0.04,0.08,no
top4,2025,Newcastle,1766984400,0.05,0.12,no
top4,2025,Newcastle,1767070800,0.03,0.09,no
top4,2025,Newcastle,1767157200,0.03,0.08,no
top4,2025,Newcastle,1767243600,0.03,0.08,no
top4,2025,Newcastle,1767330000,0.04,0.09,no
top4,2025,Newcastle,1767416400,0.05,0.09,no
top4,2025,Newcastle,1767502800,0.05,0.09,no
top4,2025,Newcastle,1767589200,0.07,0.1,no
top4,2025,Newcastle,1767675600,0.06,0.1,no
top4,2025,Newcastle,1767762000,0.09,0.11,no
top4,2025,Newcastle,1767848400,0.11,0.15,no
top4,2025,Newcastle,1767934800,0.11,0.16,no
top4,2025,Newcastle,1768021200,0.11,0.16,no
top4,2025,Newcastle,1768107600,0.11,0.16,no
top4,2025,Newcastle,1768194000,0.12,0.16,no
top4,2025,Newcastle,1768280400,0.11,0.16,no
top4,2025,Newcastle,1768366800,0.11,0.16,no
top4,2025,Newcastle,1768453200,0.11,0.16,no
top4,2025,Newcastle,1768539600,0.11,0.16,no
top4,2025,Newcastle,1768626000,0.11,0.16,no
top4,2025,Newcastle,1768712400,0.13,0.15,no
top4,2025,Newcastle,1768798800,0.12,0.16,no
top4,2025,Newcastle,1768885200,0.12,0.13,no
top4,2025,Newcastle,1768971600,0.12,0.13,no
top4,2025,Newcastle,1769058000,0.12,0.14,no
top4,2025,Newcastle,1769144400,0.12,0.14,no
top4,2025,Newcastle,1769230800,0.12,0.14,no
top4,2025,Newcastle,1769317200,0.12,0.15,no
top4,2025,Newcastle,1769403600,0.05,0.08,no
top4,2025,Newcastle,1769490000,0.05,0.07,no
top4,2025,Newcastle,1769576400,0.05,0.07,no
top4,2025,Newcastle,1769662800,0.05,0.07,no
top4,2025,Newcastle,1769749200,0.06,0.07,no
top4,2025,Newcastle,1769835600,0.06,0.07,no
top4,2025,Newcastle,1769922000,0.0,0.1,no
top4,2025,Newcastle,1770008400,0.02,0.09,no
top4,2025,Newcastle,1770094800,0.02,0.05,no
top4,2025,Newcastle,1770181200,0.02,0.05,no
top4,2025,Newcastle,1770267600,0.02,0.05,no
top4,2025,Newcastle,1770354000,0.02,0.05,no
top4,2025,Newcastle,1770440400,0.02,0.05,no
top4,2025,Newcastle,1770526800,0.0,0.04,no
top4,2025,Newcastle,1770613200,0.02,0.06,no
top4,2025,Newcastle,1770699600,0.0,0.05,no
top4,2025,Newcastle,1770958800,0.0,0.05,no
top4,2025,Newcastle,1771045200,0.0,0.06,no
top4,2025,Newcastle,1771218000,0.0,0.06,no
top4,2025,Newcastle,1771304400,0.0,0.05,no
top4,2025,Newcastle,1771390800,0.0,0.05,no
top4,2025,Newcastle,1771477200,0.0,0.05,no
top4,2025,Newcastle,1771563600,0.0,0.05,no
top4,2025,Newcastle,1771650000,0.0,0.05,no
top4,2025,Newcastle,1771736400,0.0,0.06,no
top4,2025,Newcastle,1771822800,0.0,0.06,no
top4,2025,Newcastle,1771909200,0.0,0.06,no
top4,2025,Newcastle,1771995600,0.0,0.06,no
top4,2025,Newcastle,1772082000,0.0,0.06,no
top4,2025,Newcastle,1772168400,0.0,0.05,no
top4,2025,Newcastle,1772254800,0.0,0.05,no
top4,2025,Newcastle,1772341200,0.0,0.04,no
top4,2025,Newcastle,1772427600,0.0,0.04,no
top4,2025,Newcastle,1772514000,0.0,0.04,no
top4,2025,Newcastle,1772686800,0.0,0.04,no
top4,2025,Newcastle,1772773200,0.0,0.04,no
top4,2025,Newcastle,1772859600,0.0,0.04,no
top4,2025,Newcastle,1772946000,0.0,0.04,no
top4,2025,Newcastle,1773032400,0.0,0.04,no
top4,2025,Newcastle,1773115200,0.0,0.04,no
top4,2025,Newcastle,1773201600,0.0,0.04,no
top4,2025,Newcastle,1773288000,0.0,0.05,no
top4,2025,Newcastle,1773374400,0.0,0.05,no
top4,2025,Newcastle,1773460800,0.0,0.04,no
top4,2025,Newcastle,1773547200,0.0,0.05,no
top4,2025,Newcastle,1773633600,0.0,0.04,no
top4,2025,Newcastle,1773720000,0.0,0.04,no
top4,2025,Newcastle,1773806400,0.0,0.04,no
top4,2025,Newcastle,1773892800,0.0,0.04,no
top4,2025,Newcastle,1773979200,0.0,0.04,no
top4,2025,Newcastle,1774065600,0.0,0.04,no
top4,2025,Newcastle,1774152000,0.02,0.04,no
top4,2025,Newcastle,1774238400,0.0,0.04,no
top4,2025,Newcastle,1774324800,0.0,0.04,no
top4,2025,Newcastle,1774411200,0.0,0.04,no
top4,2025,Newcastle,1774497600,0.0,0.04,no
top4,2025,Newcastle,1774584000,0.0,0.04,no
top4,2025,Newcastle,1774670400,0.0,0.04,no
top4,2025,Newcastle,1774756800,0.0,0.04,no
top4,2025,Newcastle,1774843200,0.0,0.03,no
top4,2025,Newcastle,1774929600,0.0,0.03,no
top4,2025,Newcastle,1775016000,0.0,0.03,no
top4,2025,Newcastle,1775102400,0.0,0.04,no
top4,2025,Newcastle,1775188800,0.0,0.04,no
top4,2025,Newcastle,1775275200,0.0,0.04,no
top4,2025,Newcastle,1775361600,0.0,0.04,no
top4,2025,Newcastle,1775448000,0.0,0.04,no
top4,2025,Newcastle,1775534400,0.0,0.04,no
top4,2025,Newcastle,1775620800,0.0,0.05,no
top4,2025,Newcastle,1775707200,0.0,0.04,no
top4,2025,Newcastle,1775793600,0.0,0.04,no
top4,2025,Newcastle,1775880000,0.0,0.04,no
top4,2025,Newcastle,1775966400,0.0,0.04,no
top4,2025,Newcastle,1776052800,0.0,0.05,no
top4,2025,Newcastle,1776139200,0.0,0.05,no
top4,2025,Newcastle,1776225600,0.0,0.04,no
top4,2025,Newcastle,1776312000,0.0,0.01,no
top4,2025,Newcastle,1776484800,0.0,0.04,no
top4,2025,Newcastle,1776571200,0.0,0.04,no
top4,2025,Newcastle,1776657600,0.0,0.05,no
top4,2025,Newcastle,1776744000,0.0,0.09,no
top4,2025,Newcastle,1776830400,0.0,0.09,no
top4,2025,Newcastle,1776916800,0.0,0.02,no
top4,2025,Newcastle,1777003200,0.0,0.02,no
top4,2025,Newcastle,1777608000,0.0,0.01,no
top4,2025,Newcastle,1777694400,0.0,0.01,no
top4,2025,Newcastle,1777780800,0.0,0.09,no
top4,2025,Newcastle,1777867200,0.0,0.02,no
top4,2025,Newcastle,1777953600,0.0,0.01,no
top4,2025,Newcastle,1778472000,0.0,0.01,no
top4,2025,Newcastle,1778990400,0.0,0.01,no
top4,2025,Newcastle,1779508800,0.0,0.01,no
top4,2025,Newcastle,1779595200,0.0,0.01,no
top4,2025,Newcastle,1779681600,0.0,1.0,no
top4,2025,Man United,1754712000,0.18,0.23,yes
top4,2025,Man United,1754798400,0.18,0.23,yes
top4,2025,Man United,1754884800,0.18,0.23,yes
top4,2025,Man United,1754971200,0.19,0.22,yes
top4,2025,Man United,1755057600,0.2,0.22,yes
top4,2025,Man United,1755144000,0.2,0.24,yes
top4,2025,Man United,1755230400,0.23,0.33,yes
top4,2025,Man United,1755316800,0.22,0.24,yes
top4,2025,Man United,1755403200,0.2,0.24,yes
top4,2025,Man United,1755489600,0.2,0.22,yes
top4,2025,Man United,1755576000,0.2,0.23,yes
top4,2025,Man United,1755662400,0.2,0.21,yes
top4,2025,Man United,1755748800,0.23,0.24,yes
top4,2025,Man United,1755835200,0.21,0.24,yes
top4,2025,Man United,1755921600,0.22,0.24,yes
top4,2025,Man United,1756008000,0.22,0.27,yes
top4,2025,Man United,1756094400,0.21,0.24,yes
top4,2025,Man United,1756180800,0.21,0.22,yes
top4,2025,Man United,1756267200,0.14,0.18,yes
top4,2025,Man United,1756353600,0.16,0.18,yes
top4,2025,Man United,1756440000,0.14,0.18,yes
top4,2025,Man United,1756526400,0.14,0.18,yes
top4,2025,Man United,1756612800,0.15,0.2,yes
top4,2025,Man United,1756699200,0.16,0.21,yes
top4,2025,Man United,1756785600,0.17,0.2,yes
top4,2025,Man United,1756872000,0.17,0.19,yes
top4,2025,Man United,1756958400,0.17,0.2,yes
top4,2025,Man United,1757044800,0.18,0.19,yes
top4,2025,Man United,1757131200,0.18,0.19,yes
top4,2025,Man United,1757217600,0.18,0.19,yes
top4,2025,Man United,1757304000,0.18,0.19,yes
top4,2025,Man United,1757390400,0.18,0.19,yes
top4,2025,Man United,1757476800,0.18,0.19,yes
top4,2025,Man United,1757563200,0.18,0.19,yes
top4,2025,Man United,1757649600,0.18,0.2,yes
top4,2025,Man United,1757736000,0.18,0.2,yes
top4,2025,Man United,1757822400,0.18,0.2,yes
top4,2025,Man United,1757908800,0.18,0.19,yes
top4,2025,Man United,1757995200,0.18,0.19,yes
top4,2025,Man United,1758081600,0.18,0.19,yes
top4,2025,Man United,1758168000,0.18,0.19,yes
top4,2025,Man United,1758254400,0.18,0.19,yes
top4,2025,Man United,1758340800,0.18,0.19,yes
top4,2025,Man United,1758427200,0.17,0.19,yes
top4,2025,Man United,1758513600,0.21,0.22,yes
top4,2025,Man United,1758600000,0.21,0.22,yes
top4,2025,Man United,1758686400,0.21,0.22,yes
top4,2025,Man United,1758772800,0.21,0.23,yes
top4,2025,Man United,1758859200,0.21,0.23,yes
top4,2025,Man United,1758945600,0.21,0.23,yes
top4,2025,Man United,1759032000,0.1,0.18,yes
top4,2025,Man United,1759118400,0.1,0.15,yes
top4,2025,Man United,1759204800,0.1,0.14,yes
top4,2025,Man United,1759291200,0.04,0.12,yes
top4,2025,Man United,1759377600,0.07,0.09,yes
top4,2025,Man United,1759464000,0.05,0.09,yes
top4,2025,Man United,1759550400,0.05,0.14,yes
top4,2025,Man United,1759636800,0.02,0.16,yes
top4,2025,Man United,1759723200,0.06,0.18,yes
top4,2025,Man United,1759809600,0.07,0.19,yes
top4,2025,Man United,1759896000,0.13,0.18,yes
top4,2025,Man United,1759982400,0.13,0.18,yes
top4,2025,Man United,1760068800,0.14,0.19,yes
top4,2025,Man United,1760155200,0.13,0.17,yes
top4,2025,Man United,1760241600,0.13,0.17,yes
top4,2025,Man United,1760328000,0.13,0.17,yes
top4,2025,Man United,1760414400,0.15,0.17,yes
top4,2025,Man United,1760500800,0.15,0.17,yes
top4,2025,Man United,1760587200,0.15,0.18,yes
top4,2025,Man United,1760673600,0.16,0.19,yes
top4,2025,Man United,1760760000,0.16,0.19,yes
top4,2025,Man United,1760846400,0.15,0.18,yes
top4,2025,Man United,1760932800,0.11,0.24,yes
top4,2025,Man United,1761019200,0.14,0.24,yes
top4,2025,Man United,1761105600,0.17,0.21,yes
top4,2025,Man United,1761192000,0.2,0.22,yes
top4,2025,Man United,1761278400,0.19,0.21,yes
top4,2025,Man United,1761364800,0.19,0.2,yes
top4,2025,Man United,1761451200,0.29,0.44,yes
top4,2025,Man United,1761537600,0.29,0.33,yes
top4,2025,Man United,1761624000,0.3,0.34,yes
top4,2025,Man United,1761710400,0.29,0.33,yes
top4,2025,Man United,1761796800,0.3,0.33,yes
top4,2025,Man United,1761883200,0.31,0.32,yes
top4,2025,Man United,1761969600,0.3,0.32,yes
top4,2025,Man United,1762056000,0.27,0.37,yes
top4,2025,Man United,1762142400,0.26,0.31,yes
top4,2025,Man United,1762232400,0.26,0.31,yes
top4,2025,Man United,1762318800,0.26,0.31,yes
top4,2025,Man United,1762405200,0.26,0.3,yes
top4,2025,Man United,1762491600,0.26,0.3,yes
top4,2025,Man United,1762578000,0.26,0.28,yes
top4,2025,Man United,1762664400,0.24,0.31,yes
top4,2025,Man United,1762750800,0.26,0.42,yes
top4,2025,Man United,1762837200,0.27,0.3,yes
top4,2025,Man United,1762923600,0.27,0.29,yes
top4,2025,Man United,1763010000,0.27,0.3,yes
top4,2025,Man United,1763096400,0.27,0.3,yes
top4,2025,Man United,1763182800,0.27,0.3,yes
top4,2025,Man United,1763269200,0.27,0.3,yes
top4,2025,Man United,1763355600,0.27,0.3,yes
top4,2025,Man United,1763442000,0.27,0.3,yes
top4,2025,Man United,1763528400,0.27,0.3,yes
top4,2025,Man United,1763614800,0.27,0.3,yes
top4,2025,Man United,1763701200,0.27,0.31,yes
top4,2025,Man United,1763787600,0.27,0.32,yes
top4,2025,Man United,1763874000,0.23,0.32,yes
top4,2025,Man United,1763960400,0.25,0.31,yes
top4,2025,Man United,1764046800,0.2,0.25,yes
top4,2025,Man United,1764133200,0.19,0.24,yes
top4,2025,Man United,1764219600,0.19,0.24,yes
top4,2025,Man United,1764306000,0.2,0.24,yes
top4,2025,Man United,1764392400,0.19,0.22,yes
top4,2025,Man United,1764478800,0.15,0.2,yes
top4,2025,Man United,1764565200,0.21,0.24,yes
top4,2025,Man United,1764651600,0.19,0.24,yes
top4,2025,Man United,1764738000,0.19,0.24,yes
top4,2025,Man United,1764824400,0.23,0.3,yes
top4,2025,Man United,1764910800,0.21,0.22,yes
top4,2025,Man United,1764997200,0.22,0.23,yes
top4,2025,Man United,1765083600,0.19,0.24,yes
top4,2025,Man United,1765170000,0.18,0.26,yes
top4,2025,Man United,1765256400,0.19,0.25,yes
top4,2025,Man United,1765342800,0.23,0.26,yes
top4,2025,Man United,1765429200,0.23,0.26,yes
top4,2025,Man United,1765515600,0.24,0.26,yes
top4,2025,Man United,1765602000,0.23,0.26,yes
top4,2025,Man United,1765688400,0.25,0.3,yes
top4,2025,Man United,1765774800,0.21,0.28,yes
top4,2025,Man United,1765861200,0.21,0.28,yes
top4,2025,Man United,1765947600,0.21,0.28,yes
top4,2025,Man United,1766034000,0.21,0.28,yes
top4,2025,Man United,1766120400,0.22,0.27,yes
top4,2025,Man United,1766206800,0.21,0.28,yes
top4,2025,Man United,1766293200,0.19,0.29,yes
top4,2025,Man United,1766379600,0.17,0.19,yes
top4,2025,Man United,1766466000,0.17,0.18,yes
top4,2025,Man United,1766552400,0.17,0.19,yes
top4,2025,Man United,1766638800,0.17,0.19,yes
top4,2025,Man United,1766725200,0.17,0.19,yes
top4,2025,Man United,1766811600,0.2,0.24,yes
top4,2025,Man United,1766898000,0.26,0.27,yes
top4,2025,Man United,1766984400,0.21,0.26,yes
top4,2025,Man United,1767070800,0.2,0.26,yes
top4,2025,Man United,1767157200,0.18,0.2,yes
top4,2025,Man United,1767243600,0.15,0.2,yes
top4,2025,Man United,1767330000,0.17,0.2,yes
top4,2025,Man United,1767416400,0.15,0.19,yes
top4,2025,Man United,1767502800,0.15,0.2,yes
top4,2025,Man United,1767589200,0.17,0.18,yes
top4,2025,Man United,1767675600,0.16,0.19,yes
top4,2025,Man United,1767762000,0.15,0.19,yes
top4,2025,Man United,1767848400,0.11,0.14,yes
top4,2025,Man United,1767934800,0.11,0.15,yes
top4,2025,Man United,1768021200,0.11,0.16,yes
top4,2025,Man United,1768107600,0.11,0.16,yes
top4,2025,Man United,1768194000,0.13,0.18,yes
top4,2025,Man United,1768280400,0.1,0.13,yes
top4,2025,Man United,1768366800,0.12,0.15,yes
top4,2025,Man United,1768453200,0.11,0.15,yes
top4,2025,Man United,1768539600,0.11,0.16,yes
top4,2025,Man United,1768626000,0.11,0.15,yes
top4,2025,Man United,1768712400,0.26,0.28,yes
top4,2025,Man United,1768798800,0.25,0.28,yes
top4,2025,Man United,1768885200,0.25,0.28,yes
top4,2025,Man United,1768971600,0.26,0.29,yes
top4,2025,Man United,1769058000,0.28,0.29,yes
top4,2025,Man United,1769144400,0.28,0.29,yes
top4,2025,Man United,1769230800,0.29,0.3,yes
top4,2025,Man United,1769317200,0.26,0.31,yes
top4,2025,Man United,1769403600,0.42,0.44,yes
top4,2025,Man United,1769490000,0.44,0.45,yes
top4,2025,Man United,1769576400,0.4,0.43,yes
top4,2025,Man United,1769662800,0.41,0.44,yes
top4,2025,Man United,1769749200,0.41,0.44,yes
top4,2025,Man United,1769835600,0.38,0.39,yes
top4,2025,Man United,1769922000,0.38,0.42,yes
top4,2025,Man United,1770008400,0.49,0.5,yes
top4,2025,Man United,1770094800,0.46,0.48,yes
top4,2025,Man United,1770181200,0.46,0.49,yes
top4,2025,Man United,1770267600,0.43,0.48,yes
top4,2025,Man United,1770354000,0.43,0.48,yes
top4,2025,Man United,1770440400,0.43,0.48,yes
top4,2025,Man United,1770526800,0.5,0.53,yes
top4,2025,Man United,1770613200,0.56,0.59,yes
top4,2025,Man United,1770699600,0.55,0.6,yes
top4,2025,Man United,1770786000,0.53,0.55,yes
top4,2025,Man United,1770872400,0.52,0.54,yes
top4,2025,Man United,1770958800,0.46,0.5,yes
top4,2025,Man United,1771045200,0.48,0.51,yes
top4,2025,Man United,1771131600,0.52,0.57,yes
top4,2025,Man United,1771218000,0.49,0.53,yes
top4,2025,Man United,1771304400,0.49,0.51,yes
top4,2025,Man United,1771390800,0.5,0.52,yes
top4,2025,Man United,1771477200,0.48,0.52,yes
top4,2025,Man United,1771563600,0.47,0.5,yes
top4,2025,Man United,1771650000,0.48,0.49,yes
top4,2025,Man United,1771736400,0.51,0.55,yes
top4,2025,Man United,1771822800,0.45,0.52,yes
top4,2025,Man United,1771909200,0.57,0.59,yes
top4,2025,Man United,1771995600,0.6,0.61,yes
top4,2025,Man United,1772082000,0.59,0.6,yes
top4,2025,Man United,1772168400,0.59,0.61,yes
top4,2025,Man United,1772254800,0.64,0.66,yes
top4,2025,Man United,1772341200,0.66,0.67,yes
top4,2025,Man United,1772427600,0.74,0.76,yes
top4,2025,Man United,1772514000,0.76,0.77,yes
top4,2025,Man United,1772600400,0.79,0.84,yes
top4,2025,Man United,1772686800,0.73,0.75,yes
top4,2025,Man United,1772773200,0.71,0.73,yes
top4,2025,Man United,1772859600,0.72,0.73,yes
top4,2025,Man United,1772946000,0.71,0.72,yes
top4,2025,Man United,1773032400,0.69,0.72,yes
top4,2025,Man United,1773115200,0.69,0.72,yes
top4,2025,Man United,1773201600,0.69,0.72,yes
top4,2025,Man United,1773288000,0.69,0.73,yes
top4,2025,Man United,1773374400,0.67,0.73,yes
top4,2025,Man United,1773460800,0.69,0.71,yes
top4,2025,Man United,1773547200,0.69,0.74,yes
top4,2025,Man United,1773633600,0.82,0.83,yes
top4,2025,Man United,1773720000,0.82,0.83,yes
top4,2025,Man United,1773806400,0.82,0.83,yes
top4,2025,Man United,1773892800,0.83,0.85,yes
top4,2025,Man United,1773979200,0.81,0.84,yes
top4,2025,Man United,1774065600,0.82,0.84,yes
top4,2025,Man United,1774152000,0.87,0.88,yes
top4,2025,Man United,1774238400,0.86,0.88,yes
top4,2025,Man United,1774324800,0.86,0.87,yes
top4,2025,Man United,1774411200,0.86,0.87,yes
top4,2025,Man United,1774497600,0.85,0.87,yes
top4,2025,Man United,1774584000,0.86,0.87,yes
top4,2025,Man United,1774670400,0.85,0.87,yes
top4,2025,Man United,1774756800,0.85,0.87,yes
top4,2025,Man United,1774843200,0.85,0.87,yes
top4,2025,Man United,1774929600,0.85,0.87,yes
top4,2025,Man United,1775016000,0.86,0.87,yes
top4,2025,Man United,1775102400,0.85,0.87,yes
top4,2025,Man United,1775188800,0.85,0.87,yes
top4,2025,Man United,1775275200,0.85,0.87,yes
top4,2025,Man United,1775361600,0.86,0.87,yes
top4,2025,Man United,1775448000,0.85,0.88,yes
top4,2025,Man United,1775534400,0.86,0.87,yes
top4,2025,Man United,1775620800,0.86,0.88,yes
top4,2025,Man United,1775707200,0.86,0.87,yes
top4,2025,Man United,1775793600,0.86,0.87,yes
top4,2025,Man United,1775880000,0.85,0.87,yes
top4,2025,Man United,1775966400,0.86,0.88,yes
top4,2025,Man United,1776052800,0.86,0.88,yes
top4,2025,Man United,1776139200,0.82,0.85,yes
top4,2025,Man United,1776225600,0.74,0.75,yes
top4,2025,Man United,1776312000,0.74,0.76,yes
top4,2025,Man United,1776398400,0.74,0.75,yes
top4,2025,Man United,1776484800,0.74,0.75,yes
top4,2025,Man United,1776571200,0.86,0.9,yes
top4,2025,Man United,1776657600,0.83,0.86,yes
top4,2025,Man United,1776744000,0.84,0.87,yes
top4,2025,Man United,1776830400,0.81,0.87,yes
top4,2025,Man United,1776916800,0.85,0.88,yes
top4,2025,Man United,1777003200,0.84,0.85,yes
top4,2025,Man United,1777089600,0.85,0.86,yes
top4,2025,Man United,1777176000,0.84,0.87,yes
top4,2025,Man United,1777262400,0.87,0.88,yes
top4,2025,Man United,1777348800,0.91,0.93,yes
top4,2025,Man United,1777435200,0.91,0.93,yes
top4,2025,Man United,1777521600,0.92,0.94,yes
top4,2025,Man United,1777608000,0.92,0.93,yes
top4,2025,Man United,1777694400,0.91,0.93,yes
top4,2025,Man United,1777780800,0.91,0.94,yes
top4,2025,Man United,1777867200,0.96,0.99,yes
top4,2025,Man United,1777953600,0.97,0.99,yes
top4,2025,Man United,1778040000,0.94,0.98,yes
top4,2025,Man United,1778126400,0.94,0.99,yes
top4,2025,Man United,1778212800,0.96,1.0,yes
top4,2025,Man United,1778299200,0.96,1.0,yes
top4,2025,Man United,1778385600,0.94,1.0,yes
top4,2025,Man United,1778472000,0.98,1.0,yes
top4,2025,Man United,1778558400,0.98,1.0,yes
top4,2025,Man United,1778644800,0.98,1.0,yes
top4,2025,Man United,1778731200,0.98,1.0,yes
top4,2025,Man United,1778817600,0.98,1.0,yes
top4,2025,Man United,1778904000,0.93,1.0,yes
top4,2025,Man United,1778990400,0.95,1.0,yes
top4,2025,Man United,1779076800,0.99,1.0,yes
top4,2025,Man United,1779163200,0.99,1.0,yes
top4,2025,Man United,1779249600,0.97,1.0,yes
top4,2025,Man United,1779336000,0.97,1.0,yes
top4,2025,Man United,1779422400,0.99,1.0,yes
top4,2025,Man United,1779508800,0.99,1.0,yes
top4,2025,Man United,1779595200,0.99,1.0,yes
top4,2025,Man United,1779681600,0.0,1.0,yes
top4,2025,Man City,1754712000,0.72,0.77,yes
top4,2025,Man City,1754798400,0.72,0.77,yes
top4,2025,Man City,1754884800,0.75,0.77,yes
top4,2025,Man City,1754971200,0.75,0.78,yes
top4,2025,Man City,1755057600,0.78,0.79,yes
top4,2025,Man City,1755144000,0.75,0.79,yes
top4,2025,Man City,1755230400,0.78,0.8,yes
top4,2025,Man City,1755316800,0.79,0.8,yes
top4,2025,Man City,1755403200,0.78,0.82,yes
top4,2025,Man City,1755489600,0.79,0.82,yes
top4,2025,Man City,1755576000,0.81,0.85,yes
top4,2025,Man City,1755662400,0.79,0.81,yes
top4,2025,Man City,1755748800,0.82,0.83,yes
top4,2025,Man City,1755835200,0.8,0.84,yes
top4,2025,Man City,1755921600,0.8,0.81,yes
top4,2025,Man City,1756008000,0.77,0.81,yes
top4,2025,Man City,1756094400,0.76,0.81,yes
top4,2025,Man City,1756180800,0.77,0.82,yes
top4,2025,Man City,1756267200,0.7,0.75,yes
top4,2025,Man City,1756353600,0.71,0.76,yes
top4,2025,Man City,1756440000,0.71,0.75,yes
top4,2025,Man City,1756526400,0.71,0.75,yes
top4,2025,Man City,1756612800,0.75,0.8,yes
top4,2025,Man City,1756699200,0.74,0.79,yes
top4,2025,Man City,1756785600,0.7,0.73,yes
top4,2025,Man City,1756872000,0.7,0.73,yes
top4,2025,Man City,1756958400,0.7,0.73,yes
top4,2025,Man City,1757044800,0.7,0.73,yes
top4,2025,Man City,1757131200,0.7,0.73,yes
top4,2025,Man City,1757217600,0.7,0.73,yes
top4,2025,Man City,1757304000,0.7,0.73,yes
top4,2025,Man City,1757390400,0.7,0.73,yes
top4,2025,Man City,1757476800,0.7,0.73,yes
top4,2025,Man City,1757563200,0.7,0.73,yes
top4,2025,Man City,1757649600,0.7,0.73,yes
top4,2025,Man City,1757736000,0.71,0.73,yes
top4,2025,Man City,1757822400,0.71,0.73,yes
top4,2025,Man City,1757908800,0.7,0.73,yes
top4,2025,Man City,1757995200,0.7,0.72,yes
top4,2025,Man City,1758081600,0.7,0.71,yes
top4,2025,Man City,1758168000,0.7,0.73,yes
top4,2025,Man City,1758254400,0.7,0.72,yes
top4,2025,Man City,1758340800,0.7,0.72,yes
top4,2025,Man City,1758427200,0.7,0.71,yes
top4,2025,Man City,1758513600,0.7,0.72,yes
top4,2025,Man City,1758600000,0.71,0.72,yes
top4,2025,Man City,1758686400,0.7,0.72,yes
top4,2025,Man City,1758772800,0.7,0.72,yes
top4,2025,Man City,1758859200,0.71,0.72,yes
top4,2025,Man City,1758945600,0.71,0.72,yes
top4,2025,Man City,1759032000,0.72,0.88,yes
top4,2025,Man City,1759118400,0.78,0.88,yes
top4,2025,Man City,1759204800,0.78,0.88,yes
top4,2025,Man City,1759291200,0.81,0.86,yes
top4,2025,Man City,1759377600,0.72,0.87,yes
top4,2025,Man City,1759464000,0.74,0.86,yes
top4,2025,Man City,1759550400,0.69,0.88,yes
top4,2025,Man City,1759636800,0.71,0.87,yes
top4,2025,Man City,1759723200,0.77,0.84,yes
top4,2025,Man City,1759809600,0.75,0.83,yes
top4,2025,Man City,1759896000,0.76,0.91,yes
top4,2025,Man City,1759982400,0.8,0.83,yes
top4,2025,Man City,1760068800,0.8,0.83,yes
top4,2025,Man City,1760155200,0.8,0.83,yes
top4,2025,Man City,1760241600,0.8,0.83,yes
top4,2025,Man City,1760328000,0.8,0.83,yes
top4,2025,Man City,1760414400,0.81,0.83,yes
top4,2025,Man City,1760500800,0.8,0.83,yes
top4,2025,Man City,1760587200,0.8,0.83,yes
top4,2025,Man City,1760673600,0.8,0.83,yes
top4,2025,Man City,1760760000,0.8,0.83,yes
top4,2025,Man City,1760846400,0.8,0.83,yes
top4,2025,Man City,1760932800,0.77,0.82,yes
top4,2025,Man City,1761019200,0.8,0.83,yes
top4,2025,Man City,1761105600,0.8,0.83,yes
top4,2025,Man City,1761192000,0.81,0.87,yes
top4,2025,Man City,1761278400,0.82,0.86,yes
top4,2025,Man City,1761364800,0.82,0.87,yes
top4,2025,Man City,1761451200,0.82,0.87,yes
top4,2025,Man City,1761537600,0.75,0.91,yes
top4,2025,Man City,1761624000,0.77,0.89,yes
top4,2025,Man City,1761710400,0.77,0.88,yes
top4,2025,Man City,1761796800,0.77,0.88,yes
top4,2025,Man City,1761883200,0.79,0.87,yes
top4,2025,Man City,1761969600,0.8,0.85,yes
top4,2025,Man City,1762056000,0.6,0.92,yes
top4,2025,Man City,1762142400,0.71,0.93,yes
top4,2025,Man City,1762232400,0.86,0.91,yes
top4,2025,Man City,1762318800,0.86,0.9,yes
top4,2025,Man City,1762405200,0.86,0.9,yes
top4,2025,Man City,1762491600,0.86,0.88,yes
top4,2025,Man City,1762578000,0.86,0.88,yes
top4,2025,Man City,1762664400,0.67,0.88,yes
top4,2025,Man City,1762750800,0.79,0.93,yes
top4,2025,Man City,1762837200,0.9,0.94,yes
top4,2025,Man City,1762923600,0.87,0.94,yes
top4,2025,Man City,1763010000,0.88,0.89,yes
top4,2025,Man City,1763096400,0.88,0.9,yes
top4,2025,Man City,1763182800,0.88,0.92,yes
top4,2025,Man City,1763269200,0.88,0.92,yes
top4,2025,Man City,1763355600,0.89,0.92,yes
top4,2025,Man City,1763442000,0.89,0.92,yes
top4,2025,Man City,1763528400,0.89,0.92,yes
top4,2025,Man City,1763614800,0.89,0.92,yes
top4,2025,Man City,1763701200,0.89,0.92,yes
top4,2025,Man City,1763787600,0.89,0.92,yes
top4,2025,Man City,1763874000,0.84,0.91,yes
top4,2025,Man City,1763960400,0.83,0.91,yes
top4,2025,Man City,1764046800,0.84,0.93,yes
top4,2025,Man City,1764133200,0.83,0.94,yes
top4,2025,Man City,1764219600,0.87,0.92,yes
top4,2025,Man City,1764306000,0.87,0.92,yes
top4,2025,Man City,1764392400,0.87,0.91,yes
top4,2025,Man City,1764478800,0.89,0.91,yes
top4,2025,Man City,1764565200,0.88,0.91,yes
top4,2025,Man City,1764651600,0.88,0.91,yes
top4,2025,Man City,1764738000,0.88,0.91,yes
top4,2025,Man City,1764824400,0.86,0.97,yes
top4,2025,Man City,1764910800,0.9,0.95,yes
top4,2025,Man City,1764997200,0.9,0.95,yes
top4,2025,Man City,1765083600,0.91,0.97,yes
top4,2025,Man City,1765170000,0.87,0.96,yes
top4,2025,Man City,1765256400,0.91,0.95,yes
top4,2025,Man City,1765342800,0.91,0.95,yes
top4,2025,Man City,1765429200,0.89,0.9,yes
top4,2025,Man City,1765515600,0.91,0.93,yes
top4,2025,Man City,1765602000,0.88,0.95,yes
top4,2025,Man City,1765688400,0.91,0.94,yes
top4,2025,Man City,1765774800,0.9,0.95,yes
top4,2025,Man City,1765861200,0.91,0.94,yes
top4,2025,Man City,1765947600,0.91,0.94,yes
top4,2025,Man City,1766034000,0.91,0.94,yes
top4,2025,Man City,1766120400,0.9,0.94,yes
top4,2025,Man City,1766206800,0.9,0.95,yes
top4,2025,Man City,1766293200,0.9,0.95,yes
top4,2025,Man City,1766379600,0.91,0.95,yes
top4,2025,Man City,1766466000,0.91,0.95,yes
top4,2025,Man City,1766552400,0.91,0.95,yes
top4,2025,Man City,1766638800,0.91,0.95,yes
top4,2025,Man City,1766725200,0.91,0.95,yes
top4,2025,Man City,1766811600,0.91,0.95,yes
top4,2025,Man City,1766898000,0.92,0.95,yes
top4,2025,Man City,1766984400,0.92,0.95,yes
top4,2025,Man City,1767070800,0.92,0.95,yes
top4,2025,Man City,1767157200,0.94,0.97,yes
top4,2025,Man City,1767243600,0.95,0.97,yes
top4,2025,Man City,1767330000,0.95,0.97,yes
top4,2025,Man City,1767416400,0.95,0.97,yes
top4,2025,Man City,1767502800,0.95,0.97,yes
top4,2025,Man City,1767589200,0.95,0.97,yes
top4,2025,Man City,1767675600,0.95,0.97,yes
top4,2025,Man City,1767762000,0.95,0.97,yes
top4,2025,Man City,1767848400,0.93,0.94,yes
top4,2025,Man City,1767934800,0.93,0.97,yes
top4,2025,Man City,1768021200,0.94,0.97,yes
top4,2025,Man City,1768107600,0.94,0.97,yes
top4,2025,Man City,1768194000,0.9,0.97,yes
top4,2025,Man City,1768280400,0.94,0.97,yes
top4,2025,Man City,1768366800,0.97,0.98,yes
top4,2025,Man City,1768453200,0.92,0.98,yes
top4,2025,Man City,1768539600,0.92,0.98,yes
top4,2025,Man City,1768626000,0.92,0.97,yes
top4,2025,Man City,1768712400,0.92,0.97,yes
top4,2025,Man City,1768798800,0.97,0.98,yes
top4,2025,Man City,1768885200,0.93,0.98,yes
top4,2025,Man City,1768971600,0.93,0.97,yes
top4,2025,Man City,1769058000,0.93,0.96,yes
top4,2025,Man City,1769144400,0.93,0.95,yes
top4,2025,Man City,1769230800,0.93,0.95,yes
top4,2025,Man City,1769317200,0.93,0.95,yes
top4,2025,Man City,1769403600,0.95,0.97,yes
top4,2025,Man City,1769490000,0.93,0.96,yes
top4,2025,Man City,1769576400,0.93,0.96,yes
top4,2025,Man City,1769662800,0.93,0.97,yes
top4,2025,Man City,1769749200,0.93,0.97,yes
top4,2025,Man City,1769835600,0.93,0.97,yes
top4,2025,Man City,1769922000,0.93,0.97,yes
top4,2025,Man City,1770008400,0.9,0.97,yes
top4,2025,Man City,1770094800,0.92,0.95,yes
top4,2025,Man City,1770181200,0.92,0.95,yes
top4,2025,Man City,1770267600,0.93,0.94,yes
top4,2025,Man City,1770354000,0.92,0.95,yes
top4,2025,Man City,1770440400,0.92,0.94,yes
top4,2025,Man City,1770526800,0.92,0.95,yes
top4,2025,Man City,1770613200,0.92,0.96,yes
top4,2025,Man City,1770699600,0.91,0.96,yes
top4,2025,Man City,1770872400,0.92,0.96,yes
top4,2025,Man City,1770958800,0.96,0.98,yes
top4,2025,Man City,1771218000,0.96,0.98,yes
top4,2025,Man City,1771304400,0.96,0.97,yes
top4,2025,Man City,1771390800,0.96,0.97,yes
top4,2025,Man City,1771477200,0.94,0.96,yes
top4,2025,Man City,1771563600,0.94,0.96,yes
top4,2025,Man City,1771650000,0.94,0.96,yes
top4,2025,Man City,1771736400,0.94,0.97,yes
top4,2025,Man City,1771822800,0.91,0.97,yes
top4,2025,Man City,1771909200,0.94,0.97,yes
top4,2025,Man City,1771995600,0.94,0.96,yes
top4,2025,Man City,1772082000,0.94,0.95,yes
top4,2025,Man City,1772168400,0.94,0.95,yes
top4,2025,Man City,1772254800,0.94,0.97,yes
top4,2025,Man City,1772341200,0.95,0.98,yes
top4,2025,Man City,1772427600,0.94,0.97,yes
top4,2025,Man City,1772514000,0.94,0.97,yes
top4,2025,Man City,1772600400,0.94,0.97,yes
top4,2025,Man City,1772686800,0.96,0.97,yes
top4,2025,Man City,1772773200,0.96,0.97,yes
top4,2025,Man City,1772859600,0.96,0.98,yes
top4,2025,Man City,1773032400,0.97,0.98,yes
top4,2025,Man City,1773115200,0.97,0.98,yes
top4,2025,Man City,1773201600,0.96,0.98,yes
top4,2025,Man City,1773288000,0.97,0.98,yes
top4,2025,Man City,1773374400,0.97,0.98,yes
top4,2025,Man City,1773460800,0.97,0.98,yes
top4,2025,Man City,1773547200,0.97,0.99,yes
top4,2025,Man City,1773633600,0.97,0.99,yes
top4,2025,Man City,1773720000,0.97,0.99,yes
top4,2025,Man City,1773806400,0.96,0.99,yes
top4,2025,Man City,1773979200,0.96,0.99,yes
top4,2025,Man City,1774065600,0.96,0.99,yes
top4,2025,Man City,1774152000,0.96,0.99,yes
top4,2025,Man City,1774238400,0.96,0.99,yes
top4,2025,Man City,1774584000,0.96,0.98,yes
top4,2025,Man City,1774756800,0.96,0.98,yes
top4,2025,Man City,1774843200,0.96,0.98,yes
top4,2025,Man City,1774929600,0.96,0.98,yes
top4,2025,Man City,1775016000,0.96,0.98,yes
top4,2025,Man City,1775102400,0.96,0.98,yes
top4,2025,Man City,1775361600,0.96,0.98,yes
top4,2025,Man City,1775448000,0.96,0.98,yes
top4,2025,Man City,1775534400,0.96,0.98,yes
top4,2025,Man City,1775620800,0.96,0.98,yes
top4,2025,Man City,1775707200,0.96,0.98,yes
top4,2025,Man City,1775793600,0.96,0.98,yes
top4,2025,Man City,1775880000,0.96,0.99,yes
top4,2025,Man City,1775966400,0.96,1.0,yes
top4,2025,Man City,1776052800,0.96,1.0,yes
top4,2025,Man City,1776139200,0.96,1.0,yes
top4,2025,Man City,1776225600,0.97,1.0,yes
top4,2025,Man City,1776312000,0.98,1.0,yes
top4,2025,Man City,1776484800,0.97,1.0,yes
top4,2025,Man City,1776571200,0.97,1.0,yes
top4,2025,Man City,1776657600,0.97,1.0,yes
top4,2025,Man City,1776744000,0.97,1.0,yes
top4,2025,Man City,1776830400,0.97,1.0,yes
top4,2025,Man City,1776916800,0.99,1.0,yes
top4,2025,Man City,1777089600,0.99,1.0,yes
top4,2025,Man City,1777435200,0.99,1.0,yes
top4,2025,Man City,1777780800,0.99,1.0,yes
top4,2025,Man City,1777953600,0.99,1.0,yes
top4,2025,Man City,1778040000,0.99,1.0,yes
top4,2025,Man City,1778126400,0.99,1.0,yes
top4,2025,Man City,1778299200,0.99,1.0,yes
top4,2025,Man City,1778472000,0.99,1.0,yes
top4,2025,Man City,1778558400,0.99,1.0,yes
top4,2025,Man City,1778731200,0.99,1.0,yes
top4,2025,Man City,1778817600,0.99,1.0,yes
top4,2025,Man City,1778990400,0.99,1.0,yes
top4,2025,Man City,1779422400,0.99,1.0,yes
top4,2025,Man City,1779508800,0.99,1.0,yes
top4,2025,Man City,1779595200,0.99,1.0,yes
top4,2025,Man City,1779681600,0.0,1.0,yes
top4,2025,Liverpool,1754712000,0.81,0.86,no
top4,2025,Liverpool,1754798400,0.81,0.86,no
top4,2025,Liverpool,1754884800,0.81,0.86,no
top4,2025,Liverpool,1754971200,0.83,0.87,no
top4,2025,Liverpool,1755057600,0.83,0.87,no
top4,2025,Liverpool,1755144000,0.83,0.88,no
top4,2025,Liverpool,1755230400,0.75,0.9,no
top4,2025,Liverpool,1755316800,0.88,0.92,no
top4,2025,Liverpool,1755403200,0.87,0.9,no
top4,2025,Liverpool,1755489600,0.88,0.91,no
top4,2025,Liverpool,1755576000,0.86,0.91,no
top4,2025,Liverpool,1755662400,0.84,0.85,no
top4,2025,Liverpool,1755748800,0.86,0.89,no
top4,2025,Liverpool,1755835200,0.85,0.89,no
top4,2025,Liverpool,1755921600,0.83,0.87,no
top4,2025,Liverpool,1756008000,0.83,0.88,no
top4,2025,Liverpool,1756094400,0.84,0.89,no
top4,2025,Liverpool,1756180800,0.84,0.89,no
top4,2025,Liverpool,1756267200,0.84,0.89,no
top4,2025,Liverpool,1756353600,0.84,0.89,no
top4,2025,Liverpool,1756440000,0.85,0.89,no
top4,2025,Liverpool,1756526400,0.84,0.88,no
top4,2025,Liverpool,1756612800,0.84,0.88,no
top4,2025,Liverpool,1756699200,0.85,0.89,no
top4,2025,Liverpool,1756785600,0.89,0.92,no
top4,2025,Liverpool,1756872000,0.89,0.91,no
top4,2025,Liverpool,1756958400,0.89,0.91,no
top4,2025,Liverpool,1757044800,0.89,0.91,no
top4,2025,Liverpool,1757131200,0.89,0.91,no
top4,2025,Liverpool,1757217600,0.89,0.92,no
top4,2025,Liverpool,1757304000,0.89,0.91,no
top4,2025,Liverpool,1757390400,0.89,0.92,no
top4,2025,Liverpool,1757476800,0.89,0.92,no
top4,2025,Liverpool,1757563200,0.89,0.91,no
top4,2025,Liverpool,1757649600,0.89,0.92,no
top4,2025,Liverpool,1757736000,0.9,0.92,no
top4,2025,Liverpool,1757822400,0.9,0.92,no
top4,2025,Liverpool,1757908800,0.9,0.91,no
top4,2025,Liverpool,1757995200,0.9,0.92,no
top4,2025,Liverpool,1758081600,0.9,0.91,no
top4,2025,Liverpool,1758168000,0.9,0.92,no
top4,2025,Liverpool,1758254400,0.9,0.91,no
top4,2025,Liverpool,1758340800,0.9,0.91,no
top4,2025,Liverpool,1758427200,0.9,0.93,no
top4,2025,Liverpool,1758513600,0.91,0.92,no
top4,2025,Liverpool,1758600000,0.9,0.92,no
top4,2025,Liverpool,1758686400,0.9,0.92,no
top4,2025,Liverpool,1758772800,0.9,0.92,no
top4,2025,Liverpool,1758859200,0.91,0.92,no
top4,2025,Liverpool,1758945600,0.9,0.92,no
top4,2025,Liverpool,1759032000,0.91,0.96,no
top4,2025,Liverpool,1759118400,0.91,0.97,no
top4,2025,Liverpool,1759204800,0.91,0.97,no
top4,2025,Liverpool,1759291200,0.91,0.97,no
top4,2025,Liverpool,1759377600,0.91,0.97,no
top4,2025,Liverpool,1759464000,0.91,0.97,no
top4,2025,Liverpool,1759550400,0.83,0.97,no
top4,2025,Liverpool,1759636800,0.76,0.98,no
top4,2025,Liverpool,1759723200,0.76,0.96,no
top4,2025,Liverpool,1759809600,0.78,0.92,no
top4,2025,Liverpool,1759896000,0.86,0.92,no
top4,2025,Liverpool,1759982400,0.83,0.86,no
top4,2025,Liverpool,1760068800,0.83,0.85,no
top4,2025,Liverpool,1760155200,0.83,0.86,no
top4,2025,Liverpool,1760241600,0.83,0.86,no
top4,2025,Liverpool,1760328000,0.83,0.86,no
top4,2025,Liverpool,1760414400,0.85,0.86,no
top4,2025,Liverpool,1760500800,0.85,0.86,no
top4,2025,Liverpool,1760587200,0.85,0.87,no
top4,2025,Liverpool,1760673600,0.85,0.86,no
top4,2025,Liverpool,1760760000,0.85,0.86,no
top4,2025,Liverpool,1760846400,0.84,0.87,no
top4,2025,Liverpool,1760932800,0.58,0.8,no
top4,2025,Liverpool,1761019200,0.58,0.8,no
top4,2025,Liverpool,1761105600,0.77,0.81,no
top4,2025,Liverpool,1761192000,0.63,0.81,no
top4,2025,Liverpool,1761278400,0.66,0.81,no
top4,2025,Liverpool,1761364800,0.7,0.78,no
top4,2025,Liverpool,1761451200,0.61,0.77,no
top4,2025,Liverpool,1761537600,0.67,0.72,no
top4,2025,Liverpool,1761624000,0.67,0.71,no
top4,2025,Liverpool,1761710400,0.65,0.7,no
top4,2025,Liverpool,1761796800,0.63,0.72,no
top4,2025,Liverpool,1761883200,0.73,0.74,no
top4,2025,Liverpool,1761969600,0.74,0.75,no
top4,2025,Liverpool,1762056000,0.63,0.81,no
top4,2025,Liverpool,1762142400,0.65,0.8,no
top4,2025,Liverpool,1762232400,0.8,0.83,no
top4,2025,Liverpool,1762318800,0.8,0.83,no
top4,2025,Liverpool,1762405200,0.8,0.83,no
top4,2025,Liverpool,1762491600,0.8,0.83,no
top4,2025,Liverpool,1762578000,0.8,0.81,no
top4,2025,Liverpool,1762664400,0.65,0.87,no
top4,2025,Liverpool,1762750800,0.62,0.87,no
top4,2025,Liverpool,1762837200,0.76,0.81,no
top4,2025,Liverpool,1762923600,0.77,0.82,no
top4,2025,Liverpool,1763010000,0.76,0.82,no
top4,2025,Liverpool,1763096400,0.76,0.82,no
top4,2025,Liverpool,1763182800,0.76,0.79,no
top4,2025,Liverpool,1763269200,0.76,0.79,no
top4,2025,Liverpool,1763355600,0.76,0.79,no
top4,2025,Liverpool,1763442000,0.76,0.79,no
top4,2025,Liverpool,1763528400,0.76,0.79,no
top4,2025,Liverpool,1763614800,0.76,0.8,no
top4,2025,Liverpool,1763701200,0.74,0.8,no
top4,2025,Liverpool,1763787600,0.75,0.8,no
top4,2025,Liverpool,1763874000,0.54,0.67,no
top4,2025,Liverpool,1763960400,0.56,0.64,no
top4,2025,Liverpool,1764046800,0.51,0.59,no
top4,2025,Liverpool,1764133200,0.54,0.59,no
top4,2025,Liverpool,1764219600,0.57,0.61,no
top4,2025,Liverpool,1764306000,0.56,0.59,no
top4,2025,Liverpool,1764392400,0.56,0.6,no
top4,2025,Liverpool,1764478800,0.58,0.63,no
top4,2025,Liverpool,1764565200,0.59,0.63,no
top4,2025,Liverpool,1764651600,0.59,0.63,no
top4,2025,Liverpool,1764738000,0.61,0.67,no
top4,2025,Liverpool,1764824400,0.5,0.61,no
top4,2025,Liverpool,1764910800,0.55,0.6,no
top4,2025,Liverpool,1764997200,0.55,0.6,no
top4,2025,Liverpool,1765083600,0.53,0.62,no
top4,2025,Liverpool,1765170000,0.51,0.58,no
top4,2025,Liverpool,1765256400,0.2,0.61,no
top4,2025,Liverpool,1765342800,0.48,0.52,no
top4,2025,Liverpool,1765429200,0.48,0.49,no
top4,2025,Liverpool,1765515600,0.45,0.47,no
top4,2025,Liverpool,1765602000,0.42,0.47,no
top4,2025,Liverpool,1765688400,0.46,0.57,no
top4,2025,Liverpool,1765774800,0.56,0.6,no
top4,2025,Liverpool,1765861200,0.57,0.62,no
top4,2025,Liverpool,1765947600,0.58,0.62,no
top4,2025,Liverpool,1766034000,0.57,0.62,no
top4,2025,Liverpool,1766120400,0.57,0.59,no
top4,2025,Liverpool,1766206800,0.58,0.62,no
top4,2025,Liverpool,1766293200,0.58,0.61,no
top4,2025,Liverpool,1766379600,0.64,0.66,no
top4,2025,Liverpool,1766466000,0.64,0.67,no
top4,2025,Liverpool,1766552400,0.63,0.67,no
top4,2025,Liverpool,1766638800,0.64,0.67,no
top4,2025,Liverpool,1766725200,0.64,0.66,no
top4,2025,Liverpool,1766811600,0.65,0.66,no
top4,2025,Liverpool,1766898000,0.62,0.65,no
top4,2025,Liverpool,1766984400,0.63,0.68,no
top4,2025,Liverpool,1767070800,0.64,0.68,no
top4,2025,Liverpool,1767157200,0.65,0.69,no
top4,2025,Liverpool,1767243600,0.66,0.69,no
top4,2025,Liverpool,1767330000,0.63,0.67,no
top4,2025,Liverpool,1767416400,0.66,0.68,no
top4,2025,Liverpool,1767502800,0.63,0.67,no
top4,2025,Liverpool,1767589200,0.6,0.61,no
top4,2025,Liverpool,1767675600,0.6,0.62,no
top4,2025,Liverpool,1767762000,0.57,0.62,no
top4,2025,Liverpool,1767848400,0.61,0.64,no
top4,2025,Liverpool,1767934800,0.61,0.64,no
top4,2025,Liverpool,1768021200,0.62,0.65,no
top4,2025,Liverpool,1768107600,0.62,0.66,no
top4,2025,Liverpool,1768194000,0.62,0.66,no
top4,2025,Liverpool,1768280400,0.61,0.62,no
top4,2025,Liverpool,1768366800,0.62,0.67,no
top4,2025,Liverpool,1768453200,0.61,0.67,no
top4,2025,Liverpool,1768539600,0.62,0.67,no
top4,2025,Liverpool,1768626000,0.62,0.67,no
top4,2025,Liverpool,1768712400,0.54,0.55,no
top4,2025,Liverpool,1768798800,0.55,0.58,no
top4,2025,Liverpool,1768885200,0.57,0.58,no
top4,2025,Liverpool,1768971600,0.58,0.59,no
top4,2025,Liverpool,1769058000,0.55,0.59,no
top4,2025,Liverpool,1769144400,0.56,0.59,no
top4,2025,Liverpool,1769230800,0.56,0.59,no
top4,2025,Liverpool,1769317200,0.46,0.48,no
top4,2025,Liverpool,1769403600,0.4,0.41,no
top4,2025,Liverpool,1769490000,0.4,0.41,no
top4,2025,Liverpool,1769576400,0.4,0.41,no
top4,2025,Liverpool,1769662800,0.4,0.42,no
top4,2025,Liverpool,1769749200,0.41,0.42,no
top4,2025,Liverpool,1769835600,0.42,0.45,no
top4,2025,Liverpool,1769922000,0.36,0.49,no
top4,2025,Liverpool,1770008400,0.52,0.57,no
top4,2025,Liverpool,1770094800,0.51,0.55,no
top4,2025,Liverpool,1770181200,0.52,0.54,no
top4,2025,Liverpool,1770267600,0.51,0.54,no
top4,2025,Liverpool,1770354000,0.5,0.53,no
top4,2025,Liverpool,1770440400,0.51,0.54,no
top4,2025,Liverpool,1770526800,0.49,0.51,no
top4,2025,Liverpool,1770613200,0.39,0.42,no
top4,2025,Liverpool,1770699600,0.36,0.4,no
top4,2025,Liverpool,1770786000,0.42,0.48,no
top4,2025,Liverpool,1770872400,0.47,0.49,no
top4,2025,Liverpool,1770958800,0.47,0.48,no
top4,2025,Liverpool,1771045200,0.46,0.48,no
top4,2025,Liverpool,1771131600,0.47,0.48,no
top4,2025,Liverpool,1771218000,0.48,0.49,no
top4,2025,Liverpool,1771304400,0.47,0.48,no
top4,2025,Liverpool,1771390800,0.44,0.48,no
top4,2025,Liverpool,1771477200,0.47,0.48,no
top4,2025,Liverpool,1771563600,0.47,0.49,no
top4,2025,Liverpool,1771650000,0.46,0.48,no
top4,2025,Liverpool,1771736400,0.48,0.49,no
top4,2025,Liverpool,1771822800,0.53,0.59,no
top4,2025,Liverpool,1771909200,0.52,0.55,no
top4,2025,Liverpool,1771995600,0.53,0.55,no
top4,2025,Liverpool,1772082000,0.54,0.55,no
top4,2025,Liverpool,1772168400,0.54,0.56,no
top4,2025,Liverpool,1772254800,0.52,0.55,no
top4,2025,Liverpool,1772341200,0.62,0.63,no
top4,2025,Liverpool,1772427600,0.64,0.66,no
top4,2025,Liverpool,1772514000,0.62,0.64,no
top4,2025,Liverpool,1772600400,0.42,0.52,no
top4,2025,Liverpool,1772686800,0.53,0.55,no
top4,2025,Liverpool,1772773200,0.52,0.54,no
top4,2025,Liverpool,1772859600,0.52,0.54,no
top4,2025,Liverpool,1772946000,0.52,0.53,no
top4,2025,Liverpool,1773032400,0.52,0.54,no
top4,2025,Liverpool,1773115200,0.52,0.54,no
top4,2025,Liverpool,1773201600,0.52,0.54,no
top4,2025,Liverpool,1773288000,0.5,0.54,no
top4,2025,Liverpool,1773374400,0.49,0.54,no
top4,2025,Liverpool,1773460800,0.52,0.54,no
top4,2025,Liverpool,1773547200,0.58,0.61,no
top4,2025,Liverpool,1773633600,0.49,0.51,no
top4,2025,Liverpool,1773720000,0.49,0.5,no
top4,2025,Liverpool,1773806400,0.49,0.5,no
top4,2025,Liverpool,1773892800,0.48,0.49,no
top4,2025,Liverpool,1773979200,0.48,0.5,no
top4,2025,Liverpool,1774065600,0.48,0.5,no
top4,2025,Liverpool,1774152000,0.4,0.42,no
top4,2025,Liverpool,1774238400,0.33,0.35,no
top4,2025,Liverpool,1774324800,0.33,0.35,no
top4,2025,Liverpool,1774411200,0.34,0.35,no
top4,2025,Liverpool,1774497600,0.33,0.34,no
top4,2025,Liverpool,1774584000,0.34,0.35,no
top4,2025,Liverpool,1774670400,0.34,0.36,no
top4,2025,Liverpool,1774756800,0.34,0.36,no
top4,2025,Liverpool,1774843200,0.33,0.35,no
top4,2025,Liverpool,1774929600,0.34,0.36,no
top4,2025,Liverpool,1775016000,0.34,0.37,no
top4,2025,Liverpool,1775102400,0.33,0.37,no
top4,2025,Liverpool,1775188800,0.33,0.36,no
top4,2025,Liverpool,1775275200,0.33,0.36,no
top4,2025,Liverpool,1775361600,0.33,0.34,no
top4,2025,Liverpool,1775448000,0.35,0.37,no
top4,2025,Liverpool,1775534400,0.33,0.34,no
top4,2025,Liverpool,1775620800,0.32,0.33,no
top4,2025,Liverpool,1775707200,0.33,0.34,no
top4,2025,Liverpool,1775793600,0.32,0.33,no
top4,2025,Liverpool,1775880000,0.32,0.33,no
top4,2025,Liverpool,1775966400,0.34,0.37,no
top4,2025,Liverpool,1776052800,0.38,0.39,no
top4,2025,Liverpool,1776139200,0.45,0.46,no
top4,2025,Liverpool,1776225600,0.45,0.49,no
top4,2025,Liverpool,1776312000,0.43,0.44,no
top4,2025,Liverpool,1776398400,0.44,0.46,no
top4,2025,Liverpool,1776484800,0.43,0.44,no
top4,2025,Liverpool,1776571200,0.44,0.46,no
top4,2025,Liverpool,1776657600,0.48,0.53,no
top4,2025,Liverpool,1776744000,0.5,0.51,no
top4,2025,Liverpool,1776830400,0.5,0.54,no
top4,2025,Liverpool,1776916800,0.52,0.55,no
top4,2025,Liverpool,1777003200,0.54,0.55,no
top4,2025,Liverpool,1777089600,0.53,0.56,no
top4,2025,Liverpool,1777176000,0.68,0.69,no
top4,2025,Liverpool,1777262400,0.65,0.66,no
top4,2025,Liverpool,1777348800,0.69,0.7,no
top4,2025,Liverpool,1777435200,0.63,0.66,no
top4,2025,Liverpool,1777521600,0.65,0.68,no
top4,2025,Liverpool,1777608000,0.65,0.67,no
top4,2025,Liverpool,1777694400,0.63,0.66,no
top4,2025,Liverpool,1777780800,0.6,0.63,no
top4,2025,Liverpool,1777867200,0.65,0.67,no
top4,2025,Liverpool,1777953600,0.72,0.73,no
top4,2025,Liverpool,1778040000,0.68,0.69,no
top4,2025,Liverpool,1778126400,0.66,0.71,no
top4,2025,Liverpool,1778212800,0.69,0.7,no
top4,2025,Liverpool,1778299200,0.67,0.7,no
top4,2025,Liverpool,1778385600,0.61,0.64,no
top4,2025,Liverpool,1778472000,0.78,0.79,no
top4,2025,Liverpool,1778558400,0.77,0.78,no
top4,2025,Liverpool,1778644800,0.76,0.78,no
top4,2025,Liverpool,1778731200,0.76,0.78,no
top4,2025,Liverpool,1778817600,0.78,0.79,no
top4,2025,Liverpool,1778904000,0.42,0.46,no
top4,2025,Liverpool,1778990400,0.41,0.42,no
top4,2025,Liverpool,1779076800,0.42,0.43,no
top4,2025,Liverpool,1779163200,0.43,0.44,no
top4,2025,Liverpool,1779249600,0.36,0.39,no
top4,2025,Liverpool,1779336000,0.41,0.42,no
top4,2025,Liverpool,1779422400,0.38,0.39,no
top4,2025,Liverpool,1779508800,0.4,0.41,no
top4,2025,Liverpool,1779595200,0.39,0.42,no
top4,2025,Liverpool,1779681600,0.0,1.0,no
top4,2025,Chelsea,1754712000,0.57,0.62,no
top4,2025,Chelsea,1754798400,0.57,0.62,no
top4,2025,Chelsea,1754884800,0.57,0.62,no
top4,2025,Chelsea,1754971200,0.6,0.63,no
top4,2025,Chelsea,1755057600,0.6,0.63,no
top4,2025,Chelsea,1755144000,0.61,0.65,no
top4,2025,Chelsea,1755230400,0.63,0.67,no
top4,2025,Chelsea,1755316800,0.62,0.63,no
top4,2025,Chelsea,1755403200,0.62,0.63,no
top4,2025,Chelsea,1755489600,0.57,0.61,no
top4,2025,Chelsea,1755576000,0.59,0.62,no
top4,2025,Chelsea,1755662400,0.58,0.59,no
top4,2025,Chelsea,1755748800,0.58,0.6,no
top4,2025,Chelsea,1755835200,0.59,0.61,no
top4,2025,Chelsea,1755921600,0.6,0.61,no
top4,2025,Chelsea,1756008000,0.59,0.62,no
top4,2025,Chelsea,1756094400,0.6,0.62,no
top4,2025,Chelsea,1756180800,0.59,0.63,no
top4,2025,Chelsea,1756267200,0.67,0.72,no
top4,2025,Chelsea,1756353600,0.65,0.7,no
top4,2025,Chelsea,1756440000,0.66,0.7,no
top4,2025,Chelsea,1756526400,0.65,0.7,no
top4,2025,Chelsea,1756612800,0.73,0.78,no
top4,2025,Chelsea,1756699200,0.72,0.77,no
top4,2025,Chelsea,1756785600,0.73,0.75,no
top4,2025,Chelsea,1756872000,0.73,0.75,no
top4,2025,Chelsea,1756958400,0.73,0.75,no
top4,2025,Chelsea,1757044800,0.73,0.74,no
top4,2025,Chelsea,1757131200,0.73,0.74,no
top4,2025,Chelsea,1757217600,0.73,0.74,no
top4,2025,Chelsea,1757304000,0.73,0.74,no
top4,2025,Chelsea,1757390400,0.73,0.74,no
top4,2025,Chelsea,1757476800,0.73,0.74,no
top4,2025,Chelsea,1757563200,0.73,0.74,no
top4,2025,Chelsea,1757649600,0.73,0.74,no
top4,2025,Chelsea,1757736000,0.73,0.74,no
top4,2025,Chelsea,1757822400,0.71,0.72,no
top4,2025,Chelsea,1757908800,0.68,0.7,no
top4,2025,Chelsea,1757995200,0.69,0.7,no
top4,2025,Chelsea,1758081600,0.69,0.7,no
top4,2025,Chelsea,1758168000,0.69,0.7,no
top4,2025,Chelsea,1758254400,0.69,0.7,no
top4,2025,Chelsea,1758340800,0.69,0.7,no
top4,2025,Chelsea,1758427200,0.61,0.63,no
top4,2025,Chelsea,1758513600,0.52,0.54,no
top4,2025,Chelsea,1758600000,0.52,0.54,no
top4,2025,Chelsea,1758686400,0.52,0.54,no
top4,2025,Chelsea,1758772800,0.52,0.54,no
top4,2025,Chelsea,1758859200,0.52,0.54,no
top4,2025,Chelsea,1758945600,0.52,0.54,no
top4,2025,Chelsea,1759032000,0.43,0.51,no
top4,2025,Chelsea,1759118400,0.46,0.52,no
top4,2025,Chelsea,1759204800,0.49,0.52,no
top4,2025,Chelsea,1759291200,0.49,0.54,no
top4,2025,Chelsea,1759377600,0.41,0.53,no
top4,2025,Chelsea,1759464000,0.44,0.53,no
top4,2025,Chelsea,1759550400,0.42,0.53,no
top4,2025,Chelsea,1759636800,0.5,0.63,no
top4,2025,Chelsea,1759723200,0.53,0.64,no
top4,2025,Chelsea,1759809600,0.57,0.64,no
top4,2025,Chelsea,1759896000,0.52,0.63,no
top4,2025,Chelsea,1759982400,0.5,0.51,no
top4,2025,Chelsea,1760068800,0.5,0.51,no
top4,2025,Chelsea,1760155200,0.5,0.51,no
top4,2025,Chelsea,1760241600,0.5,0.51,no
top4,2025,Chelsea,1760328000,0.5,0.51,no
top4,2025,Chelsea,1760414400,0.5,0.51,no
top4,2025,Chelsea,1760500800,0.5,0.51,no
top4,2025,Chelsea,1760587200,0.5,0.51,no
top4,2025,Chelsea,1760673600,0.5,0.51,no
top4,2025,Chelsea,1760760000,0.5,0.52,no
top4,2025,Chelsea,1760846400,0.54,0.55,no
top4,2025,Chelsea,1760932800,0.55,0.59,no
top4,2025,Chelsea,1761019200,0.56,0.59,no
top4,2025,Chelsea,1761105600,0.56,0.59,no
top4,2025,Chelsea,1761192000,0.57,0.59,no
top4,2025,Chelsea,1761278400,0.55,0.58,no
top4,2025,Chelsea,1761364800,0.56,0.64,no
top4,2025,Chelsea,1761451200,0.47,0.51,no
top4,2025,Chelsea,1761537600,0.44,0.5,no
top4,2025,Chelsea,1761624000,0.43,0.48,no
top4,2025,Chelsea,1761710400,0.43,0.45,no
top4,2025,Chelsea,1761796800,0.42,0.49,no
top4,2025,Chelsea,1761883200,0.42,0.47,no
top4,2025,Chelsea,1761969600,0.4,0.42,no
top4,2025,Chelsea,1762056000,0.45,0.52,no
top4,2025,Chelsea,1762142400,0.49,0.56,no
top4,2025,Chelsea,1762232400,0.48,0.49,no
top4,2025,Chelsea,1762318800,0.48,0.49,no
top4,2025,Chelsea,1762405200,0.48,0.49,no
top4,2025,Chelsea,1762491600,0.54,0.56,no
top4,2025,Chelsea,1762578000,0.5,0.55,no
top4,2025,Chelsea,1762664400,0.5,0.6,no
top4,2025,Chelsea,1762750800,0.52,0.64,no
top4,2025,Chelsea,1762837200,0.59,0.63,no
top4,2025,Chelsea,1762923600,0.58,0.63,no
top4,2025,Chelsea,1763010000,0.58,0.63,no
top4,2025,Chelsea,1763096400,0.58,0.63,no
top4,2025,Chelsea,1763182800,0.58,0.63,no
top4,2025,Chelsea,1763269200,0.58,0.64,no
top4,2025,Chelsea,1763355600,0.59,0.64,no
top4,2025,Chelsea,1763442000,0.59,0.64,no
top4,2025,Chelsea,1763528400,0.59,0.64,no
top4,2025,Chelsea,1763614800,0.59,0.64,no
top4,2025,Chelsea,1763701200,0.58,0.63,no
top4,2025,Chelsea,1763787600,0.58,0.63,no
top4,2025,Chelsea,1763874000,0.67,0.73,no
top4,2025,Chelsea,1763960400,0.67,0.73,no
top4,2025,Chelsea,1764046800,0.67,0.72,no
top4,2025,Chelsea,1764133200,0.67,0.72,no
top4,2025,Chelsea,1764219600,0.67,0.72,no
top4,2025,Chelsea,1764306000,0.67,0.72,no
top4,2025,Chelsea,1764392400,0.67,0.72,no
top4,2025,Chelsea,1764478800,0.67,0.72,no
top4,2025,Chelsea,1764565200,0.68,0.73,no
top4,2025,Chelsea,1764651600,0.68,0.76,no
top4,2025,Chelsea,1764738000,0.69,0.78,no
top4,2025,Chelsea,1764824400,0.63,0.68,no
top4,2025,Chelsea,1764910800,0.61,0.66,no
top4,2025,Chelsea,1764997200,0.61,0.65,no
top4,2025,Chelsea,1765083600,0.54,0.63,no
top4,2025,Chelsea,1765170000,0.55,0.62,no
top4,2025,Chelsea,1765256400,0.51,0.57,no
top4,2025,Chelsea,1765342800,0.54,0.58,no
top4,2025,Chelsea,1765429200,0.56,0.58,no
top4,2025,Chelsea,1765515600,0.53,0.59,no
top4,2025,Chelsea,1765602000,0.53,0.59,no
top4,2025,Chelsea,1765688400,0.59,0.63,no
top4,2025,Chelsea,1765774800,0.58,0.61,no
top4,2025,Chelsea,1765861200,0.52,0.58,no
top4,2025,Chelsea,1765947600,0.52,0.56,no
top4,2025,Chelsea,1766034000,0.52,0.57,no
top4,2025,Chelsea,1766120400,0.52,0.57,no
top4,2025,Chelsea,1766206800,0.55,0.6,no
top4,2025,Chelsea,1766293200,0.54,0.61,no
top4,2025,Chelsea,1766379600,0.56,0.58,no
top4,2025,Chelsea,1766466000,0.55,0.59,no
top4,2025,Chelsea,1766552400,0.55,0.59,no
top4,2025,Chelsea,1766638800,0.55,0.59,no
top4,2025,Chelsea,1766725200,0.55,0.59,no
top4,2025,Chelsea,1766811600,0.55,0.56,no
top4,2025,Chelsea,1766898000,0.44,0.46,no
top4,2025,Chelsea,1766984400,0.42,0.46,no
top4,2025,Chelsea,1767070800,0.42,0.46,no
top4,2025,Chelsea,1767157200,0.38,0.4,no
top4,2025,Chelsea,1767243600,0.39,0.4,no
top4,2025,Chelsea,1767330000,0.4,0.41,no
top4,2025,Chelsea,1767416400,0.4,0.41,no
top4,2025,Chelsea,1767502800,0.37,0.39,no
top4,2025,Chelsea,1767589200,0.36,0.38,no
top4,2025,Chelsea,1767675600,0.35,0.37,no
top4,2025,Chelsea,1767762000,0.36,0.37,no
top4,2025,Chelsea,1767848400,0.26,0.29,no
top4,2025,Chelsea,1767934800,0.26,0.29,no
top4,2025,Chelsea,1768021200,0.26,0.29,no
top4,2025,Chelsea,1768107600,0.21,0.26,no
top4,2025,Chelsea,1768194000,0.27,0.29,no
top4,2025,Chelsea,1768280400,0.25,0.26,no
top4,2025,Chelsea,1768366800,0.24,0.26,no
top4,2025,Chelsea,1768453200,0.23,0.26,no
top4,2025,Chelsea,1768539600,0.25,0.27,no
top4,2025,Chelsea,1768626000,0.25,0.27,no
top4,2025,Chelsea,1768712400,0.3,0.31,no
top4,2025,Chelsea,1768798800,0.35,0.36,no
top4,2025,Chelsea,1768885200,0.35,0.36,no
top4,2025,Chelsea,1768971600,0.34,0.35,no
top4,2025,Chelsea,1769058000,0.31,0.32,no
top4,2025,Chelsea,1769144400,0.31,0.36,no
top4,2025,Chelsea,1769230800,0.32,0.36,no
top4,2025,Chelsea,1769317200,0.34,0.39,no
top4,2025,Chelsea,1769403600,0.39,0.42,no
top4,2025,Chelsea,1769490000,0.35,0.37,no
top4,2025,Chelsea,1769576400,0.35,0.37,no
top4,2025,Chelsea,1769662800,0.35,0.38,no
top4,2025,Chelsea,1769749200,0.35,0.37,no
top4,2025,Chelsea,1769835600,0.35,0.37,no
top4,2025,Chelsea,1769922000,0.36,0.42,no
top4,2025,Chelsea,1770008400,0.45,0.49,no
top4,2025,Chelsea,1770094800,0.38,0.4,no
top4,2025,Chelsea,1770181200,0.38,0.4,no
top4,2025,Chelsea,1770267600,0.38,0.4,no
top4,2025,Chelsea,1770354000,0.39,0.41,no
top4,2025,Chelsea,1770440400,0.38,0.41,no
top4,2025,Chelsea,1770526800,0.42,0.46,no
top4,2025,Chelsea,1770613200,0.45,0.49,no
top4,2025,Chelsea,1770699600,0.47,0.54,no
top4,2025,Chelsea,1770786000,0.4,0.44,no
top4,2025,Chelsea,1770872400,0.38,0.44,no
top4,2025,Chelsea,1770958800,0.39,0.4,no
top4,2025,Chelsea,1771045200,0.39,0.4,no
top4,2025,Chelsea,1771131600,0.39,0.4,no
top4,2025,Chelsea,1771218000,0.39,0.4,no
top4,2025,Chelsea,1771304400,0.38,0.39,no
top4,2025,Chelsea,1771390800,0.4,0.41,no
top4,2025,Chelsea,1771477200,0.42,0.43,no
top4,2025,Chelsea,1771563600,0.42,0.43,no
top4,2025,Chelsea,1771650000,0.43,0.44,no
top4,2025,Chelsea,1771736400,0.37,0.39,no
top4,2025,Chelsea,1771822800,0.35,0.39,no
top4,2025,Chelsea,1771909200,0.31,0.35,no
top4,2025,Chelsea,1771995600,0.3,0.34,no
top4,2025,Chelsea,1772082000,0.31,0.32,no
top4,2025,Chelsea,1772168400,0.3,0.33,no
top4,2025,Chelsea,1772254800,0.33,0.35,no
top4,2025,Chelsea,1772341200,0.31,0.33,no
top4,2025,Chelsea,1772427600,0.2,0.21,no
top4,2025,Chelsea,1772514000,0.2,0.21,no
top4,2025,Chelsea,1772600400,0.28,0.31,no
top4,2025,Chelsea,1772686800,0.39,0.41,no
top4,2025,Chelsea,1772773200,0.38,0.41,no
top4,2025,Chelsea,1772859600,0.4,0.41,no
top4,2025,Chelsea,1772946000,0.4,0.41,no
top4,2025,Chelsea,1773032400,0.4,0.41,no
top4,2025,Chelsea,1773115200,0.4,0.41,no
top4,2025,Chelsea,1773201600,0.42,0.43,no
top4,2025,Chelsea,1773288000,0.43,0.45,no
top4,2025,Chelsea,1773374400,0.42,0.45,no
top4,2025,Chelsea,1773460800,0.42,0.44,no
top4,2025,Chelsea,1773547200,0.32,0.34,no
top4,2025,Chelsea,1773633600,0.3,0.32,no
top4,2025,Chelsea,1773720000,0.3,0.32,no
top4,2025,Chelsea,1773806400,0.3,0.32,no
top4,2025,Chelsea,1773892800,0.31,0.32,no
top4,2025,Chelsea,1773979200,0.31,0.33,no
top4,2025,Chelsea,1774065600,0.3,0.32,no
top4,2025,Chelsea,1774152000,0.24,0.25,no
top4,2025,Chelsea,1774238400,0.18,0.2,no
top4,2025,Chelsea,1774324800,0.17,0.2,no
top4,2025,Chelsea,1774411200,0.17,0.2,no
top4,2025,Chelsea,1774497600,0.17,0.2,no
top4,2025,Chelsea,1774584000,0.19,0.2,no
top4,2025,Chelsea,1774670400,0.19,0.21,no
top4,2025,Chelsea,1774756800,0.19,0.21,no
top4,2025,Chelsea,1774843200,0.19,0.2,no
top4,2025,Chelsea,1774929600,0.19,0.2,no
top4,2025,Chelsea,1775016000,0.18,0.2,no
top4,2025,Chelsea,1775102400,0.18,0.19,no
top4,2025,Chelsea,1775188800,0.18,0.2,no
top4,2025,Chelsea,1775275200,0.18,0.2,no
top4,2025,Chelsea,1775361600,0.17,0.2,no
top4,2025,Chelsea,1775448000,0.17,0.21,no
top4,2025,Chelsea,1775534400,0.18,0.19,no
top4,2025,Chelsea,1775620800,0.18,0.19,no
top4,2025,Chelsea,1775707200,0.17,0.18,no
top4,2025,Chelsea,1775793600,0.18,0.19,no
top4,2025,Chelsea,1775880000,0.17,0.18,no
top4,2025,Chelsea,1775966400,0.2,0.21,no
top4,2025,Chelsea,1776052800,0.06,0.09,no
top4,2025,Chelsea,1776139200,0.11,0.12,no
top4,2025,Chelsea,1776225600,0.11,0.14,no
top4,2025,Chelsea,1776312000,0.13,0.14,no
top4,2025,Chelsea,1776398400,0.12,0.13,no
top4,2025,Chelsea,1776484800,0.11,0.13,no
top4,2025,Chelsea,1776571200,0.08,0.09,no
top4,2025,Chelsea,1776657600,0.02,0.05,no
top4,2025,Chelsea,1776744000,0.01,0.04,no
top4,2025,Chelsea,1776830400,0.0,0.02,no
top4,2025,Chelsea,1776916800,0.0,0.02,no
top4,2025,Chelsea,1777003200,0.0,0.03,no
top4,2025,Chelsea,1777089600,0.0,0.03,no
top4,2025,Chelsea,1777176000,0.0,0.08,no
top4,2025,Chelsea,1777262400,0.0,0.09,no
top4,2025,Chelsea,1777348800,0.0,0.02,no
top4,2025,Chelsea,1777435200,0.0,0.07,no
top4,2025,Chelsea,1777521600,0.0,0.02,no
top4,2025,Chelsea,1777608000,0.0,0.01,no
top4,2025,Chelsea,1777780800,0.0,0.07,no
top4,2025,Chelsea,1777867200,0.0,0.03,no
top4,2025,Chelsea,1777953600,0.0,0.03,no
top4,2025,Chelsea,1778040000,0.0,0.03,no
top4,2025,Chelsea,1778126400,0.0,0.02,no
top4,2025,Chelsea,1778212800,0.0,0.01,no
top4,2025,Chelsea,1778299200,0.0,0.01,no
top4,2025,Chelsea,1778385600,0.0,0.01,no
top4,2025,Chelsea,1778472000,0.0,0.01,no
top4,2025,Chelsea,1778731200,0.0,0.01,no
top4,2025,Chelsea,1778990400,0.0,0.01,no
top4,2025,Chelsea,1779076800,0.0,0.01,no
top4,2025,Chelsea,1779163200,0.0,0.01,no
top4,2025,Chelsea,1779249600,0.0,0.01,no
top4,2025,Chelsea,1779336000,0.0,0.01,no
top4,2025,Chelsea,1779422400,0.0,0.01,no
top4,2025,Chelsea,1779508800,0.0,0.01,no
top4,2025,Chelsea,1779595200,0.0,0.01,no
top4,2025,Chelsea,1779681600,0.0,1.0,no
top4,2025,Brighton,1754712000,0.02,0.07,no
top4,2025,Brighton,1754798400,0.04,0.07,no
top4,2025,Brighton,1754884800,0.02,0.07,no
top4,2025,Brighton,1754971200,0.02,0.06,no
top4,2025,Brighton,1755057600,0.02,0.06,no
top4,2025,Brighton,1755144000,0.02,0.07,no
top4,2025,Brighton,1755230400,0.0,0.9,no
top4,2025,Brighton,1755316800,0.02,0.05,no
top4,2025,Brighton,1755403200,0.03,0.06,no
top4,2025,Brighton,1755489600,0.02,0.06,no
top4,2025,Brighton,1755576000,0.01,0.06,no
top4,2025,Brighton,1755662400,0.02,0.05,no
top4,2025,Brighton,1755748800,0.03,0.07,no
top4,2025,Brighton,1755835200,0.02,0.07,no
top4,2025,Brighton,1755921600,0.02,0.06,no
top4,2025,Brighton,1756008000,0.02,0.07,no
top4,2025,Brighton,1756094400,0.02,0.07,no
top4,2025,Brighton,1756180800,0.02,0.07,no
top4,2025,Brighton,1756267200,0.02,0.07,no
top4,2025,Brighton,1756353600,0.02,0.07,no
top4,2025,Brighton,1756440000,0.02,0.06,no
top4,2025,Brighton,1756526400,0.02,0.06,no
top4,2025,Brighton,1756612800,0.02,0.06,no
top4,2025,Brighton,1756699200,0.02,0.06,no
top4,2025,Brighton,1756785600,0.05,0.08,no
top4,2025,Brighton,1756872000,0.05,0.07,no
top4,2025,Brighton,1756958400,0.05,0.07,no
top4,2025,Brighton,1757044800,0.05,0.07,no
top4,2025,Brighton,1757131200,0.05,0.07,no
top4,2025,Brighton,1757217600,0.05,0.07,no
top4,2025,Brighton,1757304000,0.05,0.07,no
top4,2025,Brighton,1757390400,0.05,0.07,no
top4,2025,Brighton,1757476800,0.05,0.07,no
top4,2025,Brighton,1757563200,0.05,0.07,no
top4,2025,Brighton,1757649600,0.05,0.07,no
top4,2025,Brighton,1757736000,0.05,0.07,no
top4,2025,Brighton,1757822400,0.05,0.07,no
top4,2025,Brighton,1757908800,0.05,0.07,no
top4,2025,Brighton,1757995200,0.05,0.07,no
top4,2025,Brighton,1758081600,0.05,0.07,no
top4,2025,Brighton,1758168000,0.05,0.07,no
top4,2025,Brighton,1758254400,0.05,0.06,no
top4,2025,Brighton,1758340800,0.05,0.06,no
top4,2025,Brighton,1758427200,0.02,0.05,no
top4,2025,Brighton,1758513600,0.03,0.05,no
top4,2025,Brighton,1758600000,0.03,0.05,no
top4,2025,Brighton,1758686400,0.03,0.05,no
top4,2025,Brighton,1758772800,0.03,0.05,no
top4,2025,Brighton,1758859200,0.03,0.05,no
top4,2025,Brighton,1758945600,0.03,0.05,no
top4,2025,Brighton,1759032000,0.0,0.2,no
top4,2025,Brighton,1759118400,0.0,0.2,no
top4,2025,Brighton,1759204800,0.0,0.2,no
top4,2025,Brighton,1759291200,0.0,0.8,no
top4,2025,Brighton,1759377600,0.0,0.8,no
top4,2025,Brighton,1759464000,0.0,0.8,no
top4,2025,Brighton,1759550400,0.0,0.8,no
top4,2025,Brighton,1759636800,0.05,0.15,no
top4,2025,Brighton,1759723200,0.0,0.8,no
top4,2025,Brighton,1759809600,0.03,0.1,no
top4,2025,Brighton,1759896000,0.04,0.79,no
top4,2025,Brighton,1759982400,0.06,0.09,no
top4,2025,Brighton,1760068800,0.06,0.09,no
top4,2025,Brighton,1760155200,0.06,0.09,no
top4,2025,Brighton,1760241600,0.06,0.09,no
top4,2025,Brighton,1760328000,0.06,0.09,no
top4,2025,Brighton,1760414400,0.06,0.08,no
top4,2025,Brighton,1760500800,0.06,0.08,no
top4,2025,Brighton,1760587200,0.06,0.08,no
top4,2025,Brighton,1760673600,0.06,0.08,no
top4,2025,Brighton,1760760000,0.06,0.08,no
top4,2025,Brighton,1760846400,0.06,0.09,no
top4,2025,Brighton,1760932800,0.0,0.28,no
top4,2025,Brighton,1761019200,0.0,0.28,no
top4,2025,Brighton,1761105600,0.0,0.28,no
top4,2025,Brighton,1761192000,0.06,0.1,no
top4,2025,Brighton,1761278400,0.06,0.1,no
top4,2025,Brighton,1761364800,0.06,0.1,no
top4,2025,Brighton,1761451200,0.01,0.3,no
top4,2025,Brighton,1761537600,0.02,0.1,no
top4,2025,Brighton,1761624000,0.02,0.1,no
top4,2025,Brighton,1761710400,0.02,0.1,no
top4,2025,Brighton,1761796800,0.02,0.1,no
top4,2025,Brighton,1761883200,0.03,0.1,no
top4,2025,Brighton,1761969600,0.06,0.1,no
top4,2025,Brighton,1762056000,0.0,0.79,no
top4,2025,Brighton,1762142400,0.0,0.25,no
top4,2025,Brighton,1762232400,0.06,0.1,no
top4,2025,Brighton,1762318800,0.06,0.1,no
top4,2025,Brighton,1762405200,0.06,0.1,no
top4,2025,Brighton,1762491600,0.06,0.1,no
top4,2025,Brighton,1762578000,0.06,0.1,no
top4,2025,Brighton,1762664400,0.05,0.1,no
top4,2025,Brighton,1762750800,0.05,0.1,no
top4,2025,Brighton,1762837200,0.06,0.1,no
top4,2025,Brighton,1762923600,0.06,0.1,no
top4,2025,Brighton,1763010000,0.06,0.1,no
top4,2025,Brighton,1763096400,0.06,0.1,no
top4,2025,Brighton,1763182800,0.06,0.1,no
top4,2025,Brighton,1763269200,0.06,0.1,no
top4,2025,Brighton,1763355600,0.06,0.1,no
top4,2025,Brighton,1763442000,0.06,0.1,no
top4,2025,Brighton,1763528400,0.06,0.1,no
top4,2025,Brighton,1763614800,0.06,0.1,no
top4,2025,Brighton,1763701200,0.06,0.1,no
top4,2025,Brighton,1763787600,0.05,0.1,no
top4,2025,Brighton,1763874000,0.01,0.1,no
top4,2025,Brighton,1763960400,0.04,0.1,no
top4,2025,Brighton,1764046800,0.04,0.1,no
top4,2025,Brighton,1764133200,0.04,0.1,no
top4,2025,Brighton,1764219600,0.09,0.1,no
top4,2025,Brighton,1764306000,0.09,0.1,no
top4,2025,Brighton,1764392400,0.09,0.1,no
top4,2025,Brighton,1764478800,0.09,0.1,no
top4,2025,Brighton,1764565200,0.12,0.17,no
top4,2025,Brighton,1764651600,0.12,0.16,no
top4,2025,Brighton,1764738000,0.12,0.16,no
top4,2025,Brighton,1764824400,0.12,0.8,no
top4,2025,Brighton,1764910800,0.08,0.13,no
top4,2025,Brighton,1764997200,0.09,0.13,no
top4,2025,Brighton,1765083600,0.05,0.17,no
top4,2025,Brighton,1765170000,0.05,0.17,no
top4,2025,Brighton,1765256400,0.05,0.17,no
top4,2025,Brighton,1765342800,0.06,0.11,no
top4,2025,Brighton,1765429200,0.06,0.11,no
top4,2025,Brighton,1765515600,0.05,0.17,no
top4,2025,Brighton,1765602000,0.05,0.17,no
top4,2025,Brighton,1765688400,0.08,0.79,no
top4,2025,Brighton,1765774800,0.06,0.75,no
top4,2025,Brighton,1765861200,0.05,0.2,no
top4,2025,Brighton,1765947600,0.05,0.1,no
top4,2025,Brighton,1766034000,0.05,0.1,no
top4,2025,Brighton,1766120400,0.05,0.1,no
top4,2025,Brighton,1766206800,0.01,0.1,no
top4,2025,Brighton,1766293200,0.01,0.8,no
top4,2025,Brighton,1766379600,0.01,0.06,no
top4,2025,Brighton,1766466000,0.01,0.05,no
top4,2025,Brighton,1766552400,0.01,0.05,no
top4,2025,Brighton,1766638800,0.01,0.05,no
top4,2025,Brighton,1766725200,0.01,0.05,no
top4,2025,Brighton,1766811600,0.01,0.06,no
top4,2025,Brighton,1766898000,0.02,0.32,no
top4,2025,Brighton,1766984400,0.02,0.34,no
top4,2025,Brighton,1767070800,0.02,0.32,no
top4,2025,Brighton,1767157200,0.01,0.05,no
top4,2025,Brighton,1767243600,0.01,0.05,no
top4,2025,Brighton,1767330000,0.01,0.05,no
top4,2025,Brighton,1767416400,0.0,0.04,no
top4,2025,Brighton,1767502800,0.0,0.04,no
top4,2025,Brighton,1767589200,0.0,0.04,no
top4,2025,Brighton,1767675600,0.0,0.04,no
top4,2025,Brighton,1767762000,0.01,0.05,no
top4,2025,Brighton,1767848400,0.01,0.06,no
top4,2025,Brighton,1767934800,0.01,0.06,no
top4,2025,Brighton,1768021200,0.02,0.06,no
top4,2025,Brighton,1768107600,0.01,0.06,no
top4,2025,Brighton,1768194000,0.01,0.1,no
top4,2025,Brighton,1768280400,0.01,0.06,no
top4,2025,Brighton,1768366800,0.01,0.06,no
top4,2025,Brighton,1768453200,0.01,0.06,no
top4,2025,Brighton,1768539600,0.01,0.06,no
top4,2025,Brighton,1768626000,0.01,0.06,no
top4,2025,Brighton,1768712400,0.01,0.06,no
top4,2025,Brighton,1768798800,0.02,0.09,no
top4,2025,Brighton,1768885200,0.01,0.06,no
top4,2025,Brighton,1768971600,0.01,0.06,no
top4,2025,Brighton,1769058000,0.01,0.06,no
top4,2025,Brighton,1769144400,0.01,0.06,no
top4,2025,Brighton,1769230800,0.01,0.06,no
top4,2025,Brighton,1769317200,0.0,0.05,no
top4,2025,Brighton,1769403600,0.0,0.04,no
top4,2025,Brighton,1769490000,0.0,0.04,no
top4,2025,Brighton,1769576400,0.0,0.02,no
top4,2025,Brighton,1769662800,0.0,0.02,no
top4,2025,Brighton,1769749200,0.0,0.02,no
top4,2025,Brighton,1769835600,0.01,0.02,no
top4,2025,Brighton,1769922000,0.0,0.02,no
top4,2025,Brighton,1770008400,0.0,0.02,no
top4,2025,Brighton,1770094800,0.0,0.02,no
top4,2025,Brighton,1770181200,0.0,0.02,no
top4,2025,Brighton,1770267600,0.0,0.02,no
top4,2025,Brighton,1770354000,0.0,0.02,no
top4,2025,Brighton,1770440400,0.0,0.02,no
top4,2025,Brighton,1770526800,0.0,0.02,no
top4,2025,Brighton,1770613200,0.0,0.02,no
top4,2025,Brighton,1770699600,0.0,0.02,no
top4,2025,Brighton,1770786000,0.0,0.05,no
top4,2025,Brighton,1770958800,0.0,0.04,no
top4,2025,Brighton,1771045200,0.0,0.04,no
top4,2025,Brighton,1771131600,0.0,0.04,no
top4,2025,Brighton,1771218000,0.0,0.04,no
top4,2025,Brighton,1771304400,0.0,0.03,no
top4,2025,Brighton,1771390800,0.0,0.03,no
top4,2025,Brighton,1771477200,0.0,0.03,no
top4,2025,Brighton,1771563600,0.0,0.03,no
top4,2025,Brighton,1771650000,0.0,0.03,no
top4,2025,Brighton,1771736400,0.0,0.04,no
top4,2025,Brighton,1771995600,0.0,0.03,no
top4,2025,Brighton,1772082000,0.0,0.03,no
top4,2025,Brighton,1772168400,0.0,0.03,no
top4,2025,Brighton,1772254800,0.0,0.03,no
top4,2025,Brighton,1772341200,0.0,0.03,no
top4,2025,Brighton,1772427600,0.0,0.03,no
top4,2025,Brighton,1772514000,0.0,0.04,no
top4,2025,Brighton,1772686800,0.0,0.03,no
top4,2025,Brighton,1772773200,0.0,0.03,no
top4,2025,Brighton,1772859600,0.0,0.03,no
top4,2025,Brighton,1772946000,0.0,0.03,no
top4,2025,Brighton,1773032400,0.0,0.03,no
top4,2025,Brighton,1773115200,0.0,0.03,no
top4,2025,Brighton,1773201600,0.0,0.03,no
top4,2025,Brighton,1773288000,0.0,0.04,no
top4,2025,Brighton,1773374400,0.0,0.04,no
top4,2025,Brighton,1773460800,0.0,0.03,no
top4,2025,Brighton,1773547200,0.0,0.03,no
top4,2025,Brighton,1773633600,0.0,0.03,no
top4,2025,Brighton,1773720000,0.0,0.03,no
top4,2025,Brighton,1773806400,0.0,0.03,no
top4,2025,Brighton,1773892800,0.0,0.03,no
top4,2025,Brighton,1773979200,0.0,0.03,no
top4,2025,Brighton,1774065600,0.0,0.03,no
top4,2025,Brighton,1774152000,0.0,0.05,no
top4,2025,Brighton,1774238400,0.0,0.05,no
top4,2025,Brighton,1774324800,0.0,0.05,no
top4,2025,Brighton,1774411200,0.0,0.05,no
top4,2025,Brighton,1774497600,0.0,0.05,no
top4,2025,Brighton,1774584000,0.0,0.05,no
top4,2025,Brighton,1774670400,0.0,0.05,no
top4,2025,Brighton,1774756800,0.0,0.05,no
top4,2025,Brighton,1774843200,0.0,0.05,no
top4,2025,Brighton,1774929600,0.0,0.05,no
top4,2025,Brighton,1775016000,0.0,0.05,no
top4,2025,Brighton,1775102400,0.0,0.05,no
top4,2025,Brighton,1775188800,0.0,0.05,no
top4,2025,Brighton,1775275200,0.0,0.04,no
top4,2025,Brighton,1775361600,0.0,0.04,no
top4,2025,Brighton,1775448000,0.0,0.04,no
top4,2025,Brighton,1775534400,0.0,0.04,no
top4,2025,Brighton,1775620800,0.0,0.07,no
top4,2025,Brighton,1775707200,0.0,0.04,no
top4,2025,Brighton,1775793600,0.0,0.04,no
top4,2025,Brighton,1775880000,0.0,0.04,no
top4,2025,Brighton,1775966400,0.0,0.05,no
top4,2025,Brighton,1776052800,0.0,0.04,no
top4,2025,Brighton,1776139200,0.0,0.06,no
top4,2025,Brighton,1776225600,0.0,0.07,no
top4,2025,Brighton,1776312000,0.0,0.05,no
top4,2025,Brighton,1776398400,0.0,0.05,no
top4,2025,Brighton,1776484800,0.0,0.05,no
top4,2025,Brighton,1776571200,0.0,0.06,no
top4,2025,Brighton,1776657600,0.0,0.06,no
top4,2025,Brighton,1776744000,0.0,0.05,no
top4,2025,Brighton,1776830400,0.0,0.05,no
top4,2025,Brighton,1776916800,0.0,0.05,no
top4,2025,Brighton,1777003200,0.0,0.09,no
top4,2025,Brighton,1777089600,0.0,0.09,no
top4,2025,Brighton,1777176000,0.0,0.02,no
top4,2025,Brighton,1777262400,0.0,0.06,no
top4,2025,Brighton,1777348800,0.0,0.02,no
top4,2025,Brighton,1777435200,0.0,0.06,no
top4,2025,Brighton,1777521600,0.01,0.05,no
top4,2025,Brighton,1777608000,0.0,0.02,no
top4,2025,Brighton,1777780800,0.0,0.07,no
top4,2025,Brighton,1777867200,0.0,0.08,no
top4,2025,Brighton,1777953600,0.0,0.07,no
top4,2025,Brighton,1778126400,0.0,0.07,no
top4,2025,Brighton,1778212800,0.0,0.07,no
top4,2025,Brighton,1778299200,0.0,0.06,no
top4,2025,Brighton,1778385600,0.0,0.08,no
top4,2025,Brighton,1778472000,0.0,0.01,no
top4,2025,Brighton,1778558400,0.0,0.01,no
top4,2025,Brighton,1778904000,0.0,0.01,no
top4,2025,Brighton,1778990400,0.0,0.01,no
top4,2025,Brighton,1779249600,0.0,0.07,no
top4,2025,Brighton,1779336000,0.0,0.07,no
top4,2025,Brighton,1779422400,0.0,0.01,no
top4,2025,Brighton,1779508800,0.0,0.01,no
top4,2025,Brighton,1779595200,0.0,0.01,no
top4,2025,Brighton,1779681600,0.0,1.0,no
top4,2025,Aston Villa,1754712000,0.14,0.19,yes
top4,2025,Aston Villa,1754798400,0.14,0.19,yes
top4,2025,Aston Villa,1754884800,0.14,0.19,yes
top4,2025,Aston Villa,1754971200,0.14,0.18,yes
top4,2025,Aston Villa,1755057600,0.14,0.18,yes
top4,2025,Aston Villa,1755144000,0.15,0.2,yes
top4,2025,Aston Villa,1755230400,0.04,0.23,yes
top4,2025,Aston Villa,1755316800,0.13,0.17,yes
top4,2025,Aston Villa,1755403200,0.1,0.14,yes
top4,2025,Aston Villa,1755489600,0.1,0.14,yes
top4,2025,Aston Villa,1755576000,0.09,0.14,yes
top4,2025,Aston Villa,1755662400,0.11,0.14,yes
top4,2025,Aston Villa,1755748800,0.11,0.15,yes
top4,2025,Aston Villa,1755835200,0.11,0.16,yes
top4,2025,Aston Villa,1755921600,0.11,0.15,yes
top4,2025,Aston Villa,1756008000,0.11,0.17,yes
top4,2025,Aston Villa,1756094400,0.1,0.17,yes
top4,2025,Aston Villa,1756180800,0.11,0.12,yes
top4,2025,Aston Villa,1756267200,0.06,0.11,yes
top4,2025,Aston Villa,1756353600,0.06,0.11,yes
top4,2025,Aston Villa,1756440000,0.06,0.1,yes
top4,2025,Aston Villa,1756526400,0.06,0.1,yes
top4,2025,Aston Villa,1756612800,0.04,0.08,yes
top4,2025,Aston Villa,1756699200,0.04,0.08,yes
top4,2025,Aston Villa,1756785600,0.03,0.06,yes
top4,2025,Aston Villa,1756872000,0.03,0.05,yes
top4,2025,Aston Villa,1756958400,0.03,0.05,yes
top4,2025,Aston Villa,1757044800,0.04,0.05,yes
top4,2025,Aston Villa,1757131200,0.04,0.05,yes
top4,2025,Aston Villa,1757217600,0.04,0.05,yes
top4,2025,Aston Villa,1757304000,0.04,0.05,yes
top4,2025,Aston Villa,1757390400,0.04,0.05,yes
top4,2025,Aston Villa,1757476800,0.04,0.05,yes
top4,2025,Aston Villa,1757563200,0.04,0.05,yes
top4,2025,Aston Villa,1757649600,0.04,0.05,yes
top4,2025,Aston Villa,1757736000,0.04,0.05,yes
top4,2025,Aston Villa,1757822400,0.04,0.05,yes
top4,2025,Aston Villa,1757908800,0.04,0.05,yes
top4,2025,Aston Villa,1757995200,0.04,0.05,yes
top4,2025,Aston Villa,1758081600,0.04,0.05,yes
top4,2025,Aston Villa,1758168000,0.04,0.05,yes
top4,2025,Aston Villa,1758254400,0.04,0.05,yes
top4,2025,Aston Villa,1758340800,0.04,0.05,yes
top4,2025,Aston Villa,1758427200,0.03,0.05,yes
top4,2025,Aston Villa,1758513600,0.02,0.05,yes
top4,2025,Aston Villa,1758600000,0.02,0.05,yes
top4,2025,Aston Villa,1758686400,0.02,0.05,yes
top4,2025,Aston Villa,1758772800,0.02,0.05,yes
top4,2025,Aston Villa,1758859200,0.02,0.05,yes
top4,2025,Aston Villa,1758945600,0.02,0.05,yes
top4,2025,Aston Villa,1759032000,0.01,0.05,yes
top4,2025,Aston Villa,1759118400,0.01,0.1,yes
top4,2025,Aston Villa,1759204800,0.01,0.1,yes
top4,2025,Aston Villa,1759291200,0.0,0.1,yes
top4,2025,Aston Villa,1759377600,0.0,0.1,yes
top4,2025,Aston Villa,1759464000,0.0,0.1,yes
top4,2025,Aston Villa,1759550400,0.0,0.1,yes
top4,2025,Aston Villa,1759636800,0.03,0.09,yes
top4,2025,Aston Villa,1759723200,0.0,0.18,yes
top4,2025,Aston Villa,1759809600,0.03,0.1,yes
top4,2025,Aston Villa,1759896000,0.03,0.1,yes
top4,2025,Aston Villa,1759982400,0.03,0.06,yes
top4,2025,Aston Villa,1760068800,0.03,0.06,yes
top4,2025,Aston Villa,1760155200,0.03,0.06,yes
top4,2025,Aston Villa,1760241600,0.03,0.06,yes
top4,2025,Aston Villa,1760328000,0.03,0.06,yes
top4,2025,Aston Villa,1760414400,0.03,0.06,yes
top4,2025,Aston Villa,1760500800,0.03,0.06,yes
top4,2025,Aston Villa,1760587200,0.03,0.06,yes
top4,2025,Aston Villa,1760673600,0.03,0.06,yes
top4,2025,Aston Villa,1760760000,0.03,0.06,yes
top4,2025,Aston Villa,1760846400,0.03,0.06,yes
top4,2025,Aston Villa,1760932800,0.0,0.07,yes
top4,2025,Aston Villa,1761019200,0.0,0.07,yes
top4,2025,Aston Villa,1761105600,0.0,0.07,yes
top4,2025,Aston Villa,1761192000,0.05,0.07,yes
top4,2025,Aston Villa,1761278400,0.05,0.07,yes
top4,2025,Aston Villa,1761364800,0.05,0.07,yes
top4,2025,Aston Villa,1761451200,0.05,0.07,yes
top4,2025,Aston Villa,1761537600,0.0,0.13,yes
top4,2025,Aston Villa,1761624000,0.05,0.13,yes
top4,2025,Aston Villa,1761710400,0.05,0.13,yes
top4,2025,Aston Villa,1761796800,0.05,0.13,yes
top4,2025,Aston Villa,1761883200,0.05,0.13,yes
top4,2025,Aston Villa,1761969600,0.09,0.13,yes
top4,2025,Aston Villa,1762056000,0.01,0.13,yes
top4,2025,Aston Villa,1762142400,0.0,0.13,yes
top4,2025,Aston Villa,1762232400,0.05,0.1,yes
top4,2025,Aston Villa,1762318800,0.05,0.1,yes
top4,2025,Aston Villa,1762405200,0.05,0.1,yes
top4,2025,Aston Villa,1762491600,0.06,0.1,yes
top4,2025,Aston Villa,1762578000,0.06,0.1,yes
top4,2025,Aston Villa,1762664400,0.06,0.1,yes
top4,2025,Aston Villa,1762750800,0.01,0.27,yes
top4,2025,Aston Villa,1762837200,0.07,0.12,yes
top4,2025,Aston Villa,1762923600,0.08,0.13,yes
top4,2025,Aston Villa,1763010000,0.08,0.13,yes
top4,2025,Aston Villa,1763096400,0.08,0.13,yes
top4,2025,Aston Villa,1763182800,0.08,0.13,yes
top4,2025,Aston Villa,1763269200,0.08,0.13,yes
top4,2025,Aston Villa,1763355600,0.08,0.13,yes
top4,2025,Aston Villa,1763442000,0.08,0.13,yes
top4,2025,Aston Villa,1763528400,0.08,0.13,yes
top4,2025,Aston Villa,1763614800,0.08,0.13,yes
top4,2025,Aston Villa,1763701200,0.08,0.13,yes
top4,2025,Aston Villa,1763787600,0.08,0.11,yes
top4,2025,Aston Villa,1763874000,0.08,0.13,yes
top4,2025,Aston Villa,1763960400,0.13,0.27,yes
top4,2025,Aston Villa,1764046800,0.07,0.19,yes
top4,2025,Aston Villa,1764133200,0.11,0.19,yes
top4,2025,Aston Villa,1764219600,0.11,0.16,yes
top4,2025,Aston Villa,1764306000,0.11,0.16,yes
top4,2025,Aston Villa,1764392400,0.11,0.18,yes
top4,2025,Aston Villa,1764478800,0.1,0.15,yes
top4,2025,Aston Villa,1764565200,0.13,0.18,yes
top4,2025,Aston Villa,1764651600,0.13,0.17,yes
top4,2025,Aston Villa,1764738000,0.13,0.17,yes
top4,2025,Aston Villa,1764824400,0.2,0.3,yes
top4,2025,Aston Villa,1764910800,0.27,0.31,yes
top4,2025,Aston Villa,1764997200,0.27,0.3,yes
top4,2025,Aston Villa,1765083600,0.36,0.38,yes
top4,2025,Aston Villa,1765170000,0.35,0.37,yes
top4,2025,Aston Villa,1765256400,0.36,0.38,yes
top4,2025,Aston Villa,1765342800,0.38,0.42,yes
top4,2025,Aston Villa,1765429200,0.38,0.41,yes
top4,2025,Aston Villa,1765515600,0.41,0.5,yes
top4,2025,Aston Villa,1765602000,0.4,0.51,yes
top4,2025,Aston Villa,1765688400,0.34,0.42,yes
top4,2025,Aston Villa,1765774800,0.48,0.51,yes
top4,2025,Aston Villa,1765861200,0.36,0.4,yes
top4,2025,Aston Villa,1765947600,0.37,0.43,yes
top4,2025,Aston Villa,1766034000,0.35,0.39,yes
top4,2025,Aston Villa,1766120400,0.37,0.44,yes
top4,2025,Aston Villa,1766206800,0.37,0.43,yes
top4,2025,Aston Villa,1766293200,0.41,0.48,yes
top4,2025,Aston Villa,1766379600,0.49,0.53,yes
top4,2025,Aston Villa,1766466000,0.52,0.53,yes
top4,2025,Aston Villa,1766552400,0.52,0.53,yes
top4,2025,Aston Villa,1766638800,0.51,0.55,yes
top4,2025,Aston Villa,1766725200,0.51,0.56,yes
top4,2025,Aston Villa,1766811600,0.49,0.55,yes
top4,2025,Aston Villa,1766898000,0.63,0.66,yes
top4,2025,Aston Villa,1766984400,0.63,0.65,yes
top4,2025,Aston Villa,1767070800,0.63,0.65,yes
top4,2025,Aston Villa,1767157200,0.62,0.65,yes
top4,2025,Aston Villa,1767243600,0.61,0.62,yes
top4,2025,Aston Villa,1767330000,0.63,0.65,yes
top4,2025,Aston Villa,1767416400,0.63,0.64,yes
top4,2025,Aston Villa,1767502800,0.7,0.72,yes
top4,2025,Aston Villa,1767589200,0.74,0.75,yes
top4,2025,Aston Villa,1767675600,0.71,0.74,yes
top4,2025,Aston Villa,1767762000,0.72,0.75,yes
top4,2025,Aston Villa,1767848400,0.75,0.77,yes
top4,2025,Aston Villa,1767934800,0.75,0.77,yes
top4,2025,Aston Villa,1768021200,0.75,0.77,yes
top4,2025,Aston Villa,1768107600,0.74,0.78,yes
top4,2025,Aston Villa,1768194000,0.73,0.78,yes
top4,2025,Aston Villa,1768280400,0.75,0.78,yes
top4,2025,Aston Villa,1768366800,0.75,0.79,yes
top4,2025,Aston Villa,1768453200,0.74,0.79,yes
top4,2025,Aston Villa,1768539600,0.75,0.79,yes
top4,2025,Aston Villa,1768626000,0.74,0.79,yes
top4,2025,Aston Villa,1768712400,0.72,0.75,yes
top4,2025,Aston Villa,1768798800,0.64,0.69,yes
top4,2025,Aston Villa,1768885200,0.63,0.66,yes
top4,2025,Aston Villa,1768971600,0.61,0.66,yes
top4,2025,Aston Villa,1769058000,0.6,0.61,yes
top4,2025,Aston Villa,1769144400,0.6,0.62,yes
top4,2025,Aston Villa,1769230800,0.6,0.62,yes
top4,2025,Aston Villa,1769317200,0.64,0.69,yes
top4,2025,Aston Villa,1769403600,0.7,0.73,yes
top4,2025,Aston Villa,1769490000,0.73,0.77,yes
top4,2025,Aston Villa,1769576400,0.72,0.77,yes
top4,2025,Aston Villa,1769662800,0.72,0.77,yes
top4,2025,Aston Villa,1769749200,0.73,0.77,yes
top4,2025,Aston Villa,1769835600,0.75,0.77,yes
top4,2025,Aston Villa,1769922000,0.61,0.82,yes
top4,2025,Aston Villa,1770008400,0.55,0.59,yes
top4,2025,Aston Villa,1770094800,0.61,0.63,yes
top4,2025,Aston Villa,1770181200,0.61,0.64,yes
top4,2025,Aston Villa,1770267600,0.61,0.64,yes
top4,2025,Aston Villa,1770354000,0.61,0.64,yes
top4,2025,Aston Villa,1770440400,0.59,0.61,yes
top4,2025,Aston Villa,1770526800,0.53,0.55,yes
top4,2025,Aston Villa,1770613200,0.52,0.56,yes
top4,2025,Aston Villa,1770699600,0.5,0.52,yes
top4,2025,Aston Villa,1770786000,0.58,0.59,yes
top4,2025,Aston Villa,1770872400,0.6,0.64,yes
top4,2025,Aston Villa,1770958800,0.64,0.65,yes
top4,2025,Aston Villa,1771045200,0.64,0.66,yes
top4,2025,Aston Villa,1771131600,0.64,0.66,yes
top4,2025,Aston Villa,1771218000,0.65,0.68,yes
top4,2025,Aston Villa,1771304400,0.65,0.66,yes
top4,2025,Aston Villa,1771390800,0.65,0.67,yes
top4,2025,Aston Villa,1771477200,0.62,0.64,yes
top4,2025,Aston Villa,1771563600,0.6,0.62,yes
top4,2025,Aston Villa,1771650000,0.61,0.63,yes
top4,2025,Aston Villa,1771736400,0.55,0.66,yes
top4,2025,Aston Villa,1771822800,0.62,0.64,yes
top4,2025,Aston Villa,1771909200,0.58,0.6,yes
top4,2025,Aston Villa,1771995600,0.57,0.58,yes
top4,2025,Aston Villa,1772082000,0.57,0.58,yes
top4,2025,Aston Villa,1772168400,0.57,0.58,yes
top4,2025,Aston Villa,1772254800,0.42,0.46,yes
top4,2025,Aston Villa,1772341200,0.39,0.41,yes
top4,2025,Aston Villa,1772427600,0.37,0.39,yes
top4,2025,Aston Villa,1772514000,0.36,0.37,yes
top4,2025,Aston Villa,1772600400,0.46,0.49,yes
top4,2025,Aston Villa,1772686800,0.31,0.32,yes
top4,2025,Aston Villa,1772773200,0.31,0.32,yes
top4,2025,Aston Villa,1772859600,0.32,0.33,yes
top4,2025,Aston Villa,1772946000,0.32,0.33,yes
top4,2025,Aston Villa,1773032400,0.31,0.34,yes
top4,2025,Aston Villa,1773115200,0.31,0.34,yes
top4,2025,Aston Villa,1773201600,0.33,0.34,yes
top4,2025,Aston Villa,1773288000,0.33,0.35,yes
top4,2025,Aston Villa,1773374400,0.32,0.35,yes
top4,2025,Aston Villa,1773460800,0.32,0.34,yes
top4,2025,Aston Villa,1773547200,0.34,0.37,yes
top4,2025,Aston Villa,1773633600,0.36,0.38,yes
top4,2025,Aston Villa,1773720000,0.37,0.38,yes
top4,2025,Aston Villa,1773806400,0.35,0.36,yes
top4,2025,Aston Villa,1773892800,0.34,0.36,yes
top4,2025,Aston Villa,1773979200,0.35,0.38,yes
top4,2025,Aston Villa,1774065600,0.39,0.41,yes
top4,2025,Aston Villa,1774152000,0.57,0.58,yes
top4,2025,Aston Villa,1774238400,0.66,0.67,yes
top4,2025,Aston Villa,1774324800,0.64,0.65,yes
top4,2025,Aston Villa,1774411200,0.64,0.66,yes
top4,2025,Aston Villa,1774497600,0.64,0.66,yes
top4,2025,Aston Villa,1774584000,0.63,0.65,yes
top4,2025,Aston Villa,1774670400,0.62,0.65,yes
top4,2025,Aston Villa,1774756800,0.63,0.65,yes
top4,2025,Aston Villa,1774843200,0.63,0.65,yes
top4,2025,Aston Villa,1774929600,0.63,0.65,yes
top4,2025,Aston Villa,1775016000,0.62,0.64,yes
top4,2025,Aston Villa,1775102400,0.63,0.64,yes
top4,2025,Aston Villa,1775188800,0.63,0.64,yes
top4,2025,Aston Villa,1775275200,0.64,0.65,yes
top4,2025,Aston Villa,1775361600,0.63,0.65,yes
top4,2025,Aston Villa,1775448000,0.63,0.65,yes
top4,2025,Aston Villa,1775534400,0.63,0.65,yes
top4,2025,Aston Villa,1775620800,0.63,0.65,yes
top4,2025,Aston Villa,1775707200,0.63,0.65,yes
top4,2025,Aston Villa,1775793600,0.63,0.65,yes
top4,2025,Aston Villa,1775880000,0.64,0.65,yes
top4,2025,Aston Villa,1775966400,0.64,0.67,yes
top4,2025,Aston Villa,1776052800,0.61,0.62,yes
top4,2025,Aston Villa,1776139200,0.68,0.69,yes
top4,2025,Aston Villa,1776225600,0.63,0.64,yes
top4,2025,Aston Villa,1776312000,0.61,0.64,yes
top4,2025,Aston Villa,1776398400,0.62,0.64,yes
top4,2025,Aston Villa,1776484800,0.62,0.64,yes
top4,2025,Aston Villa,1776571200,0.64,0.67,yes
top4,2025,Aston Villa,1776657600,0.64,0.65,yes
top4,2025,Aston Villa,1776744000,0.62,0.63,yes
top4,2025,Aston Villa,1776830400,0.61,0.62,yes
top4,2025,Aston Villa,1776916800,0.59,0.64,yes
top4,2025,Aston Villa,1777003200,0.59,0.62,yes
top4,2025,Aston Villa,1777089600,0.59,0.63,yes
top4,2025,Aston Villa,1777176000,0.39,0.4,yes
top4,2025,Aston Villa,1777262400,0.38,0.4,yes
top4,2025,Aston Villa,1777348800,0.42,0.43,yes
top4,2025,Aston Villa,1777435200,0.39,0.41,yes
top4,2025,Aston Villa,1777521600,0.39,0.4,yes
top4,2025,Aston Villa,1777608000,0.39,0.4,yes
top4,2025,Aston Villa,1777694400,0.39,0.4,yes
top4,2025,Aston Villa,1777780800,0.38,0.4,yes
top4,2025,Aston Villa,1777867200,0.33,0.37,yes
top4,2025,Aston Villa,1777953600,0.28,0.29,yes
top4,2025,Aston Villa,1778040000,0.28,0.29,yes
top4,2025,Aston Villa,1778126400,0.26,0.27,yes
top4,2025,Aston Villa,1778212800,0.28,0.29,yes
top4,2025,Aston Villa,1778299200,0.24,0.28,yes
top4,2025,Aston Villa,1778385600,0.34,0.36,yes
top4,2025,Aston Villa,1778472000,0.22,0.23,yes
top4,2025,Aston Villa,1778558400,0.22,0.23,yes
top4,2025,Aston Villa,1778644800,0.25,0.26,yes
top4,2025,Aston Villa,1778731200,0.22,0.24,yes
top4,2025,Aston Villa,1778817600,0.2,0.21,yes
top4,2025,Aston Villa,1778904000,0.51,0.55,yes
top4,2025,Aston Villa,1778990400,0.55,0.57,yes
top4,2025,Aston Villa,1779076800,0.55,0.58,yes
top4,2025,Aston Villa,1779163200,0.56,0.57,yes
top4,2025,Aston Villa,1779249600,0.63,0.69,yes
top4,2025,Aston Villa,1779336000,0.6,0.63,yes
top4,2025,Aston Villa,1779422400,0.58,0.62,yes
top4,2025,Aston Villa,1779508800,0.58,0.61,yes
top4,2025,Aston Villa,1779595200,0.59,0.61,yes
top4,2025,Aston Villa,1779681600,0.0,1.0,yes
top4,2025,Arsenal,1754712000,0.77,0.82,yes
top4,2025,Arsenal,1754798400,0.77,0.82,yes
top4,2025,Arsenal,1754884800,0.77,0.82,yes
top4,2025,Arsenal,1754971200,0.78,0.82,yes
top4,2025,Arsenal,1755057600,0.78,0.82,yes
top4,2025,Arsenal,1755144000,0.79,0.83,yes
top4,2025,Arsenal,1755230400,0.84,0.91,yes
top4,2025,Arsenal,1755316800,0.83,0.87,yes
top4,2025,Arsenal,1755403200,0.83,0.85,yes
top4,2025,Arsenal,1755489600,0.85,0.89,yes
top4,2025,Arsenal,1755576000,0.82,0.87,yes
top4,2025,Arsenal,1755662400,0.83,0.84,yes
top4,2025,Arsenal,1755748800,0.86,0.87,yes
top4,2025,Arsenal,1755835200,0.83,0.86,yes
top4,2025,Arsenal,1755921600,0.84,0.85,yes
top4,2025,Arsenal,1756008000,0.82,0.87,yes
top4,2025,Arsenal,1756094400,0.81,0.86,yes
top4,2025,Arsenal,1756180800,0.81,0.86,yes
top4,2025,Arsenal,1756267200,0.8,0.84,yes
top4,2025,Arsenal,1756353600,0.8,0.84,yes
top4,2025,Arsenal,1756440000,0.82,0.83,yes
top4,2025,Arsenal,1756526400,0.82,0.83,yes
top4,2025,Arsenal,1756612800,0.82,0.83,yes
top4,2025,Arsenal,1756699200,0.82,0.84,yes
top4,2025,Arsenal,1756785600,0.84,0.88,yes
top4,2025,Arsenal,1756872000,0.85,0.87,yes
top4,2025,Arsenal,1756958400,0.85,0.87,yes
top4,2025,Arsenal,1757044800,0.86,0.87,yes
top4,2025,Arsenal,1757131200,0.86,0.87,yes
top4,2025,Arsenal,1757217600,0.86,0.87,yes
top4,2025,Arsenal,1757304000,0.86,0.87,yes
top4,2025,Arsenal,1757390400,0.86,0.87,yes
top4,2025,Arsenal,1757476800,0.86,0.87,yes
top4,2025,Arsenal,1757563200,0.86,0.87,yes
top4,2025,Arsenal,1757649600,0.86,0.87,yes
top4,2025,Arsenal,1757736000,0.86,0.87,yes
top4,2025,Arsenal,1757822400,0.86,0.88,yes
top4,2025,Arsenal,1757908800,0.87,0.88,yes
top4,2025,Arsenal,1757995200,0.87,0.88,yes
top4,2025,Arsenal,1758081600,0.87,0.89,yes
top4,2025,Arsenal,1758168000,0.87,0.9,yes
top4,2025,Arsenal,1758254400,0.88,0.9,yes
top4,2025,Arsenal,1758340800,0.88,0.9,yes
top4,2025,Arsenal,1758427200,0.86,0.89,yes
top4,2025,Arsenal,1758513600,0.87,0.88,yes
top4,2025,Arsenal,1758600000,0.86,0.88,yes
top4,2025,Arsenal,1758686400,0.86,0.88,yes
top4,2025,Arsenal,1758772800,0.86,0.88,yes
top4,2025,Arsenal,1758859200,0.87,0.88,yes
top4,2025,Arsenal,1758945600,0.87,0.88,yes
top4,2025,Arsenal,1759032000,0.87,0.96,yes
top4,2025,Arsenal,1759118400,0.91,0.97,yes
top4,2025,Arsenal,1759204800,0.93,0.97,yes
top4,2025,Arsenal,1759291200,0.93,0.97,yes
top4,2025,Arsenal,1759377600,0.93,0.97,yes
top4,2025,Arsenal,1759464000,0.88,0.97,yes
top4,2025,Arsenal,1759550400,0.88,0.97,yes
top4,2025,Arsenal,1759636800,0.82,0.99,yes
top4,2025,Arsenal,1759723200,0.82,0.98,yes
top4,2025,Arsenal,1759809600,0.83,0.95,yes
top4,2025,Arsenal,1759896000,0.84,0.94,yes
top4,2025,Arsenal,1759982400,0.9,0.92,yes
top4,2025,Arsenal,1760068800,0.9,0.93,yes
top4,2025,Arsenal,1760155200,0.9,0.93,yes
top4,2025,Arsenal,1760241600,0.9,0.93,yes
top4,2025,Arsenal,1760328000,0.9,0.93,yes
top4,2025,Arsenal,1760414400,0.92,0.93,yes
top4,2025,Arsenal,1760500800,0.91,0.93,yes
top4,2025,Arsenal,1760587200,0.91,0.92,yes
top4,2025,Arsenal,1760673600,0.91,0.94,yes
top4,2025,Arsenal,1760760000,0.91,0.95,yes
top4,2025,Arsenal,1760846400,0.91,0.95,yes
top4,2025,Arsenal,1760932800,0.83,0.87,yes
top4,2025,Arsenal,1761019200,0.75,0.88,yes
top4,2025,Arsenal,1761105600,0.74,0.88,yes
top4,2025,Arsenal,1761192000,0.91,0.93,yes
top4,2025,Arsenal,1761278400,0.91,0.93,yes
top4,2025,Arsenal,1761364800,0.91,0.94,yes
top4,2025,Arsenal,1761451200,0.78,0.92,yes
top4,2025,Arsenal,1761537600,0.8,0.94,yes
top4,2025,Arsenal,1761624000,0.85,0.92,yes
top4,2025,Arsenal,1761710400,0.85,0.92,yes
top4,2025,Arsenal,1761796800,0.85,0.95,yes
top4,2025,Arsenal,1761883200,0.86,0.95,yes
top4,2025,Arsenal,1761969600,0.86,0.96,yes
top4,2025,Arsenal,1762056000,0.82,0.97,yes
top4,2025,Arsenal,1762142400,0.83,0.97,yes
top4,2025,Arsenal,1762232400,0.85,0.97,yes
top4,2025,Arsenal,1762318800,0.85,0.97,yes
top4,2025,Arsenal,1762405200,0.85,0.97,yes
top4,2025,Arsenal,1762491600,0.84,0.97,yes
top4,2025,Arsenal,1762578000,0.84,0.97,yes
top4,2025,Arsenal,1762664400,0.83,0.99,yes
top4,2025,Arsenal,1762750800,0.82,0.98,yes
top4,2025,Arsenal,1762837200,0.92,0.97,yes
top4,2025,Arsenal,1762923600,0.93,0.98,yes
top4,2025,Arsenal,1763010000,0.93,0.98,yes
top4,2025,Arsenal,1763096400,0.91,0.98,yes
top4,2025,Arsenal,1763182800,0.93,0.97,yes
top4,2025,Arsenal,1763269200,0.92,0.97,yes
top4,2025,Arsenal,1763355600,0.92,0.99,yes
top4,2025,Arsenal,1763442000,0.92,0.99,yes
top4,2025,Arsenal,1763528400,0.92,0.99,yes
top4,2025,Arsenal,1763614800,0.92,0.99,yes
top4,2025,Arsenal,1763701200,0.92,0.99,yes
top4,2025,Arsenal,1763787600,0.92,0.97,yes
top4,2025,Arsenal,1763874000,0.88,0.97,yes
top4,2025,Arsenal,1763960400,0.89,0.97,yes
top4,2025,Arsenal,1764046800,0.89,0.97,yes
top4,2025,Arsenal,1764133200,0.88,0.97,yes
top4,2025,Arsenal,1764219600,0.89,0.97,yes
top4,2025,Arsenal,1764306000,0.88,0.97,yes
top4,2025,Arsenal,1764392400,0.89,0.97,yes
top4,2025,Arsenal,1764478800,0.89,0.97,yes
top4,2025,Arsenal,1764565200,0.89,0.97,yes
top4,2025,Arsenal,1764651600,0.89,0.98,yes
top4,2025,Arsenal,1764738000,0.89,0.98,yes
top4,2025,Arsenal,1764824400,0.97,0.98,yes
top4,2025,Arsenal,1764910800,0.93,0.97,yes
top4,2025,Arsenal,1764997200,0.97,0.98,yes
top4,2025,Arsenal,1765083600,0.91,0.99,yes
top4,2025,Arsenal,1765170000,0.9,0.99,yes
top4,2025,Arsenal,1765256400,0.9,0.99,yes
top4,2025,Arsenal,1765342800,0.92,0.97,yes
top4,2025,Arsenal,1765429200,0.93,0.96,yes
top4,2025,Arsenal,1765515600,0.94,0.98,yes
top4,2025,Arsenal,1765602000,0.93,0.95,yes
top4,2025,Arsenal,1765688400,0.93,0.98,yes
top4,2025,Arsenal,1765774800,0.93,0.98,yes
top4,2025,Arsenal,1765861200,0.93,0.98,yes
top4,2025,Arsenal,1765947600,0.93,0.96,yes
top4,2025,Arsenal,1766034000,0.94,0.97,yes
top4,2025,Arsenal,1766120400,0.93,0.98,yes
top4,2025,Arsenal,1766206800,0.92,0.99,yes
top4,2025,Arsenal,1766293200,0.91,0.98,yes
top4,2025,Arsenal,1766379600,0.93,0.98,yes
top4,2025,Arsenal,1766466000,0.93,0.98,yes
top4,2025,Arsenal,1766552400,0.93,0.98,yes
top4,2025,Arsenal,1766638800,0.93,0.98,yes
top4,2025,Arsenal,1766725200,0.93,0.98,yes
top4,2025,Arsenal,1766811600,0.93,0.98,yes
top4,2025,Arsenal,1766898000,0.93,0.97,yes
top4,2025,Arsenal,1766984400,0.93,0.97,yes
top4,2025,Arsenal,1767070800,0.93,0.97,yes
top4,2025,Arsenal,1767157200,0.94,0.97,yes
top4,2025,Arsenal,1767243600,0.94,0.97,yes
top4,2025,Arsenal,1767330000,0.94,0.97,yes
top4,2025,Arsenal,1767416400,0.94,0.98,yes
top4,2025,Arsenal,1767502800,0.95,0.98,yes
top4,2025,Arsenal,1767589200,0.97,0.98,yes
top4,2025,Arsenal,1767675600,0.96,0.98,yes
top4,2025,Arsenal,1767762000,0.96,0.98,yes
top4,2025,Arsenal,1767848400,0.96,0.98,yes
top4,2025,Arsenal,1767934800,0.96,0.98,yes
top4,2025,Arsenal,1768021200,0.96,0.98,yes
top4,2025,Arsenal,1768107600,0.96,0.98,yes
top4,2025,Arsenal,1768194000,0.97,0.98,yes
top4,2025,Arsenal,1768280400,0.97,0.98,yes
top4,2025,Arsenal,1768366800,0.98,0.99,yes
top4,2025,Arsenal,1768453200,0.92,0.99,yes
top4,2025,Arsenal,1768539600,0.93,0.99,yes
top4,2025,Arsenal,1768626000,0.93,0.99,yes
top4,2025,Arsenal,1768712400,0.94,0.98,yes
top4,2025,Arsenal,1768798800,0.94,0.99,yes
top4,2025,Arsenal,1768885200,0.94,0.99,yes
top4,2025,Arsenal,1768971600,0.94,0.99,yes
top4,2025,Arsenal,1769058000,0.94,0.99,yes
top4,2025,Arsenal,1769144400,0.94,0.99,yes
top4,2025,Arsenal,1769230800,0.94,0.99,yes
top4,2025,Arsenal,1769317200,0.95,0.99,yes
top4,2025,Arsenal,1769403600,0.94,0.99,yes
top4,2025,Arsenal,1769490000,0.94,0.99,yes
top4,2025,Arsenal,1769576400,0.94,0.99,yes
top4,2025,Arsenal,1769662800,0.94,0.99,yes
top4,2025,Arsenal,1769749200,0.94,0.99,yes
top4,2025,Arsenal,1769835600,0.95,0.99,yes
top4,2025,Arsenal,1769922000,0.94,0.99,yes
top4,2025,Arsenal,1770008400,0.94,0.99,yes
top4,2025,Arsenal,1770094800,0.94,0.99,yes
top4,2025,Arsenal,1770181200,0.95,0.99,yes
top4,2025,Arsenal,1770267600,0.95,0.99,yes
top4,2025,Arsenal,1770354000,0.95,0.99,yes
top4,2025,Arsenal,1770440400,0.95,0.99,yes
top4,2025,Arsenal,1770526800,0.94,0.99,yes
top4,2025,Arsenal,1770613200,0.94,0.99,yes
top4,2025,Arsenal,1770699600,0.94,0.99,yes
top4,2025,Arsenal,1770786000,0.96,0.99,yes
top4,2025,Arsenal,1770872400,0.96,0.99,yes
top4,2025,Arsenal,1770958800,0.96,0.99,yes
top4,2025,Arsenal,1771045200,0.96,0.99,yes
top4,2025,Arsenal,1771131600,0.96,0.99,yes
top4,2025,Arsenal,1771218000,0.96,0.99,yes
top4,2025,Arsenal,1771304400,0.96,0.97,yes
top4,2025,Arsenal,1771390800,0.97,0.99,yes
top4,2025,Arsenal,1771477200,0.95,0.99,yes
top4,2025,Arsenal,1771563600,0.95,0.99,yes
top4,2025,Arsenal,1771650000,0.97,0.99,yes
top4,2025,Arsenal,1771736400,0.94,0.99,yes
top4,2025,Arsenal,1771822800,0.94,0.99,yes
top4,2025,Arsenal,1771909200,0.95,0.99,yes
top4,2025,Arsenal,1771995600,0.96,0.99,yes
top4,2025,Arsenal,1772082000,0.96,0.99,yes
top4,2025,Arsenal,1772168400,0.96,0.99,yes
top4,2025,Arsenal,1772254800,0.96,0.99,yes
top4,2025,Arsenal,1772341200,0.96,0.99,yes
top4,2025,Arsenal,1772427600,0.96,0.99,yes
top4,2025,Arsenal,1772514000,0.96,0.99,yes
top4,2025,Arsenal,1772600400,0.96,0.99,yes
top4,2025,Arsenal,1772686800,0.97,0.99,yes
top4,2025,Arsenal,1772773200,0.97,0.99,yes
top4,2025,Arsenal,1772859600,0.98,0.99,yes
top4,2025,Arsenal,1772946000,0.98,1.0,yes
top4,2025,Arsenal,1773032400,0.98,1.0,yes
top4,2025,Arsenal,1773115200,0.98,1.0,yes
top4,2025,Arsenal,1773201600,0.98,1.0,yes
top4,2025,Arsenal,1773288000,0.98,1.0,yes
top4,2025,Arsenal,1773374400,0.98,1.0,yes
top4,2025,Arsenal,1773460800,0.98,1.0,yes
top4,2025,Arsenal,1773547200,0.98,1.0,yes
top4,2025,Arsenal,1773633600,0.98,1.0,yes
top4,2025,Arsenal,1773720000,0.98,1.0,yes
top4,2025,Arsenal,1774152000,0.99,1.0,yes
top4,2025,Arsenal,1774411200,0.99,1.0,yes
top4,2025,Arsenal,1774843200,0.99,1.0,yes
top4,2025,Arsenal,1774929600,0.99,1.0,yes
top4,2025,Arsenal,1775102400,0.99,1.0,yes
top4,2025,Arsenal,1775534400,0.99,1.0,yes
top4,2025,Arsenal,1775793600,0.99,1.0,yes
top4,2025,Arsenal,1775966400,0.99,1.0,yes
top4,2025,Arsenal,1776744000,0.99,1.0,yes
top4,2025,Arsenal,1776830400,0.99,1.0,yes
top4,2025,Arsenal,1776916800,0.99,1.0,yes
top4,2025,Arsenal,1777003200,0.99,1.0,yes
top4,2025,Arsenal,1777089600,0.99,1.0,yes
top4,2025,Arsenal,1777435200,0.99,1.0,yes
top4,2025,Arsenal,1777521600,0.99,1.0,yes
top4,2025,Arsenal,1777608000,0.99,1.0,yes
top4,2025,Arsenal,1777953600,0.99,1.0,yes
top4,2025,Arsenal,1778299200,0.99,1.0,yes
top4,2025,Arsenal,1778472000,0.99,1.0,yes
top4,2025,Arsenal,1778731200,0.99,1.0,yes
top4,2025,Arsenal,1778817600,0.99,1.0,yes
top4,2025,Arsenal,1778990400,0.99,1.0,yes
top4,2025,Arsenal,1779422400,0.99,1.0,yes
top4,2025,Arsenal,1779508800,0.99,1.0,yes
top4,2025,Arsenal,1779595200,0.99,1.0,yes
top4,2025,Arsenal,1779681600,0.0,1.0,yes
relegation,2025,Wolves,1759377600,0.0,0.99,yes
relegation,2025,Wolves,1759464000,0.61,0.69,yes
relegation,2025,Wolves,1759550400,0.06,0.94,yes
relegation,2025,Wolves,1759636800,0.06,0.94,yes
relegation,2025,Wolves,1759723200,0.03,0.97,yes
relegation,2025,Wolves,1759809600,0.04,0.96,yes
relegation,2025,Wolves,1760241600,0.04,0.96,yes
relegation,2025,Wolves,1760500800,0.05,0.95,yes
relegation,2025,Wolves,1760587200,0.05,0.95,yes
relegation,2025,Wolves,1760673600,0.05,0.95,yes
relegation,2025,Wolves,1760760000,0.05,0.95,yes
relegation,2025,Wolves,1760846400,0.06,0.95,yes
relegation,2025,Wolves,1760932800,0.06,0.95,yes
relegation,2025,Wolves,1761019200,0.06,0.95,yes
relegation,2025,Wolves,1761105600,0.06,0.95,yes
relegation,2025,Wolves,1761192000,0.06,0.95,yes
relegation,2025,Wolves,1761278400,0.06,0.95,yes
relegation,2025,Wolves,1761364800,0.06,0.95,yes
relegation,2025,Wolves,1761451200,0.06,0.94,yes
relegation,2025,Wolves,1761537600,0.06,0.94,yes
relegation,2025,Wolves,1761624000,0.06,0.94,yes
relegation,2025,Wolves,1761710400,0.06,0.94,yes
relegation,2025,Wolves,1761796800,0.06,0.94,yes
relegation,2025,Wolves,1761883200,0.66,0.88,yes
relegation,2025,Wolves,1761969600,0.06,0.94,yes
relegation,2025,Wolves,1762056000,0.06,0.94,yes
relegation,2025,Wolves,1762142400,0.07,0.94,yes
relegation,2025,Wolves,1762232400,0.07,0.94,yes
relegation,2025,Wolves,1762318800,0.06,0.94,yes
relegation,2025,Wolves,1762405200,0.07,0.94,yes
relegation,2025,Wolves,1762491600,0.06,0.94,yes
relegation,2025,Wolves,1762578000,0.06,0.94,yes
relegation,2025,Wolves,1762664400,0.07,0.94,yes
relegation,2025,Wolves,1762750800,0.8,0.93,yes
relegation,2025,Wolves,1762837200,0.07,0.93,yes
relegation,2025,Wolves,1762923600,0.46,0.93,yes
relegation,2025,Wolves,1763010000,0.87,0.93,yes
relegation,2025,Wolves,1763096400,0.87,0.93,yes
relegation,2025,Wolves,1763182800,0.88,0.92,yes
relegation,2025,Wolves,1763269200,0.88,0.92,yes
relegation,2025,Wolves,1763355600,0.88,0.92,yes
relegation,2025,Wolves,1763442000,0.88,0.92,yes
relegation,2025,Wolves,1763528400,0.88,0.92,yes
relegation,2025,Wolves,1763614800,0.88,0.92,yes
relegation,2025,Wolves,1763701200,0.88,0.92,yes
relegation,2025,Wolves,1763787600,0.88,0.92,yes
relegation,2025,Wolves,1763874000,0.88,0.94,yes
relegation,2025,Wolves,1763960400,0.88,0.94,yes
relegation,2025,Wolves,1764046800,0.88,0.94,yes
relegation,2025,Wolves,1764133200,0.91,0.94,yes
relegation,2025,Wolves,1764219600,0.91,0.94,yes
relegation,2025,Wolves,1764306000,0.91,0.94,yes
relegation,2025,Wolves,1764392400,0.91,0.94,yes
relegation,2025,Wolves,1764478800,0.91,0.94,yes
relegation,2025,Wolves,1764565200,0.91,0.94,yes
relegation,2025,Wolves,1764651600,0.91,0.94,yes
relegation,2025,Wolves,1764738000,0.91,0.94,yes
relegation,2025,Wolves,1764824400,0.91,0.94,yes
relegation,2025,Wolves,1764910800,0.91,0.94,yes
relegation,2025,Wolves,1764997200,0.91,0.94,yes
relegation,2025,Wolves,1765083600,0.91,0.94,yes
relegation,2025,Wolves,1765170000,0.91,0.94,yes
relegation,2025,Wolves,1765256400,0.94,1.0,yes
relegation,2025,Wolves,1765342800,0.95,1.0,yes
relegation,2025,Wolves,1765429200,0.95,1.0,yes
relegation,2025,Wolves,1765515600,0.95,1.0,yes
relegation,2025,Wolves,1765602000,0.95,0.99,yes
relegation,2025,Wolves,1765688400,0.95,0.99,yes
relegation,2025,Wolves,1765774800,0.95,1.0,yes
relegation,2025,Wolves,1765861200,0.96,1.0,yes
relegation,2025,Wolves,1765947600,0.91,1.0,yes
relegation,2025,Wolves,1766034000,0.91,1.0,yes
relegation,2025,Wolves,1766120400,0.91,1.0,yes
relegation,2025,Wolves,1766206800,0.91,1.0,yes
relegation,2025,Wolves,1766293200,0.79,1.0,yes
relegation,2025,Wolves,1766379600,0.9,1.0,yes
relegation,2025,Wolves,1766466000,0.95,1.0,yes
relegation,2025,Wolves,1766552400,0.95,1.0,yes
relegation,2025,Wolves,1766638800,0.95,1.0,yes
relegation,2025,Wolves,1766725200,0.95,1.0,yes
relegation,2025,Wolves,1766811600,0.79,1.0,yes
relegation,2025,Wolves,1766898000,0.95,1.0,yes
relegation,2025,Wolves,1766984400,0.99,1.0,yes
relegation,2025,Wolves,1767070800,0.97,1.0,yes
relegation,2025,Wolves,1767157200,0.97,1.0,yes
relegation,2025,Wolves,1767243600,0.95,1.0,yes
relegation,2025,Wolves,1767330000,0.95,1.0,yes
relegation,2025,Wolves,1767416400,0.96,1.0,yes
relegation,2025,Wolves,1767502800,0.86,0.97,yes
relegation,2025,Wolves,1767589200,0.8,0.97,yes
relegation,2025,Wolves,1767675600,0.84,0.93,yes
relegation,2025,Wolves,1767762000,0.88,0.93,yes
relegation,2025,Wolves,1767848400,0.85,0.98,yes
relegation,2025,Wolves,1767934800,0.86,0.97,yes
relegation,2025,Wolves,1768021200,0.88,0.97,yes
relegation,2025,Wolves,1768107600,0.88,0.96,yes
relegation,2025,Wolves,1768194000,0.88,0.97,yes
relegation,2025,Wolves,1768280400,0.87,0.98,yes
relegation,2025,Wolves,1768366800,0.85,0.97,yes
relegation,2025,Wolves,1768453200,0.86,0.98,yes
relegation,2025,Wolves,1768539600,0.86,0.98,yes
relegation,2025,Wolves,1768626000,0.86,0.97,yes
relegation,2025,Wolves,1768712400,0.86,0.97,yes
relegation,2025,Wolves,1768798800,0.89,0.98,yes
relegation,2025,Wolves,1768885200,0.9,0.97,yes
relegation,2025,Wolves,1768971600,0.91,0.97,yes
relegation,2025,Wolves,1769058000,0.91,0.97,yes
relegation,2025,Wolves,1769144400,0.91,0.97,yes
relegation,2025,Wolves,1769230800,0.91,0.97,yes
relegation,2025,Wolves,1769317200,0.94,0.98,yes
relegation,2025,Wolves,1769403600,0.94,0.98,yes
relegation,2025,Wolves,1769490000,0.95,0.98,yes
relegation,2025,Wolves,1769576400,0.97,0.98,yes
relegation,2025,Wolves,1769662800,0.97,0.98,yes
relegation,2025,Wolves,1769749200,0.97,0.98,yes
relegation,2025,Wolves,1769835600,0.97,0.98,yes
relegation,2025,Wolves,1769922000,0.98,1.0,yes
relegation,2025,Wolves,1770008400,0.98,1.0,yes
relegation,2025,Wolves,1770094800,0.96,1.0,yes
relegation,2025,Wolves,1770181200,0.94,1.0,yes
relegation,2025,Wolves,1770267600,0.94,1.0,yes
relegation,2025,Wolves,1770354000,0.94,1.0,yes
relegation,2025,Wolves,1770440400,0.96,1.0,yes
relegation,2025,Wolves,1770526800,0.95,1.0,yes
relegation,2025,Wolves,1770613200,0.95,1.0,yes
relegation,2025,Wolves,1770699600,0.95,1.0,yes
relegation,2025,Wolves,1770958800,0.95,1.0,yes
relegation,2025,Wolves,1771045200,0.94,0.98,yes
relegation,2025,Wolves,1771131600,0.94,0.99,yes
relegation,2025,Wolves,1771218000,0.94,0.99,yes
relegation,2025,Wolves,1771304400,0.94,0.95,yes
relegation,2025,Wolves,1771390800,0.96,1.0,yes
relegation,2025,Wolves,1771477200,0.96,1.0,yes
relegation,2025,Wolves,1771563600,0.96,1.0,yes
relegation,2025,Wolves,1771650000,0.98,1.0,yes
relegation,2025,Wolves,1771736400,0.99,1.0,yes
relegation,2025,Wolves,1771995600,0.96,1.0,yes
relegation,2025,Wolves,1772082000,0.98,1.0,yes
relegation,2025,Wolves,1772168400,0.98,1.0,yes
relegation,2025,Wolves,1772254800,0.96,1.0,yes
relegation,2025,Wolves,1772341200,0.97,1.0,yes
relegation,2025,Wolves,1772427600,0.96,0.98,yes
relegation,2025,Wolves,1772514000,0.95,0.99,yes
relegation,2025,Wolves,1772600400,0.91,0.95,yes
relegation,2025,Wolves,1772686800,0.94,0.96,yes
relegation,2025,Wolves,1772773200,0.96,0.97,yes
relegation,2025,Wolves,1772859600,0.97,0.98,yes
relegation,2025,Wolves,1772946000,0.97,0.98,yes
relegation,2025,Wolves,1773032400,0.97,0.98,yes
relegation,2025,Wolves,1773115200,0.96,0.98,yes
relegation,2025,Wolves,1773201600,0.96,0.98,yes
relegation,2025,Wolves,1773288000,0.96,0.98,yes
relegation,2025,Wolves,1773374400,0.96,1.0,yes
relegation,2025,Wolves,1773460800,0.97,1.0,yes
relegation,2025,Wolves,1773547200,0.97,0.98,yes
relegation,2025,Wolves,1773633600,0.97,0.98,yes
relegation,2025,Wolves,1773720000,0.97,0.98,yes
relegation,2025,Wolves,1773806400,0.98,0.99,yes
relegation,2025,Wolves,1773892800,0.98,0.99,yes
relegation,2025,Wolves,1773979200,0.98,0.99,yes
relegation,2025,Wolves,1774065600,0.98,0.99,yes
relegation,2025,Wolves,1774152000,0.98,0.99,yes
relegation,2025,Wolves,1774238400,0.98,0.99,yes
relegation,2025,Wolves,1774324800,0.98,0.99,yes
relegation,2025,Wolves,1774411200,0.98,0.99,yes
relegation,2025,Wolves,1774497600,0.98,0.99,yes
relegation,2025,Wolves,1774584000,0.98,0.99,yes
relegation,2025,Wolves,1774670400,0.98,0.99,yes
relegation,2025,Wolves,1774756800,0.98,0.99,yes
relegation,2025,Wolves,1774843200,0.98,0.99,yes
relegation,2025,Wolves,1774929600,0.98,0.99,yes
relegation,2025,Wolves,1775016000,0.98,0.99,yes
relegation,2025,Wolves,1775102400,0.98,0.99,yes
relegation,2025,Wolves,1775188800,0.98,0.99,yes
relegation,2025,Wolves,1775275200,0.98,0.99,yes
relegation,2025,Wolves,1775361600,0.98,0.99,yes
relegation,2025,Wolves,1775448000,0.98,0.99,yes
relegation,2025,Wolves,1775534400,0.98,0.99,yes
relegation,2025,Wolves,1775620800,0.98,0.99,yes
relegation,2025,Wolves,1775707200,0.98,0.99,yes
relegation,2025,Wolves,1775793600,0.98,0.99,yes
relegation,2025,Wolves,1775880000,0.98,0.99,yes
relegation,2025,Wolves,1775966400,0.99,1.0,yes
relegation,2025,Wolves,1776052800,0.99,1.0,yes
relegation,2025,Wolves,1776139200,0.99,1.0,yes
relegation,2025,Wolves,1776225600,0.99,1.0,yes
relegation,2025,Wolves,1776312000,0.99,1.0,yes
relegation,2025,Wolves,1776398400,0.99,1.0,yes
relegation,2025,Wolves,1776484800,0.99,1.0,yes
relegation,2025,Wolves,1776571200,0.99,1.0,yes
relegation,2025,Wolves,1777089600,0.99,1.0,yes
relegation,2025,Wolves,1777262400,0.99,1.0,yes
relegation,2025,Wolves,1777348800,0.99,1.0,yes
relegation,2025,Wolves,1777435200,0.99,1.0,yes
relegation,2025,Wolves,1777694400,0.99,1.0,yes
relegation,2025,Wolves,1777953600,0.99,1.0,yes
relegation,2025,Wolves,1778126400,0.99,1.0,yes
relegation,2025,Wolves,1778212800,0.99,1.0,yes
relegation,2025,Wolves,1778299200,0.99,1.0,yes
relegation,2025,Wolves,1778385600,0.99,1.0,yes
relegation,2025,Wolves,1778472000,0.99,1.0,yes
relegation,2025,Wolves,1778558400,0.99,1.0,yes
relegation,2025,Wolves,1778990400,0.99,1.0,yes
relegation,2025,Wolves,1779076800,0.99,1.0,yes
relegation,2025,Wolves,1779336000,0.99,1.0,yes
relegation,2025,Wolves,1779422400,0.99,1.0,yes
relegation,2025,Wolves,1779508800,0.99,1.0,yes
relegation,2025,Wolves,1779595200,0.99,1.0,yes
relegation,2025,Wolves,1779681600,0.0,1.0,yes
relegation,2025,West Ham,1759377600,0.0,0.99,yes
relegation,2025,West Ham,1759464000,0.36,0.44,yes
relegation,2025,West Ham,1759550400,0.01,0.94,yes
relegation,2025,West Ham,1759636800,0.01,0.94,yes
relegation,2025,West Ham,1759723200,0.01,0.98,yes
relegation,2025,West Ham,1759809600,0.02,0.97,yes
relegation,2025,West Ham,1759896000,0.03,0.97,yes
relegation,2025,West Ham,1760241600,0.02,0.97,yes
relegation,2025,West Ham,1760500800,0.41,0.96,yes
relegation,2025,West Ham,1760587200,0.41,0.96,yes
relegation,2025,West Ham,1760673600,0.41,0.96,yes
relegation,2025,West Ham,1760760000,0.02,0.62,yes
relegation,2025,West Ham,1760846400,0.02,0.62,yes
relegation,2025,West Ham,1760932800,0.02,0.62,yes
relegation,2025,West Ham,1761019200,0.02,0.62,yes
relegation,2025,West Ham,1761105600,0.51,0.62,yes
relegation,2025,West Ham,1761192000,0.51,0.62,yes
relegation,2025,West Ham,1761278400,0.51,0.62,yes
relegation,2025,West Ham,1761364800,0.51,0.96,yes
relegation,2025,West Ham,1761451200,0.6,0.96,yes
relegation,2025,West Ham,1761537600,0.03,0.96,yes
relegation,2025,West Ham,1761883200,0.63,0.71,yes
relegation,2025,West Ham,1761969600,0.04,0.95,yes
relegation,2025,West Ham,1762056000,0.04,0.95,yes
relegation,2025,West Ham,1762142400,0.03,0.95,yes
relegation,2025,West Ham,1762232400,0.02,0.97,yes
relegation,2025,West Ham,1762318800,0.01,0.98,yes
relegation,2025,West Ham,1762405200,0.02,0.97,yes
relegation,2025,West Ham,1762491600,0.01,0.98,yes
relegation,2025,West Ham,1762578000,0.01,0.98,yes
relegation,2025,West Ham,1762664400,0.01,0.97,yes
relegation,2025,West Ham,1762750800,0.25,0.52,yes
relegation,2025,West Ham,1762837200,0.23,0.64,yes
relegation,2025,West Ham,1762923600,0.23,0.5,yes
relegation,2025,West Ham,1763010000,0.45,0.5,yes
relegation,2025,West Ham,1763096400,0.47,0.5,yes
relegation,2025,West Ham,1763182800,0.44,0.49,yes
relegation,2025,West Ham,1763269200,0.44,0.49,yes
relegation,2025,West Ham,1763355600,0.43,0.49,yes
relegation,2025,West Ham,1763442000,0.43,0.49,yes
relegation,2025,West Ham,1763528400,0.43,0.49,yes
relegation,2025,West Ham,1763614800,0.43,0.49,yes
relegation,2025,West Ham,1763701200,0.43,0.52,yes
relegation,2025,West Ham,1763787600,0.24,0.93,yes
relegation,2025,West Ham,1763874000,0.26,0.92,yes
relegation,2025,West Ham,1763960400,0.27,0.91,yes
relegation,2025,West Ham,1764046800,0.26,0.92,yes
relegation,2025,West Ham,1764133200,0.05,0.98,yes
relegation,2025,West Ham,1764219600,0.44,0.52,yes
relegation,2025,West Ham,1764306000,0.44,0.52,yes
relegation,2025,West Ham,1764392400,0.43,0.51,yes
relegation,2025,West Ham,1764478800,0.42,0.5,yes
relegation,2025,West Ham,1764565200,0.47,0.5,yes
relegation,2025,West Ham,1764651600,0.47,0.5,yes
relegation,2025,West Ham,1764738000,0.28,0.47,yes
relegation,2025,West Ham,1764824400,0.05,0.78,yes
relegation,2025,West Ham,1764910800,0.35,0.65,yes
relegation,2025,West Ham,1764997200,0.36,0.62,yes
relegation,2025,West Ham,1765083600,0.38,0.62,yes
relegation,2025,West Ham,1765170000,0.27,0.61,yes
relegation,2025,West Ham,1765256400,0.15,0.62,yes
relegation,2025,West Ham,1765342800,0.48,0.56,yes
relegation,2025,West Ham,1765429200,0.48,0.55,yes
relegation,2025,West Ham,1765515600,0.05,0.55,yes
relegation,2025,West Ham,1765602000,0.08,0.54,yes
relegation,2025,West Ham,1765688400,0.06,0.52,yes
relegation,2025,West Ham,1765774800,0.08,0.53,yes
relegation,2025,West Ham,1765861200,0.54,0.62,yes
relegation,2025,West Ham,1765947600,0.56,0.61,yes
relegation,2025,West Ham,1766034000,0.22,0.57,yes
relegation,2025,West Ham,1766120400,0.57,0.62,yes
relegation,2025,West Ham,1766206800,0.25,0.61,yes
relegation,2025,West Ham,1766293200,0.23,0.64,yes
relegation,2025,West Ham,1766379600,0.58,0.65,yes
relegation,2025,West Ham,1766466000,0.58,0.65,yes
relegation,2025,West Ham,1766552400,0.61,0.65,yes
relegation,2025,West Ham,1766638800,0.61,0.65,yes
relegation,2025,West Ham,1766725200,0.61,0.65,yes
relegation,2025,West Ham,1766811600,0.61,0.65,yes
relegation,2025,West Ham,1766898000,0.71,0.76,yes
relegation,2025,West Ham,1766984400,0.71,0.77,yes
relegation,2025,West Ham,1767070800,0.7,0.75,yes
relegation,2025,West Ham,1767157200,0.68,0.7,yes
relegation,2025,West Ham,1767243600,0.68,0.71,yes
relegation,2025,West Ham,1767330000,0.53,0.66,yes
relegation,2025,West Ham,1767416400,0.68,0.7,yes
relegation,2025,West Ham,1767502800,0.75,0.8,yes
relegation,2025,West Ham,1767589200,0.8,0.83,yes
relegation,2025,West Ham,1767675600,0.77,0.82,yes
relegation,2025,West Ham,1767762000,0.82,0.85,yes
relegation,2025,West Ham,1767848400,0.81,0.85,yes
relegation,2025,West Ham,1767934800,0.82,0.85,yes
relegation,2025,West Ham,1768021200,0.82,0.85,yes
relegation,2025,West Ham,1768107600,0.82,0.85,yes
relegation,2025,West Ham,1768194000,0.76,0.84,yes
relegation,2025,West Ham,1768280400,0.72,0.8,yes
relegation,2025,West Ham,1768366800,0.74,0.8,yes
relegation,2025,West Ham,1768453200,0.81,0.85,yes
relegation,2025,West Ham,1768539600,0.81,0.85,yes
relegation,2025,West Ham,1768626000,0.81,0.85,yes
relegation,2025,West Ham,1768712400,0.74,0.81,yes
relegation,2025,West Ham,1768798800,0.55,0.84,yes
relegation,2025,West Ham,1768885200,0.76,0.83,yes
relegation,2025,West Ham,1768971600,0.71,0.77,yes
relegation,2025,West Ham,1769058000,0.76,0.83,yes
relegation,2025,West Ham,1769144400,0.76,0.83,yes
relegation,2025,West Ham,1769230800,0.76,0.83,yes
relegation,2025,West Ham,1769317200,0.65,0.7,yes
relegation,2025,West Ham,1769403600,0.63,0.69,yes
relegation,2025,West Ham,1769490000,0.64,0.69,yes
relegation,2025,West Ham,1769576400,0.68,0.7,yes
relegation,2025,West Ham,1769662800,0.64,0.69,yes
relegation,2025,West Ham,1769749200,0.65,0.69,yes
relegation,2025,West Ham,1769835600,0.63,0.69,yes
relegation,2025,West Ham,1769922000,0.63,0.7,yes
relegation,2025,West Ham,1770008400,0.64,0.69,yes
relegation,2025,West Ham,1770094800,0.66,0.7,yes
relegation,2025,West Ham,1770181200,0.65,0.7,yes
relegation,2025,West Ham,1770267600,0.65,0.7,yes
relegation,2025,West Ham,1770354000,0.65,0.69,yes
relegation,2025,West Ham,1770440400,0.65,0.69,yes
relegation,2025,West Ham,1770526800,0.58,0.63,yes
relegation,2025,West Ham,1770613200,0.61,0.62,yes
relegation,2025,West Ham,1770699600,0.61,0.64,yes
relegation,2025,West Ham,1770786000,0.5,0.57,yes
relegation,2025,West Ham,1770872400,0.54,0.58,yes
relegation,2025,West Ham,1770958800,0.55,0.58,yes
relegation,2025,West Ham,1771045200,0.55,0.56,yes
relegation,2025,West Ham,1771131600,0.55,0.59,yes
relegation,2025,West Ham,1771218000,0.55,0.59,yes
relegation,2025,West Ham,1771304400,0.56,0.57,yes
relegation,2025,West Ham,1771390800,0.56,0.57,yes
relegation,2025,West Ham,1771477200,0.56,0.57,yes
relegation,2025,West Ham,1771563600,0.56,0.57,yes
relegation,2025,West Ham,1771650000,0.49,0.52,yes
relegation,2025,West Ham,1771736400,0.49,0.56,yes
relegation,2025,West Ham,1771822800,0.49,0.51,yes
relegation,2025,West Ham,1771909200,0.48,0.49,yes
relegation,2025,West Ham,1771995600,0.51,0.52,yes
relegation,2025,West Ham,1772082000,0.51,0.52,yes
relegation,2025,West Ham,1772168400,0.51,0.52,yes
relegation,2025,West Ham,1772254800,0.48,0.49,yes
relegation,2025,West Ham,1772341200,0.55,0.56,yes
relegation,2025,West Ham,1772427600,0.51,0.54,yes
relegation,2025,West Ham,1772514000,0.52,0.56,yes
relegation,2025,West Ham,1772600400,0.51,0.56,yes
relegation,2025,West Ham,1772686800,0.4,0.44,yes
relegation,2025,West Ham,1772773200,0.35,0.36,yes
relegation,2025,West Ham,1772859600,0.37,0.4,yes
relegation,2025,West Ham,1772946000,0.38,0.4,yes
relegation,2025,West Ham,1773032400,0.39,0.4,yes
relegation,2025,West Ham,1773115200,0.39,0.4,yes
relegation,2025,West Ham,1773201600,0.39,0.4,yes
relegation,2025,West Ham,1773288000,0.39,0.41,yes
relegation,2025,West Ham,1773374400,0.4,0.43,yes
relegation,2025,West Ham,1773460800,0.39,0.4,yes
relegation,2025,West Ham,1773547200,0.31,0.34,yes
relegation,2025,West Ham,1773633600,0.36,0.4,yes
relegation,2025,West Ham,1773720000,0.36,0.37,yes
relegation,2025,West Ham,1773806400,0.35,0.36,yes
relegation,2025,West Ham,1773892800,0.35,0.36,yes
relegation,2025,West Ham,1773979200,0.35,0.36,yes
relegation,2025,West Ham,1774065600,0.35,0.36,yes
relegation,2025,West Ham,1774152000,0.35,0.36,yes
relegation,2025,West Ham,1774238400,0.42,0.46,yes
relegation,2025,West Ham,1774324800,0.44,0.45,yes
relegation,2025,West Ham,1774411200,0.45,0.46,yes
relegation,2025,West Ham,1774497600,0.46,0.48,yes
relegation,2025,West Ham,1774584000,0.46,0.47,yes
relegation,2025,West Ham,1774670400,0.45,0.47,yes
relegation,2025,West Ham,1774756800,0.46,0.5,yes
relegation,2025,West Ham,1774843200,0.46,0.49,yes
relegation,2025,West Ham,1774929600,0.46,0.47,yes
relegation,2025,West Ham,1775016000,0.45,0.48,yes
relegation,2025,West Ham,1775102400,0.45,0.46,yes
relegation,2025,West Ham,1775188800,0.46,0.47,yes
relegation,2025,West Ham,1775275200,0.44,0.46,yes
relegation,2025,West Ham,1775361600,0.45,0.46,yes
relegation,2025,West Ham,1775448000,0.46,0.47,yes
relegation,2025,West Ham,1775534400,0.46,0.47,yes
relegation,2025,West Ham,1775620800,0.47,0.48,yes
relegation,2025,West Ham,1775707200,0.47,0.48,yes
relegation,2025,West Ham,1775793600,0.47,0.48,yes
relegation,2025,West Ham,1775880000,0.36,0.37,yes
relegation,2025,West Ham,1775966400,0.38,0.39,yes
relegation,2025,West Ham,1776052800,0.32,0.33,yes
relegation,2025,West Ham,1776139200,0.32,0.33,yes
relegation,2025,West Ham,1776225600,0.33,0.34,yes
relegation,2025,West Ham,1776312000,0.34,0.35,yes
relegation,2025,West Ham,1776398400,0.32,0.33,yes
relegation,2025,West Ham,1776484800,0.33,0.34,yes
relegation,2025,West Ham,1776571200,0.32,0.33,yes
relegation,2025,West Ham,1776657600,0.36,0.37,yes
relegation,2025,West Ham,1776744000,0.41,0.43,yes
relegation,2025,West Ham,1776830400,0.4,0.41,yes
relegation,2025,West Ham,1776916800,0.39,0.4,yes
relegation,2025,West Ham,1777003200,0.42,0.43,yes
relegation,2025,West Ham,1777089600,0.46,0.47,yes
relegation,2025,West Ham,1777176000,0.38,0.39,yes
relegation,2025,West Ham,1777262400,0.39,0.4,yes
relegation,2025,West Ham,1777348800,0.38,0.39,yes
relegation,2025,West Ham,1777435200,0.38,0.39,yes
relegation,2025,West Ham,1777521600,0.38,0.39,yes
relegation,2025,West Ham,1777608000,0.38,0.39,yes
relegation,2025,West Ham,1777694400,0.38,0.39,yes
relegation,2025,West Ham,1777780800,0.53,0.54,yes
relegation,2025,West Ham,1777867200,0.71,0.74,yes
relegation,2025,West Ham,1777953600,0.74,0.77,yes
relegation,2025,West Ham,1778040000,0.74,0.75,yes
relegation,2025,West Ham,1778126400,0.74,0.75,yes
relegation,2025,West Ham,1778212800,0.73,0.75,yes
relegation,2025,West Ham,1778299200,0.73,0.75,yes
relegation,2025,West Ham,1778385600,0.74,0.75,yes
relegation,2025,West Ham,1778472000,0.84,0.87,yes
relegation,2025,West Ham,1778558400,0.77,0.78,yes
relegation,2025,West Ham,1778644800,0.75,0.76,yes
relegation,2025,West Ham,1778731200,0.75,0.76,yes
relegation,2025,West Ham,1778817600,0.74,0.76,yes
relegation,2025,West Ham,1778904000,0.75,0.76,yes
relegation,2025,West Ham,1778990400,0.75,0.76,yes
relegation,2025,West Ham,1779076800,0.92,0.93,yes
relegation,2025,West Ham,1779163200,0.91,0.92,yes
relegation,2025,West Ham,1779249600,0.83,0.85,yes
relegation,2025,West Ham,1779336000,0.85,0.86,yes
relegation,2025,West Ham,1779422400,0.84,0.86,yes
relegation,2025,West Ham,1779508800,0.85,0.86,yes
relegation,2025,West Ham,1779595200,0.86,0.87,yes
relegation,2025,West Ham,1779681600,0.0,1.0,yes
relegation,2025,Tottenham,1759377600,0.0,0.99,no
relegation,2025,Tottenham,1759464000,0.0,0.04,no
relegation,2025,Tottenham,1759550400,0.0,0.74,no
relegation,2025,Tottenham,1759636800,0.0,0.74,no
relegation,2025,Tottenham,1759723200,0.0,0.74,no
relegation,2025,Tottenham,1759809600,0.0,0.74,no
relegation,2025,Tottenham,1759896000,0.0,0.97,no
relegation,2025,Tottenham,1760241600,0.0,0.98,no
relegation,2025,Tottenham,1761451200,0.0,0.9,no
relegation,2025,Tottenham,1761537600,0.0,0.9,no
relegation,2025,Tottenham,1761624000,0.0,0.9,no
relegation,2025,Tottenham,1761710400,0.0,0.9,no
relegation,2025,Tottenham,1761796800,0.0,0.9,no
relegation,2025,Tottenham,1761883200,0.0,0.9,no
relegation,2025,Tottenham,1761969600,0.0,0.89,no
relegation,2025,Tottenham,1762056000,0.0,0.89,no
relegation,2025,Tottenham,1762142400,0.0,0.89,no
relegation,2025,Tottenham,1762232400,0.0,0.89,no
relegation,2025,Tottenham,1762318800,0.0,0.9,no
relegation,2025,Tottenham,1762405200,0.0,0.89,no
relegation,2025,Tottenham,1762491600,0.0,0.45,no
relegation,2025,Tottenham,1762578000,0.0,0.44,no
relegation,2025,Tottenham,1762664400,0.0,0.44,no
relegation,2025,Tottenham,1762750800,0.0,0.45,no
relegation,2025,Tottenham,1762837200,0.0,0.44,no
relegation,2025,Tottenham,1762923600,0.0,0.44,no
relegation,2025,Tottenham,1763010000,0.0,0.04,no
relegation,2025,Tottenham,1763096400,0.0,0.04,no
relegation,2025,Tottenham,1763182800,0.0,0.04,no
relegation,2025,Tottenham,1763269200,0.0,0.04,no
relegation,2025,Tottenham,1763355600,0.0,0.04,no
relegation,2025,Tottenham,1763442000,0.0,0.04,no
relegation,2025,Tottenham,1763528400,0.0,0.04,no
relegation,2025,Tottenham,1763614800,0.0,0.04,no
relegation,2025,Tottenham,1763701200,0.0,0.04,no
relegation,2025,Tottenham,1763787600,0.0,0.45,no
relegation,2025,Tottenham,1763874000,0.0,0.44,no
relegation,2025,Tottenham,1763960400,0.0,0.44,no
relegation,2025,Tottenham,1764046800,0.0,0.44,no
relegation,2025,Tottenham,1764133200,0.0,0.44,no
relegation,2025,Tottenham,1764219600,0.0,0.04,no
relegation,2025,Tottenham,1764306000,0.0,0.04,no
relegation,2025,Tottenham,1764392400,0.0,0.04,no
relegation,2025,Tottenham,1764478800,0.0,0.04,no
relegation,2025,Tottenham,1764565200,0.0,0.05,no
relegation,2025,Tottenham,1764651600,0.0,0.05,no
relegation,2025,Tottenham,1764738000,0.0,0.45,no
relegation,2025,Tottenham,1764824400,0.0,0.45,no
relegation,2025,Tottenham,1764910800,0.0,0.44,no
relegation,2025,Tottenham,1764997200,0.0,0.45,no
relegation,2025,Tottenham,1765083600,0.0,0.89,no
relegation,2025,Tottenham,1765170000,0.0,0.89,no
relegation,2025,Tottenham,1765256400,0.0,0.9,no
relegation,2025,Tottenham,1765342800,0.0,0.04,no
relegation,2025,Tottenham,1765429200,0.0,0.04,no
relegation,2025,Tottenham,1765515600,0.0,0.89,no
relegation,2025,Tottenham,1765602000,0.0,0.9,no
relegation,2025,Tottenham,1765688400,0.0,0.9,no
relegation,2025,Tottenham,1765774800,0.0,0.89,no
relegation,2025,Tottenham,1765861200,0.0,0.9,no
relegation,2025,Tottenham,1765947600,0.0,0.89,no
relegation,2025,Tottenham,1766034000,0.0,0.9,no
relegation,2025,Tottenham,1766120400,0.0,0.89,no
relegation,2025,Tottenham,1766206800,0.0,0.26,no
relegation,2025,Tottenham,1766293200,0.0,0.26,no
relegation,2025,Tottenham,1766379600,0.0,0.25,no
relegation,2025,Tottenham,1766466000,0.0,0.26,no
relegation,2025,Tottenham,1766552400,0.0,0.08,no
relegation,2025,Tottenham,1766638800,0.0,0.08,no
relegation,2025,Tottenham,1766725200,0.0,0.08,no
relegation,2025,Tottenham,1766811600,0.0,0.08,no
relegation,2025,Tottenham,1766898000,0.0,0.25,no
relegation,2025,Tottenham,1766984400,0.0,0.26,no
relegation,2025,Tottenham,1767070800,0.0,0.25,no
relegation,2025,Tottenham,1767157200,0.0,0.26,no
relegation,2025,Tottenham,1767243600,0.0,0.26,no
relegation,2025,Tottenham,1767330000,0.0,0.25,no
relegation,2025,Tottenham,1767416400,0.0,0.25,no
relegation,2025,Tottenham,1767502800,0.0,0.26,no
relegation,2025,Tottenham,1767589200,0.0,0.26,no
relegation,2025,Tottenham,1767675600,0.0,0.26,no
relegation,2025,Tottenham,1767762000,0.0,0.25,no
relegation,2025,Tottenham,1767848400,0.0,0.26,no
relegation,2025,Tottenham,1767934800,0.0,0.25,no
relegation,2025,Tottenham,1768021200,0.0,0.25,no
relegation,2025,Tottenham,1768107600,0.0,0.19,no
relegation,2025,Tottenham,1768194000,0.0,0.19,no
relegation,2025,Tottenham,1768280400,0.0,0.19,no
relegation,2025,Tottenham,1768366800,0.0,0.19,no
relegation,2025,Tottenham,1768453200,0.0,0.19,no
relegation,2025,Tottenham,1768539600,0.0,0.2,no
relegation,2025,Tottenham,1768626000,0.0,0.18,no
relegation,2025,Tottenham,1768712400,0.0,0.17,no
relegation,2025,Tottenham,1768798800,0.0,0.18,no
relegation,2025,Tottenham,1768885200,0.02,0.25,no
relegation,2025,Tottenham,1768971600,0.01,0.14,no
relegation,2025,Tottenham,1769058000,0.01,0.13,no
relegation,2025,Tottenham,1769144400,0.01,0.12,no
relegation,2025,Tottenham,1769230800,0.01,0.12,no
relegation,2025,Tottenham,1769317200,0.01,0.17,no
relegation,2025,Tottenham,1769403600,0.08,0.17,no
relegation,2025,Tottenham,1769490000,0.07,0.18,no
relegation,2025,Tottenham,1769576400,0.07,0.18,no
relegation,2025,Tottenham,1769662800,0.08,0.17,no
relegation,2025,Tottenham,1769749200,0.08,0.17,no
relegation,2025,Tottenham,1769835600,0.07,0.13,no
relegation,2025,Tottenham,1769922000,0.03,0.14,no
relegation,2025,Tottenham,1770008400,0.03,0.1,no
relegation,2025,Tottenham,1770094800,0.03,0.09,no
relegation,2025,Tottenham,1770181200,0.03,0.09,no
relegation,2025,Tottenham,1770267600,0.03,0.1,no
relegation,2025,Tottenham,1770354000,0.02,0.09,no
relegation,2025,Tottenham,1770440400,0.03,0.16,no
relegation,2025,Tottenham,1770526800,0.04,0.16,no
relegation,2025,Tottenham,1770613200,0.06,0.17,no
relegation,2025,Tottenham,1770699600,0.05,0.21,no
relegation,2025,Tottenham,1770786000,0.15,0.16,no
relegation,2025,Tottenham,1770872400,0.15,0.17,no
relegation,2025,Tottenham,1770958800,0.09,0.13,no
relegation,2025,Tottenham,1771045200,0.11,0.14,no
relegation,2025,Tottenham,1771131600,0.12,0.14,no
relegation,2025,Tottenham,1771218000,0.12,0.14,no
relegation,2025,Tottenham,1771304400,0.13,0.14,no
relegation,2025,Tottenham,1771390800,0.13,0.14,no
relegation,2025,Tottenham,1771477200,0.12,0.13,no
relegation,2025,Tottenham,1771563600,0.12,0.13,no
relegation,2025,Tottenham,1771650000,0.11,0.13,no
relegation,2025,Tottenham,1771736400,0.11,0.13,no
relegation,2025,Tottenham,1771822800,0.12,0.13,no
relegation,2025,Tottenham,1771909200,0.18,0.19,no
relegation,2025,Tottenham,1771995600,0.17,0.18,no
relegation,2025,Tottenham,1772082000,0.17,0.18,no
relegation,2025,Tottenham,1772168400,0.16,0.17,no
relegation,2025,Tottenham,1772254800,0.17,0.18,no
relegation,2025,Tottenham,1772341200,0.15,0.16,no
relegation,2025,Tottenham,1772427600,0.17,0.18,no
relegation,2025,Tottenham,1772514000,0.18,0.23,no
relegation,2025,Tottenham,1772600400,0.17,0.23,no
relegation,2025,Tottenham,1772686800,0.23,0.24,no
relegation,2025,Tottenham,1772773200,0.37,0.39,no
relegation,2025,Tottenham,1772859600,0.3,0.32,no
relegation,2025,Tottenham,1772946000,0.33,0.34,no
relegation,2025,Tottenham,1773032400,0.35,0.36,no
relegation,2025,Tottenham,1773115200,0.35,0.36,no
relegation,2025,Tottenham,1773201600,0.37,0.38,no
relegation,2025,Tottenham,1773288000,0.37,0.38,no
relegation,2025,Tottenham,1773374400,0.38,0.39,no
relegation,2025,Tottenham,1773460800,0.37,0.38,no
relegation,2025,Tottenham,1773547200,0.39,0.4,no
relegation,2025,Tottenham,1773633600,0.28,0.29,no
relegation,2025,Tottenham,1773720000,0.28,0.29,no
relegation,2025,Tottenham,1773806400,0.26,0.27,no
relegation,2025,Tottenham,1773892800,0.26,0.27,no
relegation,2025,Tottenham,1773979200,0.27,0.28,no
relegation,2025,Tottenham,1774065600,0.23,0.24,no
relegation,2025,Tottenham,1774152000,0.25,0.26,no
relegation,2025,Tottenham,1774238400,0.36,0.37,no
relegation,2025,Tottenham,1774324800,0.34,0.35,no
relegation,2025,Tottenham,1774411200,0.36,0.37,no
relegation,2025,Tottenham,1774497600,0.36,0.37,no
relegation,2025,Tottenham,1774584000,0.36,0.37,no
relegation,2025,Tottenham,1774670400,0.36,0.37,no
relegation,2025,Tottenham,1774756800,0.32,0.34,no
relegation,2025,Tottenham,1774843200,0.34,0.35,no
relegation,2025,Tottenham,1774929600,0.32,0.34,no
relegation,2025,Tottenham,1775016000,0.31,0.32,no
relegation,2025,Tottenham,1775102400,0.31,0.32,no
relegation,2025,Tottenham,1775188800,0.31,0.32,no
relegation,2025,Tottenham,1775275200,0.33,0.34,no
relegation,2025,Tottenham,1775361600,0.31,0.32,no
relegation,2025,Tottenham,1775448000,0.31,0.32,no
relegation,2025,Tottenham,1775534400,0.31,0.32,no
relegation,2025,Tottenham,1775620800,0.31,0.32,no
relegation,2025,Tottenham,1775707200,0.31,0.32,no
relegation,2025,Tottenham,1775793600,0.3,0.31,no
relegation,2025,Tottenham,1775880000,0.36,0.37,no
relegation,2025,Tottenham,1775966400,0.37,0.38,no
relegation,2025,Tottenham,1776052800,0.46,0.47,no
relegation,2025,Tottenham,1776139200,0.48,0.49,no
relegation,2025,Tottenham,1776225600,0.48,0.49,no
relegation,2025,Tottenham,1776312000,0.51,0.52,no
relegation,2025,Tottenham,1776398400,0.5,0.51,no
relegation,2025,Tottenham,1776484800,0.49,0.5,no
relegation,2025,Tottenham,1776571200,0.54,0.55,no
relegation,2025,Tottenham,1776657600,0.55,0.56,no
relegation,2025,Tottenham,1776744000,0.52,0.53,no
relegation,2025,Tottenham,1776830400,0.52,0.53,no
relegation,2025,Tottenham,1776916800,0.47,0.48,no
relegation,2025,Tottenham,1777003200,0.47,0.48,no
relegation,2025,Tottenham,1777089600,0.48,0.49,no
relegation,2025,Tottenham,1777176000,0.56,0.57,no
relegation,2025,Tottenham,1777262400,0.56,0.57,no
relegation,2025,Tottenham,1777348800,0.56,0.57,no
relegation,2025,Tottenham,1777435200,0.56,0.57,no
relegation,2025,Tottenham,1777521600,0.55,0.56,no
relegation,2025,Tottenham,1777608000,0.54,0.55,no
relegation,2025,Tottenham,1777694400,0.54,0.55,no
relegation,2025,Tottenham,1777780800,0.46,0.47,no
relegation,2025,Tottenham,1777867200,0.2,0.22,no
relegation,2025,Tottenham,1777953600,0.22,0.24,no
relegation,2025,Tottenham,1778040000,0.23,0.24,no
relegation,2025,Tottenham,1778126400,0.22,0.24,no
relegation,2025,Tottenham,1778212800,0.21,0.22,no
relegation,2025,Tottenham,1778299200,0.23,0.24,no
relegation,2025,Tottenham,1778385600,0.23,0.24,no
relegation,2025,Tottenham,1778472000,0.13,0.16,no
relegation,2025,Tottenham,1778558400,0.23,0.24,no
relegation,2025,Tottenham,1778644800,0.24,0.25,no
relegation,2025,Tottenham,1778731200,0.23,0.25,no
relegation,2025,Tottenham,1778817600,0.24,0.25,no
relegation,2025,Tottenham,1778904000,0.25,0.26,no
relegation,2025,Tottenham,1778990400,0.24,0.25,no
relegation,2025,Tottenham,1779076800,0.08,0.09,no
relegation,2025,Tottenham,1779163200,0.09,0.1,no
relegation,2025,Tottenham,1779249600,0.15,0.16,no
relegation,2025,Tottenham,1779336000,0.14,0.15,no
relegation,2025,Tottenham,1779422400,0.13,0.14,no
relegation,2025,Tottenham,1779508800,0.13,0.14,no
relegation,2025,Tottenham,1779595200,0.13,0.14,no
relegation,2025,Tottenham,1779681600,0.0,1.0,no
relegation,2025,Sunderland,1759377600,0.0,0.99,no
relegation,2025,Sunderland,1759464000,0.3,0.38,no
relegation,2025,Sunderland,1759550400,0.04,0.99,no
relegation,2025,Sunderland,1759636800,0.04,0.99,no
relegation,2025,Sunderland,1759723200,0.04,0.98,no
relegation,2025,Sunderland,1759809600,0.05,0.97,no
relegation,2025,Sunderland,1759896000,0.05,0.97,no
relegation,2025,Sunderland,1759982400,0.05,0.97,no
relegation,2025,Sunderland,1760068800,0.05,0.97,no
relegation,2025,Sunderland,1760155200,0.05,0.97,no
relegation,2025,Sunderland,1760241600,0.05,0.97,no
relegation,2025,Sunderland,1760328000,0.05,0.97,no
relegation,2025,Sunderland,1760414400,0.05,0.97,no
relegation,2025,Sunderland,1760500800,0.06,0.96,no
relegation,2025,Sunderland,1760587200,0.06,0.96,no
relegation,2025,Sunderland,1760673600,0.06,0.96,no
relegation,2025,Sunderland,1760760000,0.06,0.66,no
relegation,2025,Sunderland,1760846400,0.06,0.66,no
relegation,2025,Sunderland,1760932800,0.06,0.66,no
relegation,2025,Sunderland,1761019200,0.06,0.66,no
relegation,2025,Sunderland,1761105600,0.06,0.66,no
relegation,2025,Sunderland,1761192000,0.06,0.66,no
relegation,2025,Sunderland,1761278400,0.06,0.66,no
relegation,2025,Sunderland,1761364800,0.06,0.96,no
relegation,2025,Sunderland,1761451200,0.06,0.96,no
relegation,2025,Sunderland,1761537600,0.06,0.96,no
relegation,2025,Sunderland,1761624000,0.06,0.96,no
relegation,2025,Sunderland,1761710400,0.06,0.96,no
relegation,2025,Sunderland,1761796800,0.06,0.96,no
relegation,2025,Sunderland,1761883200,0.06,0.96,no
relegation,2025,Sunderland,1761969600,0.06,0.96,no
relegation,2025,Sunderland,1762056000,0.06,0.95,no
relegation,2025,Sunderland,1762142400,0.06,0.95,no
relegation,2025,Sunderland,1762232400,0.01,0.95,no
relegation,2025,Sunderland,1762318800,0.0,0.96,no
relegation,2025,Sunderland,1762405200,0.01,0.95,no
relegation,2025,Sunderland,1762491600,0.0,0.96,no
relegation,2025,Sunderland,1762578000,0.0,0.96,no
relegation,2025,Sunderland,1762664400,0.0,0.95,no
relegation,2025,Sunderland,1762750800,0.0,0.14,no
relegation,2025,Sunderland,1762837200,0.0,0.95,no
relegation,2025,Sunderland,1762923600,0.0,0.15,no
relegation,2025,Sunderland,1763010000,0.04,0.12,no
relegation,2025,Sunderland,1763096400,0.04,0.12,no
relegation,2025,Sunderland,1763182800,0.04,0.12,no
relegation,2025,Sunderland,1763269200,0.04,0.12,no
relegation,2025,Sunderland,1763355600,0.04,0.12,no
relegation,2025,Sunderland,1763442000,0.04,0.12,no
relegation,2025,Sunderland,1763528400,0.04,0.12,no
relegation,2025,Sunderland,1763614800,0.04,0.12,no
relegation,2025,Sunderland,1763701200,0.04,0.12,no
relegation,2025,Sunderland,1763787600,0.0,0.93,no
relegation,2025,Sunderland,1763874000,0.0,0.96,no
relegation,2025,Sunderland,1763960400,0.0,0.95,no
relegation,2025,Sunderland,1764046800,0.0,0.95,no
relegation,2025,Sunderland,1764133200,0.0,0.95,no
relegation,2025,Sunderland,1764219600,0.06,0.14,no
relegation,2025,Sunderland,1764306000,0.06,0.14,no
relegation,2025,Sunderland,1764392400,0.06,0.14,no
relegation,2025,Sunderland,1764478800,0.02,0.1,no
relegation,2025,Sunderland,1764565200,0.0,0.08,no
relegation,2025,Sunderland,1764651600,0.0,0.08,no
relegation,2025,Sunderland,1764738000,0.0,0.96,no
relegation,2025,Sunderland,1764824400,0.0,0.95,no
relegation,2025,Sunderland,1764910800,0.0,0.95,no
relegation,2025,Sunderland,1764997200,0.0,0.95,no
relegation,2025,Sunderland,1765083600,0.0,0.97,no
relegation,2025,Sunderland,1765170000,0.0,0.98,no
relegation,2025,Sunderland,1765256400,0.0,0.99,no
relegation,2025,Sunderland,1765342800,0.0,0.07,no
relegation,2025,Sunderland,1765429200,0.0,0.07,no
relegation,2025,Sunderland,1765515600,0.0,1.0,no
relegation,2025,Sunderland,1765602000,0.0,1.0,no
relegation,2025,Sunderland,1765688400,0.0,0.99,no
relegation,2025,Sunderland,1765774800,0.0,1.0,no
relegation,2025,Sunderland,1765861200,0.0,1.0,no
relegation,2025,Sunderland,1765947600,0.0,1.0,no
relegation,2025,Sunderland,1766034000,0.0,0.99,no
relegation,2025,Sunderland,1766120400,0.0,0.98,no
relegation,2025,Sunderland,1766206800,0.0,0.4,no
relegation,2025,Sunderland,1766293200,0.0,0.4,no
relegation,2025,Sunderland,1766379600,0.0,0.39,no
relegation,2025,Sunderland,1766466000,0.0,0.4,no
relegation,2025,Sunderland,1766552400,0.0,0.07,no
relegation,2025,Sunderland,1766638800,0.0,0.07,no
relegation,2025,Sunderland,1766725200,0.0,0.07,no
relegation,2025,Sunderland,1766811600,0.0,0.07,no
relegation,2025,Sunderland,1766898000,0.0,0.39,no
relegation,2025,Sunderland,1766984400,0.0,0.4,no
relegation,2025,Sunderland,1767070800,0.0,0.39,no
relegation,2025,Sunderland,1767157200,0.0,0.4,no
relegation,2025,Sunderland,1767243600,0.0,0.4,no
relegation,2025,Sunderland,1767330000,0.0,0.39,no
relegation,2025,Sunderland,1767416400,0.0,0.39,no
relegation,2025,Sunderland,1767502800,0.0,0.4,no
relegation,2025,Sunderland,1767589200,0.0,0.4,no
relegation,2025,Sunderland,1767675600,0.05,0.4,no
relegation,2025,Sunderland,1767762000,0.06,0.32,no
relegation,2025,Sunderland,1767848400,0.0,0.35,no
relegation,2025,Sunderland,1767934800,0.0,0.34,no
relegation,2025,Sunderland,1768021200,0.0,0.35,no
relegation,2025,Sunderland,1768107600,0.0,0.15,no
relegation,2025,Sunderland,1768194000,0.0,0.15,no
relegation,2025,Sunderland,1768280400,0.0,0.15,no
relegation,2025,Sunderland,1768366800,0.0,0.15,no
relegation,2025,Sunderland,1768453200,0.0,0.15,no
relegation,2025,Sunderland,1768539600,0.0,0.15,no
relegation,2025,Sunderland,1768626000,0.0,0.15,no
relegation,2025,Sunderland,1768712400,0.0,0.15,no
relegation,2025,Sunderland,1768798800,0.0,0.15,no
relegation,2025,Sunderland,1768885200,0.0,0.27,no
relegation,2025,Sunderland,1768971600,0.0,0.2,no
relegation,2025,Sunderland,1769058000,0.0,0.4,no
relegation,2025,Sunderland,1769144400,0.0,0.4,no
relegation,2025,Sunderland,1769230800,0.0,0.39,no
relegation,2025,Sunderland,1769317200,0.0,0.36,no
relegation,2025,Sunderland,1769403600,0.0,0.36,no
relegation,2025,Sunderland,1769490000,0.0,0.4,no
relegation,2025,Sunderland,1769576400,0.0,0.4,no
relegation,2025,Sunderland,1769662800,0.0,0.4,no
relegation,2025,Sunderland,1769749200,0.0,0.39,no
relegation,2025,Sunderland,1769835600,0.0,0.39,no
relegation,2025,Sunderland,1769922000,0.0,0.4,no
relegation,2025,Sunderland,1770008400,0.0,0.39,no
relegation,2025,Sunderland,1770094800,0.0,0.06,no
relegation,2025,Sunderland,1770181200,0.0,0.06,no
relegation,2025,Sunderland,1770267600,0.0,0.06,no
relegation,2025,Sunderland,1770354000,0.0,0.06,no
relegation,2025,Sunderland,1770440400,0.0,0.06,no
relegation,2025,Sunderland,1770526800,0.0,0.06,no
relegation,2025,Sunderland,1770613200,0.0,0.06,no
relegation,2025,Sunderland,1770699600,0.0,0.06,no
relegation,2025,Sunderland,1770786000,0.0,0.06,no
relegation,2025,Sunderland,1770958800,0.0,0.06,no
relegation,2025,Sunderland,1771045200,0.0,0.06,no
relegation,2025,Sunderland,1771131600,0.0,0.06,no
relegation,2025,Sunderland,1771218000,0.0,0.06,no
relegation,2025,Sunderland,1771304400,0.0,0.05,no
relegation,2025,Sunderland,1771390800,0.0,0.05,no
relegation,2025,Sunderland,1771477200,0.0,0.05,no
relegation,2025,Sunderland,1771563600,0.0,0.05,no
relegation,2025,Sunderland,1771650000,0.01,0.03,no
relegation,2025,Sunderland,1771736400,0.0,0.03,no
relegation,2025,Sunderland,1771822800,0.0,0.03,no
relegation,2025,Sunderland,1771909200,0.0,0.05,no
relegation,2025,Sunderland,1771995600,0.0,0.05,no
relegation,2025,Sunderland,1772168400,0.0,0.05,no
relegation,2025,Sunderland,1772254800,0.0,0.05,no
relegation,2025,Sunderland,1772341200,0.0,0.04,no
relegation,2025,Sunderland,1772427600,0.0,0.05,no
relegation,2025,Sunderland,1772514000,0.0,0.06,no
relegation,2025,Sunderland,1772600400,0.0,0.05,no
relegation,2025,Sunderland,1772686800,0.0,0.04,no
relegation,2025,Sunderland,1772773200,0.0,0.02,no
relegation,2025,Sunderland,1772859600,0.0,0.02,no
relegation,2025,Sunderland,1772946000,0.0,0.03,no
relegation,2025,Sunderland,1773032400,0.0,0.03,no
relegation,2025,Sunderland,1773115200,0.0,0.03,no
relegation,2025,Sunderland,1773201600,0.0,0.03,no
relegation,2025,Sunderland,1773288000,0.0,0.03,no
relegation,2025,Sunderland,1773374400,0.0,0.03,no
relegation,2025,Sunderland,1773460800,0.0,0.03,no
relegation,2025,Sunderland,1773547200,0.0,0.03,no
relegation,2025,Sunderland,1773633600,0.0,0.03,no
relegation,2025,Sunderland,1773720000,0.0,0.03,no
relegation,2025,Sunderland,1773806400,0.0,0.03,no
relegation,2025,Sunderland,1773892800,0.0,0.03,no
relegation,2025,Sunderland,1773979200,0.0,0.03,no
relegation,2025,Sunderland,1774065600,0.0,0.03,no
relegation,2025,Sunderland,1774152000,0.0,0.03,no
relegation,2025,Sunderland,1774238400,0.0,0.01,no
relegation,2025,Sunderland,1774324800,0.0,0.01,no
relegation,2025,Sunderland,1774843200,0.0,0.01,no
relegation,2025,Sunderland,1775793600,0.0,0.01,no
relegation,2025,Sunderland,1777953600,0.0,0.01,no
relegation,2025,Sunderland,1778472000,0.0,0.01,no
relegation,2025,Sunderland,1778558400,0.0,0.01,no
relegation,2025,Sunderland,1778990400,0.0,0.01,no
relegation,2025,Sunderland,1779508800,0.0,0.01,no
relegation,2025,Sunderland,1779595200,0.0,0.01,no
relegation,2025,Sunderland,1779681600,0.0,1.0,no
relegation,2025,Nott'm Forest,1759377600,0.0,0.99,no
relegation,2025,Nott'm Forest,1759464000,0.15,0.23,no
relegation,2025,Nott'm Forest,1759550400,0.01,0.93,no
relegation,2025,Nott'm Forest,1759636800,0.01,0.93,no
relegation,2025,Nott'm Forest,1759723200,0.02,0.98,no
relegation,2025,Nott'm Forest,1759809600,0.03,0.97,no
relegation,2025,Nott'm Forest,1760241600,0.03,0.97,no
relegation,2025,Nott'm Forest,1760500800,0.04,0.96,no
relegation,2025,Nott'm Forest,1761883200,0.04,0.96,no
relegation,2025,Nott'm Forest,1761969600,0.04,0.96,no
relegation,2025,Nott'm Forest,1762056000,0.04,0.95,no
relegation,2025,Nott'm Forest,1762142400,0.05,0.95,no
relegation,2025,Nott'm Forest,1762232400,0.02,0.98,no
relegation,2025,Nott'm Forest,1762318800,0.01,0.99,no
relegation,2025,Nott'm Forest,1762405200,0.02,0.98,no
relegation,2025,Nott'm Forest,1762491600,0.03,0.99,no
relegation,2025,Nott'm Forest,1762578000,0.03,0.99,no
relegation,2025,Nott'm Forest,1762664400,0.03,0.98,no
relegation,2025,Nott'm Forest,1762750800,0.11,0.26,no
relegation,2025,Nott'm Forest,1762837200,0.11,0.98,no
relegation,2025,Nott'm Forest,1762923600,0.11,0.29,no
relegation,2025,Nott'm Forest,1763010000,0.17,0.25,no
relegation,2025,Nott'm Forest,1763096400,0.17,0.25,no
relegation,2025,Nott'm Forest,1763182800,0.17,0.25,no
relegation,2025,Nott'm Forest,1763269200,0.17,0.25,no
relegation,2025,Nott'm Forest,1763355600,0.17,0.25,no
relegation,2025,Nott'm Forest,1763442000,0.17,0.25,no
relegation,2025,Nott'm Forest,1763528400,0.17,0.25,no
relegation,2025,Nott'm Forest,1763614800,0.17,0.25,no
relegation,2025,Nott'm Forest,1763701200,0.17,0.25,no
relegation,2025,Nott'm Forest,1763787600,0.03,0.97,no
relegation,2025,Nott'm Forest,1763874000,0.04,0.58,no
relegation,2025,Nott'm Forest,1763960400,0.04,0.58,no
relegation,2025,Nott'm Forest,1764046800,0.04,0.58,no
relegation,2025,Nott'm Forest,1764133200,0.03,0.98,no
relegation,2025,Nott'm Forest,1764219600,0.07,0.15,no
relegation,2025,Nott'm Forest,1764306000,0.07,0.15,no
relegation,2025,Nott'm Forest,1764392400,0.07,0.15,no
relegation,2025,Nott'm Forest,1764478800,0.08,0.16,no
relegation,2025,Nott'm Forest,1764565200,0.1,0.18,no
relegation,2025,Nott'm Forest,1764651600,0.1,0.18,no
relegation,2025,Nott'm Forest,1764738000,0.03,0.99,no
relegation,2025,Nott'm Forest,1764824400,0.03,0.98,no
relegation,2025,Nott'm Forest,1764910800,0.03,0.99,no
relegation,2025,Nott'm Forest,1764997200,0.04,0.97,no
relegation,2025,Nott'm Forest,1765083600,0.03,0.98,no
relegation,2025,Nott'm Forest,1765170000,0.03,1.0,no
relegation,2025,Nott'm Forest,1765256400,0.03,0.99,no
relegation,2025,Nott'm Forest,1765342800,0.14,0.22,no
relegation,2025,Nott'm Forest,1765429200,0.14,0.22,no
relegation,2025,Nott'm Forest,1765515600,0.03,0.99,no
relegation,2025,Nott'm Forest,1765602000,0.03,0.99,no
relegation,2025,Nott'm Forest,1765688400,0.07,1.0,no
relegation,2025,Nott'm Forest,1765774800,0.05,0.88,no
relegation,2025,Nott'm Forest,1765861200,0.05,0.9,no
relegation,2025,Nott'm Forest,1765947600,0.05,0.91,no
relegation,2025,Nott'm Forest,1766034000,0.03,1.0,no
relegation,2025,Nott'm Forest,1766120400,0.04,0.37,no
relegation,2025,Nott'm Forest,1766206800,0.03,0.7,no
relegation,2025,Nott'm Forest,1766293200,0.03,0.7,no
relegation,2025,Nott'm Forest,1766379600,0.03,0.69,no
relegation,2025,Nott'm Forest,1766466000,0.03,0.69,no
relegation,2025,Nott'm Forest,1766552400,0.11,0.19,no
relegation,2025,Nott'm Forest,1766638800,0.11,0.19,no
relegation,2025,Nott'm Forest,1766725200,0.11,0.19,no
relegation,2025,Nott'm Forest,1766811600,0.03,0.7,no
relegation,2025,Nott'm Forest,1766898000,0.04,0.69,no
relegation,2025,Nott'm Forest,1766984400,0.03,0.7,no
relegation,2025,Nott'm Forest,1767070800,0.03,0.69,no
relegation,2025,Nott'm Forest,1767157200,0.03,0.7,no
relegation,2025,Nott'm Forest,1767243600,0.03,0.7,no
relegation,2025,Nott'm Forest,1767330000,0.03,0.69,no
relegation,2025,Nott'm Forest,1767416400,0.03,0.7,no
relegation,2025,Nott'm Forest,1767502800,0.04,0.69,no
relegation,2025,Nott'm Forest,1767589200,0.03,0.7,no
relegation,2025,Nott'm Forest,1767675600,0.03,0.7,no
relegation,2025,Nott'm Forest,1767762000,0.04,0.69,no
relegation,2025,Nott'm Forest,1767848400,0.03,0.7,no
relegation,2025,Nott'm Forest,1767934800,0.03,0.69,no
relegation,2025,Nott'm Forest,1768021200,0.03,0.69,no
relegation,2025,Nott'm Forest,1768107600,0.03,0.69,no
relegation,2025,Nott'm Forest,1768194000,0.03,0.7,no
relegation,2025,Nott'm Forest,1768280400,0.03,0.7,no
relegation,2025,Nott'm Forest,1768366800,0.03,0.69,no
relegation,2025,Nott'm Forest,1768453200,0.03,0.69,no
relegation,2025,Nott'm Forest,1768539600,0.03,0.67,no
relegation,2025,Nott'm Forest,1768626000,0.04,0.65,no
relegation,2025,Nott'm Forest,1768712400,0.04,0.62,no
relegation,2025,Nott'm Forest,1768798800,0.05,0.6,no
relegation,2025,Nott'm Forest,1768885200,0.05,0.61,no
relegation,2025,Nott'm Forest,1768971600,0.06,0.35,no
relegation,2025,Nott'm Forest,1769058000,0.03,0.63,no
relegation,2025,Nott'm Forest,1769144400,0.11,0.69,no
relegation,2025,Nott'm Forest,1769230800,0.03,0.7,no
relegation,2025,Nott'm Forest,1769317200,0.04,0.69,no
relegation,2025,Nott'm Forest,1769403600,0.11,0.69,no
relegation,2025,Nott'm Forest,1769490000,0.03,0.7,no
relegation,2025,Nott'm Forest,1769576400,0.03,0.7,no
relegation,2025,Nott'm Forest,1769662800,0.03,0.66,no
relegation,2025,Nott'm Forest,1769749200,0.03,0.65,no
relegation,2025,Nott'm Forest,1769835600,0.09,0.45,no
relegation,2025,Nott'm Forest,1769922000,0.17,0.35,no
relegation,2025,Nott'm Forest,1770008400,0.14,0.26,no
relegation,2025,Nott'm Forest,1770094800,0.15,0.21,no
relegation,2025,Nott'm Forest,1770181200,0.14,0.2,no
relegation,2025,Nott'm Forest,1770267600,0.14,0.2,no
relegation,2025,Nott'm Forest,1770354000,0.09,0.2,no
relegation,2025,Nott'm Forest,1770440400,0.12,0.18,no
relegation,2025,Nott'm Forest,1770526800,0.19,0.3,no
relegation,2025,Nott'm Forest,1770613200,0.19,0.38,no
relegation,2025,Nott'm Forest,1770699600,0.09,0.63,no
relegation,2025,Nott'm Forest,1770872400,0.09,0.27,no
relegation,2025,Nott'm Forest,1770958800,0.14,0.34,no
relegation,2025,Nott'm Forest,1771045200,0.26,0.33,no
relegation,2025,Nott'm Forest,1771131600,0.04,0.07,no
relegation,2025,Nott'm Forest,1771218000,0.14,0.34,no
relegation,2025,Nott'm Forest,1771304400,0.25,0.26,no
relegation,2025,Nott'm Forest,1771390800,0.22,0.26,no
relegation,2025,Nott'm Forest,1771477200,0.22,0.26,no
relegation,2025,Nott'm Forest,1771563600,0.25,0.26,no
relegation,2025,Nott'm Forest,1771650000,0.25,0.27,no
relegation,2025,Nott'm Forest,1771736400,0.24,0.28,no
relegation,2025,Nott'm Forest,1771822800,0.27,0.3,no
relegation,2025,Nott'm Forest,1771909200,0.26,0.29,no
relegation,2025,Nott'm Forest,1771995600,0.24,0.28,no
relegation,2025,Nott'm Forest,1772082000,0.24,0.28,no
relegation,2025,Nott'm Forest,1772168400,0.24,0.28,no
relegation,2025,Nott'm Forest,1772254800,0.27,0.31,no
relegation,2025,Nott'm Forest,1772341200,0.25,0.28,no
relegation,2025,Nott'm Forest,1772427600,0.28,0.32,no
relegation,2025,Nott'm Forest,1772514000,0.27,0.35,no
relegation,2025,Nott'm Forest,1772600400,0.31,0.34,no
relegation,2025,Nott'm Forest,1772686800,0.3,0.31,no
relegation,2025,Nott'm Forest,1772773200,0.24,0.29,no
relegation,2025,Nott'm Forest,1772859600,0.26,0.28,no
relegation,2025,Nott'm Forest,1772946000,0.26,0.27,no
relegation,2025,Nott'm Forest,1773032400,0.26,0.28,no
relegation,2025,Nott'm Forest,1773115200,0.26,0.27,no
relegation,2025,Nott'm Forest,1773201600,0.26,0.27,no
relegation,2025,Nott'm Forest,1773288000,0.26,0.28,no
relegation,2025,Nott'm Forest,1773374400,0.27,0.28,no
relegation,2025,Nott'm Forest,1773460800,0.24,0.27,no
relegation,2025,Nott'm Forest,1773547200,0.28,0.3,no
relegation,2025,Nott'm Forest,1773633600,0.31,0.32,no
relegation,2025,Nott'm Forest,1773720000,0.31,0.32,no
relegation,2025,Nott'm Forest,1773806400,0.3,0.31,no
relegation,2025,Nott'm Forest,1773892800,0.3,0.31,no
relegation,2025,Nott'm Forest,1773979200,0.29,0.31,no
relegation,2025,Nott'm Forest,1774065600,0.3,0.31,no
relegation,2025,Nott'm Forest,1774152000,0.35,0.36,no
relegation,2025,Nott'm Forest,1774238400,0.14,0.15,no
relegation,2025,Nott'm Forest,1774324800,0.12,0.13,no
relegation,2025,Nott'm Forest,1774411200,0.13,0.14,no
relegation,2025,Nott'm Forest,1774497600,0.14,0.16,no
relegation,2025,Nott'm Forest,1774584000,0.15,0.17,no
relegation,2025,Nott'm Forest,1774670400,0.15,0.16,no
relegation,2025,Nott'm Forest,1774756800,0.15,0.16,no
relegation,2025,Nott'm Forest,1774843200,0.16,0.17,no
relegation,2025,Nott'm Forest,1774929600,0.16,0.17,no
relegation,2025,Nott'm Forest,1775016000,0.17,0.18,no
relegation,2025,Nott'm Forest,1775102400,0.16,0.18,no
relegation,2025,Nott'm Forest,1775188800,0.14,0.15,no
relegation,2025,Nott'm Forest,1775275200,0.13,0.14,no
relegation,2025,Nott'm Forest,1775361600,0.13,0.14,no
relegation,2025,Nott'm Forest,1775448000,0.14,0.15,no
relegation,2025,Nott'm Forest,1775534400,0.13,0.14,no
relegation,2025,Nott'm Forest,1775620800,0.13,0.14,no
relegation,2025,Nott'm Forest,1775707200,0.13,0.14,no
relegation,2025,Nott'm Forest,1775793600,0.14,0.15,no
relegation,2025,Nott'm Forest,1775880000,0.17,0.19,no
relegation,2025,Nott'm Forest,1775966400,0.17,0.18,no
relegation,2025,Nott'm Forest,1776052800,0.14,0.15,no
relegation,2025,Nott'm Forest,1776139200,0.15,0.16,no
relegation,2025,Nott'm Forest,1776225600,0.15,0.16,no
relegation,2025,Nott'm Forest,1776312000,0.14,0.15,no
relegation,2025,Nott'm Forest,1776398400,0.14,0.15,no
relegation,2025,Nott'm Forest,1776484800,0.14,0.15,no
relegation,2025,Nott'm Forest,1776571200,0.18,0.21,no
relegation,2025,Nott'm Forest,1776657600,0.11,0.12,no
relegation,2025,Nott'm Forest,1776744000,0.08,0.09,no
relegation,2025,Nott'm Forest,1776830400,0.09,0.1,no
relegation,2025,Nott'm Forest,1776916800,0.14,0.15,no
relegation,2025,Nott'm Forest,1777003200,0.12,0.13,no
relegation,2025,Nott'm Forest,1777089600,0.01,0.03,no
relegation,2025,Nott'm Forest,1777176000,0.05,0.06,no
relegation,2025,Nott'm Forest,1777262400,0.05,0.06,no
relegation,2025,Nott'm Forest,1777348800,0.05,0.06,no
relegation,2025,Nott'm Forest,1777435200,0.06,0.07,no
relegation,2025,Nott'm Forest,1777521600,0.05,0.06,no
relegation,2025,Nott'm Forest,1777608000,0.05,0.06,no
relegation,2025,Nott'm Forest,1777694400,0.06,0.07,no
relegation,2025,Nott'm Forest,1777780800,0.04,0.05,no
relegation,2025,Nott'm Forest,1777867200,0.04,0.09,no
relegation,2025,Nott'm Forest,1777953600,0.0,0.01,no
relegation,2025,Nott'm Forest,1778040000,0.0,0.01,no
relegation,2025,Nott'm Forest,1778126400,0.0,0.01,no
relegation,2025,Nott'm Forest,1778212800,0.0,0.02,no
relegation,2025,Nott'm Forest,1778299200,0.01,0.02,no
relegation,2025,Nott'm Forest,1778385600,0.01,0.07,no
relegation,2025,Nott'm Forest,1778472000,0.0,0.01,no
relegation,2025,Nott'm Forest,1778558400,0.0,0.01,no
relegation,2025,Nott'm Forest,1778644800,0.0,0.01,no
relegation,2025,Nott'm Forest,1778904000,0.0,0.01,no
relegation,2025,Nott'm Forest,1778990400,0.0,0.01,no
relegation,2025,Nott'm Forest,1779076800,0.0,0.01,no
relegation,2025,Nott'm Forest,1779422400,0.0,0.01,no
relegation,2025,Nott'm Forest,1779508800,0.0,0.01,no
relegation,2025,Nott'm Forest,1779595200,0.0,0.01,no
relegation,2025,Nott'm Forest,1779681600,0.0,1.0,no
relegation,2025,Newcastle,1759377600,0.0,0.99,no
relegation,2025,Newcastle,1759464000,0.0,0.04,no
relegation,2025,Newcastle,1759550400,0.0,0.5,no
relegation,2025,Newcastle,1759636800,0.0,0.5,no
relegation,2025,Newcastle,1759723200,0.0,0.49,no
relegation,2025,Newcastle,1759809600,0.0,0.49,no
relegation,2025,Newcastle,1759896000,0.0,0.5,no
relegation,2025,Newcastle,1759982400,0.0,0.5,no
relegation,2025,Newcastle,1760068800,0.0,0.5,no
relegation,2025,Newcastle,1760155200,0.0,0.5,no
relegation,2025,Newcastle,1760241600,0.0,0.5,no
relegation,2025,Newcastle,1760328000,0.0,0.5,no
relegation,2025,Newcastle,1760414400,0.0,0.5,no
relegation,2025,Newcastle,1760500800,0.0,0.5,no
relegation,2025,Newcastle,1760587200,0.0,0.5,no
relegation,2025,Newcastle,1760673600,0.0,0.5,no
relegation,2025,Newcastle,1760760000,0.0,0.5,no
relegation,2025,Newcastle,1760846400,0.0,0.5,no
relegation,2025,Newcastle,1760932800,0.0,0.5,no
relegation,2025,Newcastle,1761019200,0.0,0.5,no
relegation,2025,Newcastle,1761105600,0.0,0.5,no
relegation,2025,Newcastle,1761192000,0.0,0.5,no
relegation,2025,Newcastle,1761278400,0.0,0.5,no
relegation,2025,Newcastle,1761364800,0.0,0.5,no
relegation,2025,Newcastle,1761451200,0.0,0.5,no
relegation,2025,Newcastle,1761537600,0.0,0.5,no
relegation,2025,Newcastle,1761624000,0.0,0.5,no
relegation,2025,Newcastle,1761710400,0.0,0.5,no
relegation,2025,Newcastle,1761796800,0.0,0.5,no
relegation,2025,Newcastle,1761883200,0.0,0.5,no
relegation,2025,Newcastle,1761969600,0.0,0.5,no
relegation,2025,Newcastle,1762056000,0.0,0.5,no
relegation,2025,Newcastle,1762142400,0.0,0.49,no
relegation,2025,Newcastle,1762232400,0.0,0.5,no
relegation,2025,Newcastle,1762318800,0.0,0.5,no
relegation,2025,Newcastle,1762405200,0.0,0.49,no
relegation,2025,Newcastle,1762491600,0.0,0.5,no
relegation,2025,Newcastle,1762578000,0.0,0.49,no
relegation,2025,Newcastle,1762664400,0.0,0.49,no
relegation,2025,Newcastle,1762750800,0.0,0.5,no
relegation,2025,Newcastle,1762837200,0.0,0.49,no
relegation,2025,Newcastle,1762923600,0.0,0.49,no
relegation,2025,Newcastle,1763010000,0.0,0.04,no
relegation,2025,Newcastle,1763096400,0.0,0.04,no
relegation,2025,Newcastle,1763182800,0.0,0.04,no
relegation,2025,Newcastle,1763269200,0.0,0.04,no
relegation,2025,Newcastle,1763355600,0.0,0.04,no
relegation,2025,Newcastle,1763442000,0.0,0.04,no
relegation,2025,Newcastle,1763528400,0.0,0.04,no
relegation,2025,Newcastle,1763614800,0.0,0.04,no
relegation,2025,Newcastle,1763701200,0.0,0.04,no
relegation,2025,Newcastle,1763787600,0.0,0.49,no
relegation,2025,Newcastle,1763874000,0.0,0.5,no
relegation,2025,Newcastle,1763960400,0.0,0.5,no
relegation,2025,Newcastle,1764046800,0.0,0.49,no
relegation,2025,Newcastle,1764133200,0.0,0.5,no
relegation,2025,Newcastle,1764219600,0.0,0.04,no
relegation,2025,Newcastle,1764306000,0.0,0.04,no
relegation,2025,Newcastle,1764392400,0.0,0.04,no
relegation,2025,Newcastle,1764478800,0.0,0.04,no
relegation,2025,Newcastle,1764565200,0.0,0.04,no
relegation,2025,Newcastle,1764651600,0.0,0.04,no
relegation,2025,Newcastle,1764738000,0.0,0.5,no
relegation,2025,Newcastle,1764824400,0.0,0.5,no
relegation,2025,Newcastle,1764910800,0.0,0.5,no
relegation,2025,Newcastle,1764997200,0.0,0.5,no
relegation,2025,Newcastle,1765083600,0.0,0.5,no
relegation,2025,Newcastle,1765170000,0.0,0.49,no
relegation,2025,Newcastle,1765256400,0.0,0.5,no
relegation,2025,Newcastle,1765342800,0.0,0.04,no
relegation,2025,Newcastle,1765429200,0.0,0.04,no
relegation,2025,Newcastle,1765515600,0.0,0.49,no
relegation,2025,Newcastle,1765602000,0.0,0.5,no
relegation,2025,Newcastle,1765688400,0.0,0.5,no
relegation,2025,Newcastle,1765774800,0.0,0.49,no
relegation,2025,Newcastle,1765861200,0.0,0.49,no
relegation,2025,Newcastle,1765947600,0.0,0.49,no
relegation,2025,Newcastle,1766034000,0.0,0.5,no
relegation,2025,Newcastle,1766120400,0.0,0.49,no
relegation,2025,Newcastle,1766206800,0.0,0.2,no
relegation,2025,Newcastle,1766293200,0.0,0.2,no
relegation,2025,Newcastle,1766379600,0.0,0.2,no
relegation,2025,Newcastle,1766466000,0.0,0.2,no
relegation,2025,Newcastle,1766552400,0.0,0.05,no
relegation,2025,Newcastle,1766638800,0.0,0.05,no
relegation,2025,Newcastle,1766725200,0.0,0.05,no
relegation,2025,Newcastle,1766811600,0.0,0.05,no
relegation,2025,Newcastle,1766898000,0.0,0.2,no
relegation,2025,Newcastle,1766984400,0.0,0.2,no
relegation,2025,Newcastle,1767070800,0.0,0.2,no
relegation,2025,Newcastle,1767157200,0.0,0.2,no
relegation,2025,Newcastle,1767243600,0.0,0.2,no
relegation,2025,Newcastle,1767330000,0.0,0.2,no
relegation,2025,Newcastle,1767416400,0.0,0.2,no
relegation,2025,Newcastle,1767502800,0.0,0.19,no
relegation,2025,Newcastle,1767589200,0.0,0.2,no
relegation,2025,Newcastle,1767675600,0.0,0.2,no
relegation,2025,Newcastle,1767762000,0.0,0.2,no
relegation,2025,Newcastle,1767848400,0.0,0.2,no
relegation,2025,Newcastle,1767934800,0.0,0.2,no
relegation,2025,Newcastle,1768021200,0.0,0.2,no
relegation,2025,Newcastle,1768107600,0.0,0.19,no
relegation,2025,Newcastle,1768194000,0.0,0.19,no
relegation,2025,Newcastle,1768280400,0.0,0.19,no
relegation,2025,Newcastle,1768366800,0.0,0.19,no
relegation,2025,Newcastle,1768453200,0.0,0.19,no
relegation,2025,Newcastle,1768539600,0.0,0.19,no
relegation,2025,Newcastle,1768626000,0.0,0.19,no
relegation,2025,Newcastle,1768712400,0.0,0.19,no
relegation,2025,Newcastle,1768798800,0.0,0.19,no
relegation,2025,Newcastle,1768885200,0.0,0.19,no
relegation,2025,Newcastle,1768971600,0.0,0.2,no
relegation,2025,Newcastle,1769058000,0.0,0.18,no
relegation,2025,Newcastle,1769144400,0.0,0.18,no
relegation,2025,Newcastle,1769230800,0.0,0.18,no
relegation,2025,Newcastle,1769317200,0.0,0.18,no
relegation,2025,Newcastle,1769403600,0.0,0.18,no
relegation,2025,Newcastle,1769490000,0.0,0.2,no
relegation,2025,Newcastle,1769576400,0.0,0.2,no
relegation,2025,Newcastle,1769662800,0.0,0.19,no
relegation,2025,Newcastle,1769749200,0.0,0.19,no
relegation,2025,Newcastle,1769835600,0.0,0.19,no
relegation,2025,Newcastle,1769922000,0.0,0.2,no
relegation,2025,Newcastle,1770008400,0.0,0.2,no
relegation,2025,Newcastle,1770094800,0.0,0.2,no
relegation,2025,Newcastle,1770181200,0.0,0.18,no
relegation,2025,Newcastle,1770267600,0.0,0.18,no
relegation,2025,Newcastle,1770354000,0.0,0.18,no
relegation,2025,Newcastle,1770440400,0.0,0.18,no
relegation,2025,Newcastle,1770526800,0.0,0.18,no
relegation,2025,Newcastle,1770613200,0.0,0.17,no
relegation,2025,Newcastle,1770699600,0.0,0.17,no
relegation,2025,Newcastle,1770958800,0.0,0.17,no
relegation,2025,Newcastle,1771045200,0.0,0.18,no
relegation,2025,Newcastle,1771131600,0.0,0.18,no
relegation,2025,Newcastle,1771218000,0.0,0.18,no
relegation,2025,Newcastle,1771304400,0.0,0.04,no
relegation,2025,Newcastle,1771390800,0.0,0.04,no
relegation,2025,Newcastle,1771477200,0.0,0.04,no
relegation,2025,Newcastle,1771563600,0.0,0.04,no
relegation,2025,Newcastle,1771650000,0.0,0.04,no
relegation,2025,Newcastle,1771736400,0.0,0.04,no
relegation,2025,Newcastle,1771822800,0.0,0.04,no
relegation,2025,Newcastle,1771909200,0.0,0.05,no
relegation,2025,Newcastle,1771995600,0.0,0.05,no
relegation,2025,Newcastle,1772082000,0.0,0.05,no
relegation,2025,Newcastle,1772168400,0.0,0.05,no
relegation,2025,Newcastle,1772254800,0.0,0.05,no
relegation,2025,Newcastle,1772341200,0.0,0.05,no
relegation,2025,Newcastle,1772427600,0.0,0.05,no
relegation,2025,Newcastle,1772514000,0.0,0.19,no
relegation,2025,Newcastle,1772600400,0.0,0.18,no
relegation,2025,Newcastle,1772686800,0.0,0.05,no
relegation,2025,Newcastle,1772773200,0.0,0.03,no
relegation,2025,Newcastle,1772859600,0.0,0.03,no
relegation,2025,Newcastle,1772946000,0.0,0.03,no
relegation,2025,Newcastle,1773032400,0.0,0.03,no
relegation,2025,Newcastle,1773115200,0.0,0.03,no
relegation,2025,Newcastle,1773201600,0.0,0.03,no
relegation,2025,Newcastle,1773288000,0.0,0.03,no
relegation,2025,Newcastle,1773374400,0.0,0.03,no
relegation,2025,Newcastle,1773460800,0.0,0.03,no
relegation,2025,Newcastle,1773547200,0.0,0.19,no
relegation,2025,Newcastle,1773633600,0.0,0.16,no
relegation,2025,Newcastle,1773720000,0.0,0.15,no
relegation,2025,Newcastle,1773806400,0.0,0.14,no
relegation,2025,Newcastle,1773892800,0.0,0.14,no
relegation,2025,Newcastle,1773979200,0.0,0.15,no
relegation,2025,Newcastle,1774065600,0.0,0.15,no
relegation,2025,Newcastle,1774152000,0.0,0.15,no
relegation,2025,Newcastle,1774238400,0.0,0.15,no
relegation,2025,Newcastle,1774324800,0.0,0.15,no
relegation,2025,Newcastle,1774411200,0.0,0.15,no
relegation,2025,Newcastle,1774497600,0.0,0.14,no
relegation,2025,Newcastle,1774584000,0.0,0.14,no
relegation,2025,Newcastle,1774670400,0.01,0.02,no
relegation,2025,Newcastle,1774756800,0.01,0.02,no
relegation,2025,Newcastle,1775102400,0.01,0.02,no
relegation,2025,Newcastle,1775188800,0.0,0.02,no
relegation,2025,Newcastle,1775275200,0.0,0.01,no
relegation,2025,Newcastle,1775361600,0.0,0.03,no
relegation,2025,Newcastle,1775448000,0.01,0.03,no
relegation,2025,Newcastle,1775534400,0.0,0.02,no
relegation,2025,Newcastle,1775707200,0.01,0.02,no
relegation,2025,Newcastle,1775793600,0.0,0.02,no
relegation,2025,Newcastle,1775880000,0.01,0.04,no
relegation,2025,Newcastle,1775966400,0.0,0.04,no
relegation,2025,Newcastle,1776052800,0.0,0.05,no
relegation,2025,Newcastle,1776139200,0.0,0.05,no
relegation,2025,Newcastle,1776225600,0.0,0.02,no
relegation,2025,Newcastle,1776571200,0.0,0.03,no
relegation,2025,Newcastle,1776657600,0.0,0.02,no
relegation,2025,Newcastle,1776916800,0.0,0.03,no
relegation,2025,Newcastle,1777003200,0.0,0.04,no
relegation,2025,Newcastle,1777089600,0.0,0.05,no
relegation,2025,Newcastle,1777176000,0.0,0.03,no
relegation,2025,Newcastle,1777262400,0.0,0.02,no
relegation,2025,Newcastle,1777348800,0.01,0.02,no
relegation,2025,Newcastle,1777435200,0.01,0.02,no
relegation,2025,Newcastle,1777521600,0.01,0.02,no
relegation,2025,Newcastle,1777608000,0.0,0.01,no
relegation,2025,Newcastle,1777694400,0.02,0.04,no
relegation,2025,Newcastle,1777780800,0.0,0.01,no
relegation,2025,Newcastle,1777867200,0.0,0.01,no
relegation,2025,Newcastle,1778472000,0.0,0.01,no
relegation,2025,Newcastle,1778558400,0.0,0.01,no
relegation,2025,Newcastle,1778990400,0.0,0.01,no
relegation,2025,Newcastle,1779595200,0.0,0.01,no
relegation,2025,Newcastle,1779681600,0.0,1.0,no
relegation,2025,Man United,1759377600,0.0,0.99,no
relegation,2025,Man United,1759464000,0.0,0.06,no
relegation,2025,Man United,1759550400,0.0,0.71,no
relegation,2025,Man United,1759636800,0.0,0.71,no
relegation,2025,Man United,1759723200,0.0,0.71,no
relegation,2025,Man United,1759809600,0.0,0.71,no
relegation,2025,Man United,1759896000,0.0,0.91,no
relegation,2025,Man United,1759982400,0.0,0.91,no
relegation,2025,Man United,1760068800,0.0,0.91,no
relegation,2025,Man United,1760155200,0.0,0.91,no
relegation,2025,Man United,1760241600,0.0,0.92,no
relegation,2025,Man United,1760328000,0.0,0.92,no
relegation,2025,Man United,1760414400,0.0,0.92,no
relegation,2025,Man United,1760500800,0.0,0.92,no
relegation,2025,Man United,1760587200,0.0,0.92,no
relegation,2025,Man United,1760673600,0.0,0.92,no
relegation,2025,Man United,1760760000,0.0,0.28,no
relegation,2025,Man United,1760846400,0.0,0.28,no
relegation,2025,Man United,1760932800,0.0,0.28,no
relegation,2025,Man United,1761019200,0.0,0.28,no
relegation,2025,Man United,1761105600,0.0,0.28,no
relegation,2025,Man United,1761192000,0.0,0.28,no
relegation,2025,Man United,1761278400,0.0,0.28,no
relegation,2025,Man United,1761364800,0.0,0.28,no
relegation,2025,Man United,1761451200,0.0,0.92,no
relegation,2025,Man United,1761537600,0.0,0.92,no
relegation,2025,Man United,1761624000,0.0,0.92,no
relegation,2025,Man United,1761710400,0.0,0.92,no
relegation,2025,Man United,1761796800,0.0,0.92,no
relegation,2025,Man United,1761883200,0.0,0.92,no
relegation,2025,Man United,1761969600,0.0,0.91,no
relegation,2025,Man United,1762056000,0.0,0.91,no
relegation,2025,Man United,1762142400,0.0,0.91,no
relegation,2025,Man United,1762232400,0.0,0.91,no
relegation,2025,Man United,1762318800,0.0,0.92,no
relegation,2025,Man United,1762405200,0.0,0.91,no
relegation,2025,Man United,1762491600,0.0,0.6,no
relegation,2025,Man United,1762578000,0.0,0.6,no
relegation,2025,Man United,1762664400,0.0,0.8,no
relegation,2025,Man United,1762750800,0.0,0.81,no
relegation,2025,Man United,1762837200,0.0,0.8,no
relegation,2025,Man United,1762923600,0.0,0.8,no
relegation,2025,Man United,1763010000,0.0,0.04,no
relegation,2025,Man United,1763096400,0.0,0.04,no
relegation,2025,Man United,1763182800,0.0,0.04,no
relegation,2025,Man United,1763269200,0.0,0.04,no
relegation,2025,Man United,1763355600,0.0,0.04,no
relegation,2025,Man United,1763442000,0.0,0.04,no
relegation,2025,Man United,1763528400,0.0,0.04,no
relegation,2025,Man United,1763614800,0.0,0.04,no
relegation,2025,Man United,1763701200,0.0,0.04,no
relegation,2025,Man United,1763787600,0.0,0.92,no
relegation,2025,Man United,1763874000,0.0,0.93,no
relegation,2025,Man United,1763960400,0.0,0.93,no
relegation,2025,Man United,1764046800,0.0,0.93,no
relegation,2025,Man United,1764133200,0.0,0.93,no
relegation,2025,Man United,1764219600,0.0,0.04,no
relegation,2025,Man United,1764306000,0.0,0.04,no
relegation,2025,Man United,1764392400,0.0,0.04,no
relegation,2025,Man United,1764478800,0.0,0.05,no
relegation,2025,Man United,1764565200,0.0,0.04,no
relegation,2025,Man United,1764651600,0.0,0.04,no
relegation,2025,Man United,1764738000,0.0,0.94,no
relegation,2025,Man United,1764824400,0.0,0.93,no
relegation,2025,Man United,1764910800,0.0,0.93,no
relegation,2025,Man United,1764997200,0.0,0.93,no
relegation,2025,Man United,1765083600,0.0,0.94,no
relegation,2025,Man United,1765170000,0.0,0.94,no
relegation,2025,Man United,1765256400,0.0,0.95,no
relegation,2025,Man United,1765342800,0.0,0.04,no
relegation,2025,Man United,1765429200,0.0,0.04,no
relegation,2025,Man United,1765515600,0.0,0.94,no
relegation,2025,Man United,1765602000,0.0,0.94,no
relegation,2025,Man United,1765688400,0.0,0.95,no
relegation,2025,Man United,1765774800,0.0,0.95,no
relegation,2025,Man United,1765861200,0.0,0.94,no
relegation,2025,Man United,1765947600,0.0,0.94,no
relegation,2025,Man United,1766034000,0.0,0.95,no
relegation,2025,Man United,1766120400,0.0,0.94,no
relegation,2025,Man United,1766206800,0.0,0.25,no
relegation,2025,Man United,1766293200,0.0,0.25,no
relegation,2025,Man United,1766379600,0.0,0.24,no
relegation,2025,Man United,1766466000,0.0,0.25,no
relegation,2025,Man United,1766552400,0.0,0.05,no
relegation,2025,Man United,1766638800,0.0,0.05,no
relegation,2025,Man United,1766725200,0.0,0.05,no
relegation,2025,Man United,1766811600,0.0,0.05,no
relegation,2025,Man United,1766898000,0.0,0.24,no
relegation,2025,Man United,1766984400,0.0,0.25,no
relegation,2025,Man United,1767070800,0.0,0.25,no
relegation,2025,Man United,1767157200,0.0,0.25,no
relegation,2025,Man United,1767243600,0.0,0.25,no
relegation,2025,Man United,1767330000,0.0,0.21,no
relegation,2025,Man United,1767416400,0.0,0.21,no
relegation,2025,Man United,1767502800,0.0,0.2,no
relegation,2025,Man United,1767589200,0.0,0.21,no
relegation,2025,Man United,1767675600,0.0,0.21,no
relegation,2025,Man United,1767762000,0.0,0.2,no
relegation,2025,Man United,1767848400,0.0,0.21,no
relegation,2025,Man United,1767934800,0.0,0.21,no
relegation,2025,Man United,1768021200,0.0,0.21,no
relegation,2025,Man United,1768107600,0.0,0.21,no
relegation,2025,Man United,1768194000,0.0,0.2,no
relegation,2025,Man United,1768280400,0.0,0.21,no
relegation,2025,Man United,1768366800,0.0,0.21,no
relegation,2025,Man United,1768453200,0.0,0.19,no
relegation,2025,Man United,1768539600,0.0,0.1,no
relegation,2025,Man United,1768626000,0.0,0.09,no
relegation,2025,Man United,1768712400,0.0,0.09,no
relegation,2025,Man United,1768798800,0.0,0.09,no
relegation,2025,Man United,1768885200,0.0,0.09,no
relegation,2025,Man United,1768971600,0.0,0.1,no
relegation,2025,Man United,1769058000,0.0,0.09,no
relegation,2025,Man United,1769144400,0.0,0.09,no
relegation,2025,Man United,1769230800,0.0,0.09,no
relegation,2025,Man United,1769317200,0.0,0.09,no
relegation,2025,Man United,1769403600,0.0,0.21,no
relegation,2025,Man United,1769490000,0.0,0.21,no
relegation,2025,Man United,1769576400,0.0,0.21,no
relegation,2025,Man United,1769662800,0.0,0.21,no
relegation,2025,Man United,1769749200,0.0,0.21,no
relegation,2025,Man United,1769835600,0.0,0.21,no
relegation,2025,Man United,1769922000,0.0,0.21,no
relegation,2025,Man United,1770008400,0.0,0.2,no
relegation,2025,Man United,1770094800,0.0,0.2,no
relegation,2025,Man United,1770181200,0.0,0.18,no
relegation,2025,Man United,1770267600,0.0,0.18,no
relegation,2025,Man United,1770354000,0.0,0.18,no
relegation,2025,Man United,1770440400,0.0,0.18,no
relegation,2025,Man United,1770526800,0.0,0.18,no
relegation,2025,Man United,1770613200,0.0,0.18,no
relegation,2025,Man United,1770699600,0.0,0.18,no
relegation,2025,Man United,1770958800,0.0,0.17,no
relegation,2025,Man United,1771045200,0.0,0.18,no
relegation,2025,Man United,1771131600,0.0,0.18,no
relegation,2025,Man United,1771218000,0.0,0.17,no
relegation,2025,Man United,1771304400,0.0,0.14,no
relegation,2025,Man United,1771390800,0.0,0.15,no
relegation,2025,Man United,1771477200,0.0,0.15,no
relegation,2025,Man United,1771563600,0.0,0.15,no
relegation,2025,Man United,1771650000,0.0,0.15,no
relegation,2025,Man United,1771736400,0.0,0.15,no
relegation,2025,Man United,1771822800,0.0,0.14,no
relegation,2025,Man United,1771909200,0.0,0.1,no
relegation,2025,Man United,1771995600,0.0,0.08,no
relegation,2025,Man United,1772082000,0.0,0.07,no
relegation,2025,Man United,1772254800,0.0,0.06,no
relegation,2025,Man United,1772341200,0.0,0.07,no
relegation,2025,Man United,1772427600,0.0,0.07,no
relegation,2025,Man United,1772514000,0.0,0.07,no
relegation,2025,Man United,1772600400,0.0,0.07,no
relegation,2025,Man United,1772686800,0.0,0.07,no
relegation,2025,Man United,1772773200,0.0,0.05,no
relegation,2025,Man United,1772859600,0.0,0.05,no
relegation,2025,Man United,1772946000,0.0,0.04,no
relegation,2025,Man United,1773201600,0.0,0.04,no
relegation,2025,Man United,1773288000,0.0,0.04,no
relegation,2025,Man United,1773374400,0.0,0.04,no
relegation,2025,Man United,1773633600,0.0,0.06,no
relegation,2025,Man United,1773720000,0.0,0.06,no
relegation,2025,Man United,1773806400,0.0,0.07,no
relegation,2025,Man United,1773979200,0.0,0.07,no
relegation,2025,Man United,1774324800,0.0,0.06,no
relegation,2025,Man United,1774670400,0.01,0.02,no
relegation,2025,Man United,1774756800,0.0,0.02,no
relegation,2025,Man United,1775188800,0.0,0.02,no
relegation,2025,Man United,1775361600,0.0,0.02,no
relegation,2025,Man United,1775534400,0.0,0.02,no
relegation,2025,Man United,1775707200,0.0,0.01,no
relegation,2025,Man United,1775793600,0.0,0.02,no
relegation,2025,Man United,1776312000,0.0,0.01,no
relegation,2025,Man United,1776484800,0.0,0.02,no
relegation,2025,Man United,1776916800,0.0,0.02,no
relegation,2025,Man United,1777608000,0.0,0.01,no
relegation,2025,Man United,1777780800,0.0,0.07,no
relegation,2025,Man United,1777953600,0.0,0.01,no
relegation,2025,Man United,1778299200,0.0,0.01,no
relegation,2025,Man United,1778472000,0.0,0.01,no
relegation,2025,Man United,1778558400,0.0,0.01,no
relegation,2025,Man United,1778817600,0.0,0.01,no
relegation,2025,Man United,1778990400,0.0,0.01,no
relegation,2025,Man United,1779508800,0.0,0.01,no
relegation,2025,Man United,1779595200,0.0,0.01,no
relegation,2025,Man United,1779681600,0.0,1.0,no
relegation,2025,Man City,1759377600,0.0,0.99,no
relegation,2025,Man City,1759464000,0.0,0.07,no
relegation,2025,Man City,1759550400,0.0,0.2,no
relegation,2025,Man City,1759636800,0.0,0.2,no
relegation,2025,Man City,1759723200,0.0,0.19,no
relegation,2025,Man City,1759809600,0.0,0.19,no
relegation,2025,Man City,1759896000,0.0,0.2,no
relegation,2025,Man City,1759982400,0.0,0.2,no
relegation,2025,Man City,1760068800,0.0,0.2,no
relegation,2025,Man City,1760155200,0.0,0.2,no
relegation,2025,Man City,1760241600,0.0,0.2,no
relegation,2025,Man City,1760328000,0.0,0.2,no
relegation,2025,Man City,1760414400,0.0,0.2,no
relegation,2025,Man City,1760500800,0.0,0.2,no
relegation,2025,Man City,1760587200,0.0,0.2,no
relegation,2025,Man City,1760673600,0.0,0.2,no
relegation,2025,Man City,1760760000,0.0,0.2,no
relegation,2025,Man City,1760846400,0.0,0.2,no
relegation,2025,Man City,1760932800,0.0,0.2,no
relegation,2025,Man City,1761019200,0.0,0.2,no
relegation,2025,Man City,1761105600,0.0,0.2,no
relegation,2025,Man City,1761192000,0.0,0.2,no
relegation,2025,Man City,1761278400,0.0,0.2,no
relegation,2025,Man City,1761364800,0.0,0.2,no
relegation,2025,Man City,1761451200,0.0,0.2,no
relegation,2025,Man City,1761537600,0.0,0.2,no
relegation,2025,Man City,1761624000,0.0,0.2,no
relegation,2025,Man City,1761710400,0.0,0.2,no
relegation,2025,Man City,1761796800,0.0,0.2,no
relegation,2025,Man City,1761883200,0.01,0.2,no
relegation,2025,Man City,1761969600,0.01,0.2,no
relegation,2025,Man City,1762056000,0.01,0.2,no
relegation,2025,Man City,1762142400,0.01,0.2,no
relegation,2025,Man City,1762232400,0.01,0.2,no
relegation,2025,Man City,1762318800,0.01,0.2,no
relegation,2025,Man City,1762405200,0.01,0.2,no
relegation,2025,Man City,1762491600,0.01,0.2,no
relegation,2025,Man City,1762578000,0.01,0.2,no
relegation,2025,Man City,1762664400,0.01,0.19,no
relegation,2025,Man City,1762750800,0.01,0.19,no
relegation,2025,Man City,1762837200,0.01,0.19,no
relegation,2025,Man City,1762923600,0.01,0.19,no
relegation,2025,Man City,1763010000,0.01,0.06,no
relegation,2025,Man City,1763096400,0.01,0.06,no
relegation,2025,Man City,1763182800,0.01,0.06,no
relegation,2025,Man City,1763269200,0.01,0.06,no
relegation,2025,Man City,1763355600,0.01,0.06,no
relegation,2025,Man City,1763442000,0.01,0.06,no
relegation,2025,Man City,1763528400,0.01,0.06,no
relegation,2025,Man City,1763614800,0.01,0.06,no
relegation,2025,Man City,1763701200,0.01,0.06,no
relegation,2025,Man City,1763787600,0.01,0.19,no
relegation,2025,Man City,1763874000,0.01,0.19,no
relegation,2025,Man City,1763960400,0.01,0.19,no
relegation,2025,Man City,1764046800,0.01,0.19,no
relegation,2025,Man City,1764133200,0.01,0.19,no
relegation,2025,Man City,1764219600,0.01,0.05,no
relegation,2025,Man City,1764306000,0.01,0.05,no
relegation,2025,Man City,1764392400,0.01,0.05,no
relegation,2025,Man City,1764478800,0.01,0.06,no
relegation,2025,Man City,1764565200,0.01,0.05,no
relegation,2025,Man City,1764651600,0.01,0.05,no
relegation,2025,Man City,1764738000,0.01,0.05,no
relegation,2025,Man City,1764824400,0.01,0.05,no
relegation,2025,Man City,1764910800,0.01,0.05,no
relegation,2025,Man City,1764997200,0.01,0.05,no
relegation,2025,Man City,1765083600,0.01,0.2,no
relegation,2025,Man City,1765170000,0.01,0.2,no
relegation,2025,Man City,1765256400,0.01,0.2,no
relegation,2025,Man City,1765342800,0.01,0.06,no
relegation,2025,Man City,1765429200,0.01,0.06,no
relegation,2025,Man City,1765515600,0.01,0.2,no
relegation,2025,Man City,1765602000,0.01,0.2,no
relegation,2025,Man City,1765688400,0.01,0.2,no
relegation,2025,Man City,1765774800,0.01,0.2,no
relegation,2025,Man City,1765861200,0.01,0.2,no
relegation,2025,Man City,1765947600,0.01,0.2,no
relegation,2025,Man City,1766034000,0.01,0.2,no
relegation,2025,Man City,1766120400,0.01,0.2,no
relegation,2025,Man City,1766206800,0.02,0.18,no
relegation,2025,Man City,1766293200,0.01,0.18,no
relegation,2025,Man City,1766379600,0.01,0.18,no
relegation,2025,Man City,1766466000,0.0,0.18,no
relegation,2025,Man City,1766552400,0.0,0.08,no
relegation,2025,Man City,1766638800,0.0,0.08,no
relegation,2025,Man City,1766725200,0.0,0.08,no
relegation,2025,Man City,1766811600,0.0,0.08,no
relegation,2025,Man City,1766898000,0.0,0.18,no
relegation,2025,Man City,1766984400,0.0,0.18,no
relegation,2025,Man City,1767070800,0.0,0.18,no
relegation,2025,Man City,1767157200,0.0,0.18,no
relegation,2025,Man City,1767243600,0.0,0.18,no
relegation,2025,Man City,1767330000,0.0,0.18,no
relegation,2025,Man City,1767416400,0.0,0.18,no
relegation,2025,Man City,1767502800,0.0,0.17,no
relegation,2025,Man City,1767589200,0.0,0.18,no
relegation,2025,Man City,1767675600,0.0,0.18,no
relegation,2025,Man City,1767762000,0.0,0.01,no
relegation,2025,Man City,1767848400,0.0,0.01,no
relegation,2025,Man City,1767934800,0.0,0.01,no
relegation,2025,Man City,1768021200,0.0,0.01,no
relegation,2025,Man City,1768107600,0.0,0.01,no
relegation,2025,Man City,1768194000,0.0,0.01,no
relegation,2025,Man City,1768280400,0.0,0.01,no
relegation,2025,Man City,1768366800,0.0,0.01,no
relegation,2025,Man City,1768453200,0.0,0.01,no
relegation,2025,Man City,1768539600,0.0,0.01,no
relegation,2025,Man City,1768626000,0.0,0.01,no
relegation,2025,Man City,1768712400,0.0,0.01,no
relegation,2025,Man City,1768798800,0.0,0.01,no
relegation,2025,Man City,1768885200,0.0,0.01,no
relegation,2025,Man City,1768971600,0.0,0.01,no
relegation,2025,Man City,1769058000,0.0,0.01,no
relegation,2025,Man City,1769144400,0.0,0.01,no
relegation,2025,Man City,1769230800,0.0,0.01,no
relegation,2025,Man City,1769317200,0.0,0.01,no
relegation,2025,Man City,1769403600,0.0,0.01,no
relegation,2025,Man City,1769490000,0.0,0.01,no
relegation,2025,Man City,1769576400,0.0,0.01,no
relegation,2025,Man City,1769662800,0.0,0.01,no
relegation,2025,Man City,1769749200,0.0,0.01,no
relegation,2025,Man City,1769835600,0.0,0.01,no
relegation,2025,Man City,1769922000,0.0,0.01,no
relegation,2025,Man City,1770008400,0.0,0.01,no
relegation,2025,Man City,1770094800,0.0,0.01,no
relegation,2025,Man City,1770181200,0.0,0.01,no
relegation,2025,Man City,1770267600,0.0,0.01,no
relegation,2025,Man City,1770354000,0.0,0.01,no
relegation,2025,Man City,1770440400,0.0,0.01,no
relegation,2025,Man City,1770526800,0.0,0.01,no
relegation,2025,Man City,1770613200,0.0,0.17,no
relegation,2025,Man City,1770699600,0.0,0.17,no
relegation,2025,Man City,1770872400,0.01,0.13,no
relegation,2025,Man City,1770958800,0.01,0.14,no
relegation,2025,Man City,1771045200,0.0,0.18,no
relegation,2025,Man City,1771131600,0.0,0.18,no
relegation,2025,Man City,1771218000,0.0,0.18,no
relegation,2025,Man City,1771304400,0.0,0.04,no
relegation,2025,Man City,1771390800,0.0,0.03,no
relegation,2025,Man City,1771477200,0.0,0.02,no
relegation,2025,Man City,1771563600,0.0,0.03,no
relegation,2025,Man City,1771650000,0.0,0.03,no
relegation,2025,Man City,1771736400,0.0,0.03,no
relegation,2025,Man City,1771822800,0.0,0.02,no
relegation,2025,Man City,1771909200,0.0,0.03,no
relegation,2025,Man City,1771995600,0.0,0.03,no
relegation,2025,Man City,1772082000,0.0,0.03,no
relegation,2025,Man City,1772168400,0.0,0.06,no
relegation,2025,Man City,1772254800,0.0,0.06,no
relegation,2025,Man City,1772341200,0.0,0.06,no
relegation,2025,Man City,1772427600,0.0,0.07,no
relegation,2025,Man City,1772514000,0.0,0.18,no
relegation,2025,Man City,1772600400,0.03,0.08,no
relegation,2025,Man City,1772686800,0.02,0.04,no
relegation,2025,Man City,1772773200,0.01,0.02,no
relegation,2025,Man City,1772859600,0.0,0.02,no
relegation,2025,Man City,1772946000,0.0,0.02,no
relegation,2025,Man City,1773032400,0.0,0.02,no
relegation,2025,Man City,1773201600,0.0,0.02,no
relegation,2025,Man City,1773288000,0.0,0.02,no
relegation,2025,Man City,1773547200,0.01,0.02,no
relegation,2025,Man City,1773633600,0.0,0.02,no
relegation,2025,Man City,1773720000,0.01,0.02,no
relegation,2025,Man City,1773806400,0.0,0.02,no
relegation,2025,Man City,1774152000,0.0,0.02,no
relegation,2025,Man City,1774324800,0.0,0.02,no
relegation,2025,Man City,1774584000,0.01,0.05,no
relegation,2025,Man City,1774670400,0.01,0.02,no
relegation,2025,Man City,1774756800,0.03,0.07,no
relegation,2025,Man City,1774843200,0.03,0.12,no
relegation,2025,Man City,1774929600,0.03,0.04,no
relegation,2025,Man City,1775016000,0.03,0.04,no
relegation,2025,Man City,1775102400,0.05,0.15,no
relegation,2025,Man City,1775188800,0.01,0.04,no
relegation,2025,Man City,1775275200,0.01,0.02,no
relegation,2025,Man City,1775361600,0.01,0.02,no
relegation,2025,Man City,1775448000,0.0,0.02,no
relegation,2025,Man City,1775534400,0.01,0.02,no
relegation,2025,Man City,1775620800,0.01,0.06,no
relegation,2025,Man City,1775707200,0.02,0.03,no
relegation,2025,Man City,1775793600,0.01,0.03,no
relegation,2025,Man City,1775880000,0.01,0.02,no
relegation,2025,Man City,1775966400,0.0,0.02,no
relegation,2025,Man City,1776052800,0.0,0.05,no
relegation,2025,Man City,1776139200,0.0,0.11,no
relegation,2025,Man City,1776225600,0.0,0.02,no
relegation,2025,Man City,1776398400,0.0,0.02,no
relegation,2025,Man City,1776484800,0.0,0.02,no
relegation,2025,Man City,1776571200,0.0,0.09,no
relegation,2025,Man City,1776657600,0.0,0.02,no
relegation,2025,Man City,1776744000,0.0,0.03,no
relegation,2025,Man City,1776830400,0.0,0.04,no
relegation,2025,Man City,1776916800,0.0,0.05,no
relegation,2025,Man City,1777003200,0.0,0.03,no
relegation,2025,Man City,1777089600,0.0,0.01,no
relegation,2025,Man City,1777176000,0.0,0.01,no
relegation,2025,Man City,1777262400,0.0,0.02,no
relegation,2025,Man City,1777348800,0.0,0.02,no
relegation,2025,Man City,1777435200,0.0,0.02,no
relegation,2025,Man City,1777521600,0.0,0.03,no
relegation,2025,Man City,1777608000,0.0,0.01,no
relegation,2025,Man City,1777780800,0.0,0.03,no
relegation,2025,Man City,1777953600,0.0,0.01,no
relegation,2025,Man City,1778040000,0.0,0.01,no
relegation,2025,Man City,1778299200,0.0,0.01,no
relegation,2025,Man City,1778385600,0.0,0.01,no
relegation,2025,Man City,1778472000,0.0,0.01,no
relegation,2025,Man City,1778731200,0.0,0.01,no
relegation,2025,Man City,1778817600,0.0,0.01,no
relegation,2025,Man City,1778990400,0.0,0.01,no
relegation,2025,Man City,1779163200,0.0,0.01,no
relegation,2025,Man City,1779508800,0.0,0.01,no
relegation,2025,Man City,1779595200,0.0,0.01,no
relegation,2025,Man City,1779681600,0.0,1.0,no
relegation,2025,Liverpool,1759377600,0.0,0.99,no
relegation,2025,Liverpool,1759464000,0.0,0.04,no
relegation,2025,Liverpool,1759550400,0.0,0.2,no
relegation,2025,Liverpool,1759636800,0.0,0.2,no
relegation,2025,Liverpool,1759723200,0.0,0.19,no
relegation,2025,Liverpool,1759809600,0.0,0.19,no
relegation,2025,Liverpool,1759896000,0.0,0.2,no
relegation,2025,Liverpool,1759982400,0.0,0.2,no
relegation,2025,Liverpool,1760068800,0.0,0.2,no
relegation,2025,Liverpool,1760155200,0.0,0.2,no
relegation,2025,Liverpool,1760241600,0.0,0.2,no
relegation,2025,Liverpool,1760328000,0.0,0.2,no
relegation,2025,Liverpool,1760414400,0.0,0.2,no
relegation,2025,Liverpool,1760500800,0.0,0.2,no
relegation,2025,Liverpool,1760587200,0.0,0.2,no
relegation,2025,Liverpool,1760673600,0.0,0.2,no
relegation,2025,Liverpool,1760760000,0.0,0.13,no
relegation,2025,Liverpool,1760846400,0.0,0.13,no
relegation,2025,Liverpool,1760932800,0.0,0.13,no
relegation,2025,Liverpool,1761019200,0.0,0.13,no
relegation,2025,Liverpool,1761105600,0.0,0.13,no
relegation,2025,Liverpool,1761192000,0.0,0.13,no
relegation,2025,Liverpool,1761278400,0.0,0.13,no
relegation,2025,Liverpool,1761364800,0.0,0.13,no
relegation,2025,Liverpool,1761451200,0.0,0.2,no
relegation,2025,Liverpool,1761537600,0.0,0.2,no
relegation,2025,Liverpool,1761624000,0.0,0.2,no
relegation,2025,Liverpool,1761710400,0.0,0.2,no
relegation,2025,Liverpool,1761796800,0.0,0.2,no
relegation,2025,Liverpool,1761883200,0.0,0.2,no
relegation,2025,Liverpool,1761969600,0.0,0.2,no
relegation,2025,Liverpool,1762056000,0.0,0.2,no
relegation,2025,Liverpool,1762142400,0.0,0.2,no
relegation,2025,Liverpool,1762232400,0.0,0.2,no
relegation,2025,Liverpool,1762318800,0.0,0.2,no
relegation,2025,Liverpool,1762405200,0.0,0.2,no
relegation,2025,Liverpool,1762491600,0.0,0.2,no
relegation,2025,Liverpool,1762578000,0.0,0.2,no
relegation,2025,Liverpool,1762664400,0.0,0.2,no
relegation,2025,Liverpool,1762750800,0.0,0.2,no
relegation,2025,Liverpool,1762837200,0.0,0.2,no
relegation,2025,Liverpool,1762923600,0.0,0.2,no
relegation,2025,Liverpool,1763010000,0.0,0.04,no
relegation,2025,Liverpool,1763096400,0.0,0.04,no
relegation,2025,Liverpool,1763182800,0.0,0.04,no
relegation,2025,Liverpool,1763269200,0.0,0.04,no
relegation,2025,Liverpool,1763355600,0.0,0.04,no
relegation,2025,Liverpool,1763442000,0.0,0.04,no
relegation,2025,Liverpool,1763528400,0.0,0.04,no
relegation,2025,Liverpool,1763614800,0.0,0.04,no
relegation,2025,Liverpool,1763701200,0.0,0.04,no
relegation,2025,Liverpool,1763787600,0.0,0.2,no
relegation,2025,Liverpool,1763874000,0.0,0.2,no
relegation,2025,Liverpool,1763960400,0.0,0.2,no
relegation,2025,Liverpool,1764046800,0.0,0.2,no
relegation,2025,Liverpool,1764133200,0.0,0.2,no
relegation,2025,Liverpool,1764219600,0.0,0.04,no
relegation,2025,Liverpool,1764306000,0.0,0.04,no
relegation,2025,Liverpool,1764392400,0.0,0.04,no
relegation,2025,Liverpool,1764478800,0.0,0.04,no
relegation,2025,Liverpool,1764565200,0.0,0.04,no
relegation,2025,Liverpool,1764651600,0.0,0.04,no
relegation,2025,Liverpool,1764738000,0.0,0.2,no
relegation,2025,Liverpool,1764824400,0.0,0.2,no
relegation,2025,Liverpool,1764910800,0.0,0.2,no
relegation,2025,Liverpool,1764997200,0.0,0.2,no
relegation,2025,Liverpool,1765083600,0.0,0.2,no
relegation,2025,Liverpool,1765170000,0.0,0.2,no
relegation,2025,Liverpool,1765256400,0.0,0.2,no
relegation,2025,Liverpool,1765342800,0.0,0.04,no
relegation,2025,Liverpool,1765429200,0.0,0.04,no
relegation,2025,Liverpool,1765515600,0.0,0.2,no
relegation,2025,Liverpool,1765602000,0.0,0.2,no
relegation,2025,Liverpool,1765688400,0.0,0.2,no
relegation,2025,Liverpool,1765774800,0.0,0.2,no
relegation,2025,Liverpool,1765861200,0.0,0.2,no
relegation,2025,Liverpool,1765947600,0.0,0.2,no
relegation,2025,Liverpool,1766034000,0.0,0.2,no
relegation,2025,Liverpool,1766120400,0.0,0.19,no
relegation,2025,Liverpool,1766206800,0.0,0.2,no
relegation,2025,Liverpool,1766293200,0.0,0.2,no
relegation,2025,Liverpool,1766379600,0.0,0.2,no
relegation,2025,Liverpool,1766466000,0.0,0.2,no
relegation,2025,Liverpool,1766552400,0.0,0.05,no
relegation,2025,Liverpool,1766638800,0.0,0.05,no
relegation,2025,Liverpool,1766725200,0.0,0.05,no
relegation,2025,Liverpool,1766811600,0.0,0.05,no
relegation,2025,Liverpool,1766898000,0.0,0.2,no
relegation,2025,Liverpool,1766984400,0.0,0.2,no
relegation,2025,Liverpool,1767070800,0.0,0.2,no
relegation,2025,Liverpool,1767157200,0.0,0.2,no
relegation,2025,Liverpool,1767243600,0.0,0.2,no
relegation,2025,Liverpool,1767330000,0.0,0.2,no
relegation,2025,Liverpool,1767416400,0.0,0.2,no
relegation,2025,Liverpool,1767502800,0.0,0.2,no
relegation,2025,Liverpool,1767589200,0.0,0.2,no
relegation,2025,Liverpool,1767675600,0.0,0.2,no
relegation,2025,Liverpool,1767762000,0.0,0.19,no
relegation,2025,Liverpool,1767848400,0.0,0.08,no
relegation,2025,Liverpool,1767934800,0.0,0.08,no
relegation,2025,Liverpool,1768021200,0.0,0.2,no
relegation,2025,Liverpool,1768107600,0.0,0.08,no
relegation,2025,Liverpool,1768194000,0.0,0.08,no
relegation,2025,Liverpool,1768280400,0.0,0.08,no
relegation,2025,Liverpool,1768366800,0.0,0.08,no
relegation,2025,Liverpool,1768453200,0.0,0.08,no
relegation,2025,Liverpool,1768539600,0.0,0.08,no
relegation,2025,Liverpool,1768626000,0.0,0.08,no
relegation,2025,Liverpool,1768712400,0.0,0.08,no
relegation,2025,Liverpool,1768798800,0.0,0.08,no
relegation,2025,Liverpool,1768885200,0.0,0.08,no
relegation,2025,Liverpool,1768971600,0.0,0.2,no
relegation,2025,Liverpool,1769058000,0.0,0.15,no
relegation,2025,Liverpool,1769144400,0.0,0.15,no
relegation,2025,Liverpool,1769230800,0.0,0.15,no
relegation,2025,Liverpool,1769317200,0.0,0.15,no
relegation,2025,Liverpool,1769403600,0.0,0.15,no
relegation,2025,Liverpool,1769490000,0.0,0.2,no
relegation,2025,Liverpool,1769576400,0.0,0.2,no
relegation,2025,Liverpool,1769662800,0.0,0.2,no
relegation,2025,Liverpool,1769749200,0.0,0.2,no
relegation,2025,Liverpool,1769835600,0.0,0.19,no
relegation,2025,Liverpool,1769922000,0.0,0.2,no
relegation,2025,Liverpool,1770008400,0.0,0.2,no
relegation,2025,Liverpool,1770094800,0.0,0.2,no
relegation,2025,Liverpool,1770181200,0.0,0.18,no
relegation,2025,Liverpool,1770267600,0.0,0.18,no
relegation,2025,Liverpool,1770354000,0.0,0.18,no
relegation,2025,Liverpool,1770440400,0.0,0.18,no
relegation,2025,Liverpool,1770526800,0.0,0.18,no
relegation,2025,Liverpool,1770613200,0.0,0.18,no
relegation,2025,Liverpool,1770699600,0.0,0.17,no
relegation,2025,Liverpool,1770958800,0.0,0.17,no
relegation,2025,Liverpool,1771045200,0.0,0.18,no
relegation,2025,Liverpool,1771131600,0.0,0.18,no
relegation,2025,Liverpool,1771218000,0.0,0.18,no
relegation,2025,Liverpool,1771304400,0.0,0.19,no
relegation,2025,Liverpool,1771390800,0.0,0.19,no
relegation,2025,Liverpool,1771477200,0.0,0.2,no
relegation,2025,Liverpool,1771563600,0.0,0.19,no
relegation,2025,Liverpool,1771650000,0.0,0.19,no
relegation,2025,Liverpool,1771736400,0.0,0.2,no
relegation,2025,Liverpool,1771822800,0.0,0.19,no
relegation,2025,Liverpool,1771909200,0.0,0.09,no
relegation,2025,Liverpool,1771995600,0.0,0.07,no
relegation,2025,Liverpool,1772082000,0.0,0.05,no
relegation,2025,Liverpool,1772168400,0.0,0.04,no
relegation,2025,Liverpool,1772341200,0.0,0.04,no
relegation,2025,Liverpool,1772946000,0.0,0.04,no
relegation,2025,Liverpool,1773547200,0.0,0.04,no
relegation,2025,Liverpool,1773633600,0.0,0.04,no
relegation,2025,Liverpool,1773720000,0.0,0.04,no
relegation,2025,Liverpool,1773806400,0.0,0.04,no
relegation,2025,Liverpool,1773979200,0.0,0.04,no
relegation,2025,Liverpool,1774324800,0.0,0.04,no
relegation,2025,Liverpool,1774411200,0.0,0.04,no
relegation,2025,Liverpool,1774497600,0.0,0.04,no
relegation,2025,Liverpool,1774584000,0.0,0.04,no
relegation,2025,Liverpool,1774670400,0.0,0.01,no
relegation,2025,Liverpool,1777780800,0.0,0.05,no
relegation,2025,Liverpool,1777953600,0.0,0.01,no
relegation,2025,Liverpool,1778040000,0.0,0.01,no
relegation,2025,Liverpool,1778126400,0.0,0.01,no
relegation,2025,Liverpool,1778472000,0.0,0.01,no
relegation,2025,Liverpool,1778558400,0.0,0.01,no
relegation,2025,Liverpool,1778644800,0.0,0.01,no
relegation,2025,Liverpool,1778990400,0.0,0.01,no
relegation,2025,Liverpool,1779076800,0.0,0.01,no
relegation,2025,Liverpool,1779163200,0.0,0.01,no
relegation,2025,Liverpool,1779249600,0.0,0.01,no
relegation,2025,Liverpool,1779336000,0.0,0.01,no
relegation,2025,Liverpool,1779422400,0.0,0.01,no
relegation,2025,Liverpool,1779508800,0.0,0.01,no
relegation,2025,Liverpool,1779595200,0.0,0.01,no
relegation,2025,Liverpool,1779681600,0.0,1.0,no
relegation,2025,Leeds,1759377600,0.0,0.99,no
relegation,2025,Leeds,1759464000,0.23,0.31,no
relegation,2025,Leeds,1759550400,0.05,0.99,no
relegation,2025,Leeds,1759636800,0.05,0.99,no
relegation,2025,Leeds,1759723200,0.03,0.99,no
relegation,2025,Leeds,1759809600,0.04,0.98,no
relegation,2025,Leeds,1759896000,0.04,0.98,no
relegation,2025,Leeds,1760241600,0.04,0.98,no
relegation,2025,Leeds,1760500800,0.05,0.97,no
relegation,2025,Leeds,1760587200,0.05,0.97,no
relegation,2025,Leeds,1760673600,0.05,0.97,no
relegation,2025,Leeds,1760760000,0.05,0.58,no
relegation,2025,Leeds,1760846400,0.05,0.58,no
relegation,2025,Leeds,1760932800,0.05,0.58,no
relegation,2025,Leeds,1761019200,0.05,0.58,no
relegation,2025,Leeds,1761105600,0.05,0.58,no
relegation,2025,Leeds,1761192000,0.05,0.58,no
relegation,2025,Leeds,1761278400,0.05,0.58,no
relegation,2025,Leeds,1761364800,0.05,0.97,no
relegation,2025,Leeds,1761451200,0.05,0.97,no
relegation,2025,Leeds,1761537600,0.05,0.97,no
relegation,2025,Leeds,1761624000,0.05,0.97,no
relegation,2025,Leeds,1761710400,0.05,0.97,no
relegation,2025,Leeds,1761796800,0.05,0.97,no
relegation,2025,Leeds,1761883200,0.05,0.97,no
relegation,2025,Leeds,1761969600,0.06,0.96,no
relegation,2025,Leeds,1762056000,0.05,0.96,no
relegation,2025,Leeds,1762142400,0.06,0.96,no
relegation,2025,Leeds,1762232400,0.03,0.98,no
relegation,2025,Leeds,1762318800,0.02,0.99,no
relegation,2025,Leeds,1762405200,0.03,0.64,no
relegation,2025,Leeds,1762491600,0.01,0.65,no
relegation,2025,Leeds,1762578000,0.01,0.97,no
relegation,2025,Leeds,1762664400,0.01,0.97,no
relegation,2025,Leeds,1762750800,0.25,0.52,no
relegation,2025,Leeds,1762837200,0.24,0.97,no
relegation,2025,Leeds,1762923600,0.23,0.5,no
relegation,2025,Leeds,1763010000,0.3,0.38,no
relegation,2025,Leeds,1763096400,0.3,0.38,no
relegation,2025,Leeds,1763182800,0.3,0.38,no
relegation,2025,Leeds,1763269200,0.3,0.38,no
relegation,2025,Leeds,1763355600,0.3,0.38,no
relegation,2025,Leeds,1763442000,0.3,0.38,no
relegation,2025,Leeds,1763528400,0.3,0.38,no
relegation,2025,Leeds,1763614800,0.3,0.38,no
relegation,2025,Leeds,1763701200,0.3,0.38,no
relegation,2025,Leeds,1763787600,0.09,0.9,no
relegation,2025,Leeds,1763874000,0.21,0.96,no
relegation,2025,Leeds,1763960400,0.25,0.95,no
relegation,2025,Leeds,1764046800,0.25,0.96,no
relegation,2025,Leeds,1764133200,0.01,0.98,no
relegation,2025,Leeds,1764219600,0.39,0.47,no
relegation,2025,Leeds,1764306000,0.39,0.47,no
relegation,2025,Leeds,1764392400,0.39,0.47,no
relegation,2025,Leeds,1764478800,0.42,0.5,no
relegation,2025,Leeds,1764565200,0.39,0.47,no
relegation,2025,Leeds,1764651600,0.39,0.47,no
relegation,2025,Leeds,1764738000,0.01,0.98,no
relegation,2025,Leeds,1764824400,0.01,0.97,no
relegation,2025,Leeds,1764910800,0.02,0.97,no
relegation,2025,Leeds,1764997200,0.01,0.98,no
relegation,2025,Leeds,1765083600,0.01,0.97,no
relegation,2025,Leeds,1765170000,0.02,0.99,no
relegation,2025,Leeds,1765256400,0.01,0.99,no
relegation,2025,Leeds,1765342800,0.22,0.3,no
relegation,2025,Leeds,1765429200,0.23,0.3,no
relegation,2025,Leeds,1765515600,0.02,0.99,no
relegation,2025,Leeds,1765602000,0.02,0.99,no
relegation,2025,Leeds,1765688400,0.01,1.0,no
relegation,2025,Leeds,1765774800,0.02,0.99,no
relegation,2025,Leeds,1765861200,0.02,0.99,no
relegation,2025,Leeds,1765947600,0.02,0.98,no
relegation,2025,Leeds,1766034000,0.01,1.0,no
relegation,2025,Leeds,1766120400,0.02,0.99,no
relegation,2025,Leeds,1766206800,0.03,0.92,no
relegation,2025,Leeds,1766293200,0.04,0.91,no
relegation,2025,Leeds,1766379600,0.04,0.91,no
relegation,2025,Leeds,1766466000,0.03,0.92,no
relegation,2025,Leeds,1766552400,0.03,0.91,no
relegation,2025,Leeds,1766638800,0.04,0.91,no
relegation,2025,Leeds,1766725200,0.03,0.92,no
relegation,2025,Leeds,1766811600,0.03,0.92,no
relegation,2025,Leeds,1766898000,0.04,0.91,no
relegation,2025,Leeds,1766984400,0.03,0.35,no
relegation,2025,Leeds,1767070800,0.03,0.35,no
relegation,2025,Leeds,1767157200,0.05,0.34,no
relegation,2025,Leeds,1767243600,0.03,0.33,no
relegation,2025,Leeds,1767330000,0.03,0.33,no
relegation,2025,Leeds,1767416400,0.03,0.32,no
relegation,2025,Leeds,1767502800,0.03,0.32,no
relegation,2025,Leeds,1767589200,0.03,0.32,no
relegation,2025,Leeds,1767675600,0.03,0.32,no
relegation,2025,Leeds,1767762000,0.04,0.28,no
relegation,2025,Leeds,1767848400,0.02,0.3,no
relegation,2025,Leeds,1767934800,0.03,0.29,no
relegation,2025,Leeds,1768021200,0.02,0.28,no
relegation,2025,Leeds,1768107600,0.02,0.29,no
relegation,2025,Leeds,1768194000,0.03,0.29,no
relegation,2025,Leeds,1768280400,0.02,0.29,no
relegation,2025,Leeds,1768366800,0.02,0.3,no
relegation,2025,Leeds,1768453200,0.02,0.3,no
relegation,2025,Leeds,1768539600,0.02,0.3,no
relegation,2025,Leeds,1768626000,0.03,0.28,no
relegation,2025,Leeds,1768712400,0.02,0.28,no
relegation,2025,Leeds,1768798800,0.02,0.26,no
relegation,2025,Leeds,1768885200,0.05,0.25,no
relegation,2025,Leeds,1768971600,0.02,0.15,no
relegation,2025,Leeds,1769058000,0.09,0.16,no
relegation,2025,Leeds,1769144400,0.09,0.16,no
relegation,2025,Leeds,1769230800,0.11,0.87,no
relegation,2025,Leeds,1769317200,0.1,0.89,no
relegation,2025,Leeds,1769403600,0.1,0.84,no
relegation,2025,Leeds,1769490000,0.09,0.87,no
relegation,2025,Leeds,1769576400,0.09,0.92,no
relegation,2025,Leeds,1769662800,0.1,0.9,no
relegation,2025,Leeds,1769749200,0.1,0.9,no
relegation,2025,Leeds,1769835600,0.1,0.18,no
relegation,2025,Leeds,1769922000,0.15,0.4,no
relegation,2025,Leeds,1770008400,0.16,0.27,no
relegation,2025,Leeds,1770094800,0.11,0.2,no
relegation,2025,Leeds,1770181200,0.16,0.19,no
relegation,2025,Leeds,1770267600,0.13,0.19,no
relegation,2025,Leeds,1770354000,0.13,0.19,no
relegation,2025,Leeds,1770440400,0.12,0.13,no
relegation,2025,Leeds,1770526800,0.13,0.17,no
relegation,2025,Leeds,1770613200,0.1,0.17,no
relegation,2025,Leeds,1770699600,0.1,0.2,no
relegation,2025,Leeds,1770786000,0.09,0.1,no
relegation,2025,Leeds,1770872400,0.09,0.34,no
relegation,2025,Leeds,1770958800,0.09,0.13,no
relegation,2025,Leeds,1771045200,0.09,0.13,no
relegation,2025,Leeds,1771131600,0.12,0.13,no
relegation,2025,Leeds,1771218000,0.09,0.13,no
relegation,2025,Leeds,1771304400,0.09,0.13,no
relegation,2025,Leeds,1771390800,0.07,0.11,no
relegation,2025,Leeds,1771477200,0.07,0.11,no
relegation,2025,Leeds,1771563600,0.07,0.09,no
relegation,2025,Leeds,1771650000,0.07,0.09,no
relegation,2025,Leeds,1771736400,0.04,0.07,no
relegation,2025,Leeds,1771822800,0.07,0.08,no
relegation,2025,Leeds,1771909200,0.07,0.09,no
relegation,2025,Leeds,1771995600,0.07,0.09,no
relegation,2025,Leeds,1772082000,0.08,0.09,no
relegation,2025,Leeds,1772168400,0.08,0.09,no
relegation,2025,Leeds,1772254800,0.07,0.09,no
relegation,2025,Leeds,1772341200,0.07,0.09,no
relegation,2025,Leeds,1772427600,0.07,0.08,no
relegation,2025,Leeds,1772514000,0.06,0.12,no
relegation,2025,Leeds,1772600400,0.08,0.19,no
relegation,2025,Leeds,1772686800,0.15,0.17,no
relegation,2025,Leeds,1772773200,0.11,0.13,no
relegation,2025,Leeds,1772859600,0.1,0.13,no
relegation,2025,Leeds,1772946000,0.1,0.13,no
relegation,2025,Leeds,1773032400,0.11,0.13,no
relegation,2025,Leeds,1773115200,0.1,0.12,no
relegation,2025,Leeds,1773201600,0.12,0.13,no
relegation,2025,Leeds,1773288000,0.12,0.13,no
relegation,2025,Leeds,1773374400,0.1,0.13,no
relegation,2025,Leeds,1773460800,0.13,0.16,no
relegation,2025,Leeds,1773547200,0.14,0.15,no
relegation,2025,Leeds,1773633600,0.13,0.14,no
relegation,2025,Leeds,1773720000,0.13,0.14,no
relegation,2025,Leeds,1773806400,0.13,0.14,no
relegation,2025,Leeds,1773892800,0.13,0.14,no
relegation,2025,Leeds,1773979200,0.13,0.14,no
relegation,2025,Leeds,1774065600,0.12,0.13,no
relegation,2025,Leeds,1774152000,0.15,0.16,no
relegation,2025,Leeds,1774238400,0.14,0.15,no
relegation,2025,Leeds,1774324800,0.11,0.13,no
relegation,2025,Leeds,1774411200,0.12,0.13,no
relegation,2025,Leeds,1774497600,0.12,0.13,no
relegation,2025,Leeds,1774584000,0.12,0.13,no
relegation,2025,Leeds,1774670400,0.12,0.13,no
relegation,2025,Leeds,1774756800,0.12,0.13,no
relegation,2025,Leeds,1774843200,0.12,0.13,no
relegation,2025,Leeds,1774929600,0.12,0.13,no
relegation,2025,Leeds,1775016000,0.12,0.14,no
relegation,2025,Leeds,1775102400,0.12,0.14,no
relegation,2025,Leeds,1775188800,0.13,0.16,no
relegation,2025,Leeds,1775275200,0.12,0.13,no
relegation,2025,Leeds,1775361600,0.13,0.15,no
relegation,2025,Leeds,1775448000,0.12,0.13,no
relegation,2025,Leeds,1775534400,0.12,0.13,no
relegation,2025,Leeds,1775620800,0.12,0.13,no
relegation,2025,Leeds,1775707200,0.12,0.13,no
relegation,2025,Leeds,1775793600,0.12,0.13,no
relegation,2025,Leeds,1775880000,0.16,0.17,no
relegation,2025,Leeds,1775966400,0.16,0.17,no
relegation,2025,Leeds,1776052800,0.13,0.14,no
relegation,2025,Leeds,1776139200,0.03,0.04,no
relegation,2025,Leeds,1776225600,0.05,0.06,no
relegation,2025,Leeds,1776312000,0.05,0.06,no
relegation,2025,Leeds,1776398400,0.05,0.06,no
relegation,2025,Leeds,1776484800,0.05,0.06,no
relegation,2025,Leeds,1776571200,0.02,0.03,no
relegation,2025,Leeds,1776657600,0.02,0.03,no
relegation,2025,Leeds,1776744000,0.02,0.03,no
relegation,2025,Leeds,1776830400,0.02,0.03,no
relegation,2025,Leeds,1776916800,0.02,0.03,no
relegation,2025,Leeds,1777003200,0.01,0.02,no
relegation,2025,Leeds,1777089600,0.02,0.03,no
relegation,2025,Leeds,1777176000,0.03,0.04,no
relegation,2025,Leeds,1777262400,0.04,0.05,no
relegation,2025,Leeds,1777348800,0.04,0.05,no
relegation,2025,Leeds,1777435200,0.03,0.05,no
relegation,2025,Leeds,1777521600,0.03,0.04,no
relegation,2025,Leeds,1777608000,0.03,0.04,no
relegation,2025,Leeds,1777694400,0.02,0.03,no
relegation,2025,Leeds,1777780800,0.01,0.02,no
relegation,2025,Leeds,1777867200,0.0,0.01,no
relegation,2025,Leeds,1777953600,0.0,0.01,no
relegation,2025,Leeds,1778040000,0.01,0.02,no
relegation,2025,Leeds,1778126400,0.0,0.02,no
relegation,2025,Leeds,1778212800,0.0,0.02,no
relegation,2025,Leeds,1778299200,0.01,0.02,no
relegation,2025,Leeds,1778385600,0.0,0.02,no
relegation,2025,Leeds,1778472000,0.0,0.01,no
relegation,2025,Leeds,1778558400,0.0,0.01,no
relegation,2025,Leeds,1778904000,0.0,0.01,no
relegation,2025,Leeds,1778990400,0.0,0.01,no
relegation,2025,Leeds,1779249600,0.0,0.01,no
relegation,2025,Leeds,1779336000,0.0,0.01,no
relegation,2025,Leeds,1779422400,0.0,0.01,no
relegation,2025,Leeds,1779508800,0.0,0.01,no
relegation,2025,Leeds,1779595200,0.0,0.01,no
relegation,2025,Leeds,1779681600,0.0,1.0,no
relegation,2025,Fulham,1759377600,0.0,0.99,no
relegation,2025,Fulham,1759464000,0.03,0.11,no
relegation,2025,Fulham,1759550400,0.0,0.99,no
relegation,2025,Fulham,1760241600,0.0,0.99,no
relegation,2025,Fulham,1760328000,0.0,0.99,no
relegation,2025,Fulham,1760414400,0.0,0.99,no
relegation,2025,Fulham,1760500800,0.0,0.99,no
relegation,2025,Fulham,1760587200,0.0,0.99,no
relegation,2025,Fulham,1760673600,0.0,0.99,no
relegation,2025,Fulham,1760760000,0.0,0.99,no
relegation,2025,Fulham,1760846400,0.0,0.99,no
relegation,2025,Fulham,1760932800,0.0,0.99,no
relegation,2025,Fulham,1761019200,0.0,0.99,no
relegation,2025,Fulham,1761105600,0.0,0.99,no
relegation,2025,Fulham,1761192000,0.0,0.99,no
relegation,2025,Fulham,1761278400,0.0,0.99,no
relegation,2025,Fulham,1761364800,0.0,0.99,no
relegation,2025,Fulham,1761451200,0.0,0.99,no
relegation,2025,Fulham,1761537600,0.0,0.99,no
relegation,2025,Fulham,1761624000,0.0,0.99,no
relegation,2025,Fulham,1761710400,0.0,0.99,no
relegation,2025,Fulham,1761796800,0.0,0.99,no
relegation,2025,Fulham,1761883200,0.0,0.98,no
relegation,2025,Fulham,1761969600,0.0,0.99,no
relegation,2025,Fulham,1762056000,0.0,0.98,no
relegation,2025,Fulham,1762142400,0.0,0.98,no
relegation,2025,Fulham,1762232400,0.0,0.98,no
relegation,2025,Fulham,1762318800,0.0,0.98,no
relegation,2025,Fulham,1762405200,0.0,0.98,no
relegation,2025,Fulham,1762491600,0.0,0.99,no
relegation,2025,Fulham,1762578000,0.0,0.99,no
relegation,2025,Fulham,1762664400,0.0,0.98,no
relegation,2025,Fulham,1762750800,0.05,0.19,no
relegation,2025,Fulham,1762837200,0.07,0.98,no
relegation,2025,Fulham,1762923600,0.06,0.2,no
relegation,2025,Fulham,1763010000,0.09,0.17,no
relegation,2025,Fulham,1763096400,0.09,0.17,no
relegation,2025,Fulham,1763182800,0.09,0.17,no
relegation,2025,Fulham,1763269200,0.09,0.17,no
relegation,2025,Fulham,1763355600,0.09,0.17,no
relegation,2025,Fulham,1763442000,0.09,0.17,no
relegation,2025,Fulham,1763528400,0.09,0.17,no
relegation,2025,Fulham,1763614800,0.09,0.17,no
relegation,2025,Fulham,1763701200,0.09,0.17,no
relegation,2025,Fulham,1763787600,0.01,0.97,no
relegation,2025,Fulham,1763874000,0.0,0.98,no
relegation,2025,Fulham,1763960400,0.0,0.98,no
relegation,2025,Fulham,1764046800,0.0,0.98,no
relegation,2025,Fulham,1764133200,0.0,0.98,no
relegation,2025,Fulham,1764219600,0.05,0.13,no
relegation,2025,Fulham,1764306000,0.05,0.13,no
relegation,2025,Fulham,1764392400,0.05,0.13,no
relegation,2025,Fulham,1764478800,0.01,0.08,no
relegation,2025,Fulham,1764565200,0.0,0.07,no
relegation,2025,Fulham,1764651600,0.0,0.07,no
relegation,2025,Fulham,1764738000,0.0,0.99,no
relegation,2025,Fulham,1764824400,0.0,0.99,no
relegation,2025,Fulham,1764910800,0.0,0.98,no
relegation,2025,Fulham,1764997200,0.0,0.99,no
relegation,2025,Fulham,1765083600,0.0,0.98,no
relegation,2025,Fulham,1765170000,0.0,0.98,no
relegation,2025,Fulham,1765256400,0.0,0.99,no
relegation,2025,Fulham,1765342800,0.02,0.1,no
relegation,2025,Fulham,1765429200,0.02,0.1,no
relegation,2025,Fulham,1765515600,0.0,1.0,no
relegation,2025,Fulham,1765602000,0.0,1.0,no
relegation,2025,Fulham,1765688400,0.0,0.99,no
relegation,2025,Fulham,1765774800,0.0,1.0,no
relegation,2025,Fulham,1765861200,0.0,1.0,no
relegation,2025,Fulham,1765947600,0.0,1.0,no
relegation,2025,Fulham,1766034000,0.0,0.98,no
relegation,2025,Fulham,1766120400,0.0,0.98,no
relegation,2025,Fulham,1766206800,0.0,0.65,no
relegation,2025,Fulham,1766293200,0.0,0.65,no
relegation,2025,Fulham,1766379600,0.0,0.64,no
relegation,2025,Fulham,1766466000,0.0,0.64,no
relegation,2025,Fulham,1766552400,0.01,0.09,no
relegation,2025,Fulham,1766638800,0.01,0.09,no
relegation,2025,Fulham,1766725200,0.01,0.09,no
relegation,2025,Fulham,1766811600,0.0,0.08,no
relegation,2025,Fulham,1766898000,0.0,0.64,no
relegation,2025,Fulham,1766984400,0.0,0.65,no
relegation,2025,Fulham,1767070800,0.0,0.64,no
relegation,2025,Fulham,1767157200,0.0,0.64,no
relegation,2025,Fulham,1767243600,0.0,0.65,no
relegation,2025,Fulham,1767330000,0.0,0.64,no
relegation,2025,Fulham,1767416400,0.0,0.64,no
relegation,2025,Fulham,1767502800,0.0,0.64,no
relegation,2025,Fulham,1767589200,0.0,0.65,no
relegation,2025,Fulham,1767675600,0.0,0.65,no
relegation,2025,Fulham,1767762000,0.0,0.64,no
relegation,2025,Fulham,1767848400,0.0,0.65,no
relegation,2025,Fulham,1767934800,0.0,0.64,no
relegation,2025,Fulham,1768021200,0.0,0.64,no
relegation,2025,Fulham,1768107600,0.0,0.2,no
relegation,2025,Fulham,1768194000,0.0,0.2,no
relegation,2025,Fulham,1768280400,0.0,0.2,no
relegation,2025,Fulham,1768366800,0.0,0.2,no
relegation,2025,Fulham,1768453200,0.0,0.2,no
relegation,2025,Fulham,1768539600,0.0,0.2,no
relegation,2025,Fulham,1768626000,0.0,0.18,no
relegation,2025,Fulham,1768712400,0.0,0.18,no
relegation,2025,Fulham,1768798800,0.0,0.18,no
relegation,2025,Fulham,1768885200,0.0,0.18,no
relegation,2025,Fulham,1768971600,0.0,0.64,no
relegation,2025,Fulham,1769058000,0.0,0.5,no
relegation,2025,Fulham,1769144400,0.0,0.49,no
relegation,2025,Fulham,1769230800,0.0,0.49,no
relegation,2025,Fulham,1769317200,0.0,0.49,no
relegation,2025,Fulham,1769403600,0.0,0.49,no
relegation,2025,Fulham,1769490000,0.0,0.65,no
relegation,2025,Fulham,1769576400,0.0,0.65,no
relegation,2025,Fulham,1769662800,0.0,0.56,no
relegation,2025,Fulham,1769749200,0.0,0.55,no
relegation,2025,Fulham,1769835600,0.0,0.55,no
relegation,2025,Fulham,1769922000,0.0,0.64,no
relegation,2025,Fulham,1770008400,0.0,0.64,no
relegation,2025,Fulham,1770094800,0.0,0.65,no
relegation,2025,Fulham,1770181200,0.0,0.51,no
relegation,2025,Fulham,1770267600,0.0,0.51,no
relegation,2025,Fulham,1770354000,0.0,0.52,no
relegation,2025,Fulham,1770440400,0.0,0.52,no
relegation,2025,Fulham,1770526800,0.0,0.52,no
relegation,2025,Fulham,1770613200,0.0,0.51,no
relegation,2025,Fulham,1770699600,0.0,0.51,no
relegation,2025,Fulham,1770958800,0.0,0.52,no
relegation,2025,Fulham,1771045200,0.0,0.52,no
relegation,2025,Fulham,1771131600,0.0,0.51,no
relegation,2025,Fulham,1771218000,0.0,0.52,no
relegation,2025,Fulham,1771304400,0.0,0.05,no
relegation,2025,Fulham,1771390800,0.0,0.05,no
relegation,2025,Fulham,1771563600,0.0,0.05,no
relegation,2025,Fulham,1771650000,0.01,0.05,no
relegation,2025,Fulham,1771736400,0.01,0.04,no
relegation,2025,Fulham,1771822800,0.0,0.04,no
relegation,2025,Fulham,1771909200,0.0,0.05,no
relegation,2025,Fulham,1771995600,0.0,0.05,no
relegation,2025,Fulham,1772082000,0.0,0.05,no
relegation,2025,Fulham,1772168400,0.0,0.05,no
relegation,2025,Fulham,1772254800,0.0,0.04,no
relegation,2025,Fulham,1772341200,0.0,0.04,no
relegation,2025,Fulham,1772427600,0.0,0.04,no
relegation,2025,Fulham,1772514000,0.0,0.65,no
relegation,2025,Fulham,1772600400,0.0,0.62,no
relegation,2025,Fulham,1772686800,0.0,0.05,no
relegation,2025,Fulham,1772773200,0.0,0.02,no
relegation,2025,Fulham,1772859600,0.0,0.02,no
relegation,2025,Fulham,1772946000,0.0,0.03,no
relegation,2025,Fulham,1773032400,0.0,0.03,no
relegation,2025,Fulham,1773115200,0.0,0.03,no
relegation,2025,Fulham,1773201600,0.0,0.03,no
relegation,2025,Fulham,1773288000,0.0,0.03,no
relegation,2025,Fulham,1773374400,0.0,0.03,no
relegation,2025,Fulham,1773460800,0.0,0.03,no
relegation,2025,Fulham,1773547200,0.0,0.63,no
relegation,2025,Fulham,1773633600,0.0,0.62,no
relegation,2025,Fulham,1773720000,0.0,0.19,no
relegation,2025,Fulham,1773806400,0.0,0.19,no
relegation,2025,Fulham,1773892800,0.0,0.19,no
relegation,2025,Fulham,1773979200,0.0,0.2,no
relegation,2025,Fulham,1774065600,0.0,0.2,no
relegation,2025,Fulham,1774152000,0.0,0.2,no
relegation,2025,Fulham,1774238400,0.0,0.2,no
relegation,2025,Fulham,1774324800,0.0,0.35,no
relegation,2025,Fulham,1774411200,0.0,0.36,no
relegation,2025,Fulham,1774497600,0.0,0.35,no
relegation,2025,Fulham,1774584000,0.0,0.33,no
relegation,2025,Fulham,1774670400,0.01,0.02,no
relegation,2025,Fulham,1774756800,0.01,0.02,no
relegation,2025,Fulham,1775188800,0.0,0.02,no
relegation,2025,Fulham,1775361600,0.0,0.02,no
relegation,2025,Fulham,1775534400,0.0,0.02,no
relegation,2025,Fulham,1776744000,0.0,0.02,no
relegation,2025,Fulham,1776830400,0.0,0.02,no
relegation,2025,Fulham,1776916800,0.0,0.02,no
relegation,2025,Fulham,1777003200,0.0,0.02,no
relegation,2025,Fulham,1777089600,0.0,0.02,no
relegation,2025,Fulham,1777176000,0.0,0.02,no
relegation,2025,Fulham,1777262400,0.0,0.02,no
relegation,2025,Fulham,1777608000,0.0,0.01,no
relegation,2025,Fulham,1777780800,0.0,0.65,no
relegation,2025,Fulham,1777953600,0.0,0.01,no
relegation,2025,Fulham,1778472000,0.0,0.01,no
relegation,2025,Fulham,1778558400,0.0,0.01,no
relegation,2025,Fulham,1778817600,0.0,0.01,no
relegation,2025,Fulham,1778990400,0.0,0.01,no
relegation,2025,Fulham,1779508800,0.0,0.01,no
relegation,2025,Fulham,1779595200,0.0,0.01,no
relegation,2025,Fulham,1779681600,0.0,1.0,no
relegation,2025,Everton,1759377600,0.0,0.99,no
relegation,2025,Everton,1759464000,0.03,0.11,no
relegation,2025,Everton,1759550400,0.0,0.99,no
relegation,2025,Everton,1760241600,0.0,0.99,no
relegation,2025,Everton,1760328000,0.0,0.99,no
relegation,2025,Everton,1760414400,0.0,0.99,no
relegation,2025,Everton,1760500800,0.0,0.99,no
relegation,2025,Everton,1760587200,0.0,0.99,no
relegation,2025,Everton,1760673600,0.0,0.99,no
relegation,2025,Everton,1760760000,0.0,0.99,no
relegation,2025,Everton,1760846400,0.0,0.99,no
relegation,2025,Everton,1760932800,0.0,0.99,no
relegation,2025,Everton,1761019200,0.0,0.99,no
relegation,2025,Everton,1761105600,0.0,0.99,no
relegation,2025,Everton,1761192000,0.0,0.99,no
relegation,2025,Everton,1761278400,0.0,0.99,no
relegation,2025,Everton,1761364800,0.0,0.99,no
relegation,2025,Everton,1761451200,0.0,0.99,no
relegation,2025,Everton,1761537600,0.0,0.99,no
relegation,2025,Everton,1761624000,0.0,0.99,no
relegation,2025,Everton,1761710400,0.0,0.99,no
relegation,2025,Everton,1761796800,0.0,0.99,no
relegation,2025,Everton,1761883200,0.0,0.98,no
relegation,2025,Everton,1761969600,0.0,0.99,no
relegation,2025,Everton,1762056000,0.0,0.98,no
relegation,2025,Everton,1762142400,0.0,0.98,no
relegation,2025,Everton,1762232400,0.0,0.98,no
relegation,2025,Everton,1762318800,0.0,0.98,no
relegation,2025,Everton,1762405200,0.0,0.98,no
relegation,2025,Everton,1762491600,0.0,0.99,no
relegation,2025,Everton,1762578000,0.0,0.99,no
relegation,2025,Everton,1762664400,0.0,0.98,no
relegation,2025,Everton,1762750800,0.0,0.1,no
relegation,2025,Everton,1762837200,0.0,0.99,no
relegation,2025,Everton,1762923600,0.0,0.13,no
relegation,2025,Everton,1763010000,0.0,0.08,no
relegation,2025,Everton,1763096400,0.0,0.08,no
relegation,2025,Everton,1763182800,0.01,0.08,no
relegation,2025,Everton,1763269200,0.01,0.08,no
relegation,2025,Everton,1763355600,0.01,0.08,no
relegation,2025,Everton,1763442000,0.01,0.08,no
relegation,2025,Everton,1763528400,0.01,0.08,no
relegation,2025,Everton,1763614800,0.01,0.08,no
relegation,2025,Everton,1763701200,0.01,0.08,no
relegation,2025,Everton,1763787600,0.01,0.97,no
relegation,2025,Everton,1763874000,0.02,0.98,no
relegation,2025,Everton,1763960400,0.02,0.97,no
relegation,2025,Everton,1764046800,0.02,0.97,no
relegation,2025,Everton,1764133200,0.01,0.99,no
relegation,2025,Everton,1764219600,0.01,0.05,no
relegation,2025,Everton,1764306000,0.01,0.05,no
relegation,2025,Everton,1764392400,0.01,0.05,no
relegation,2025,Everton,1764478800,0.01,0.06,no
relegation,2025,Everton,1764565200,0.01,0.06,no
relegation,2025,Everton,1764651600,0.01,0.06,no
relegation,2025,Everton,1764738000,0.01,0.99,no
relegation,2025,Everton,1764824400,0.01,0.99,no
relegation,2025,Everton,1764910800,0.01,0.98,no
relegation,2025,Everton,1764997200,0.01,0.98,no
relegation,2025,Everton,1765083600,0.01,0.98,no
relegation,2025,Everton,1765170000,0.01,0.99,no
relegation,2025,Everton,1765256400,0.01,0.99,no
relegation,2025,Everton,1765342800,0.01,0.04,no
relegation,2025,Everton,1765429200,0.01,0.04,no
relegation,2025,Everton,1765515600,0.01,1.0,no
relegation,2025,Everton,1765602000,0.01,0.99,no
relegation,2025,Everton,1765688400,0.01,1.0,no
relegation,2025,Everton,1765774800,0.01,0.99,no
relegation,2025,Everton,1765861200,0.01,0.99,no
relegation,2025,Everton,1765947600,0.01,0.98,no
relegation,2025,Everton,1766034000,0.01,1.0,no
relegation,2025,Everton,1766120400,0.01,0.99,no
relegation,2025,Everton,1766206800,0.01,0.4,no
relegation,2025,Everton,1766293200,0.01,0.4,no
relegation,2025,Everton,1766379600,0.01,0.4,no
relegation,2025,Everton,1766466000,0.01,0.4,no
relegation,2025,Everton,1766552400,0.01,0.06,no
relegation,2025,Everton,1766638800,0.01,0.06,no
relegation,2025,Everton,1766725200,0.01,0.06,no
relegation,2025,Everton,1766811600,0.01,0.06,no
relegation,2025,Everton,1766898000,0.01,0.39,no
relegation,2025,Everton,1766984400,0.01,0.4,no
relegation,2025,Everton,1767070800,0.01,0.39,no
relegation,2025,Everton,1767157200,0.01,0.4,no
relegation,2025,Everton,1767243600,0.0,0.4,no
relegation,2025,Everton,1767330000,0.0,0.39,no
relegation,2025,Everton,1767416400,0.0,0.4,no
relegation,2025,Everton,1767502800,0.0,0.39,no
relegation,2025,Everton,1767589200,0.0,0.4,no
relegation,2025,Everton,1767675600,0.0,0.4,no
relegation,2025,Everton,1767762000,0.0,0.39,no
relegation,2025,Everton,1767848400,0.0,0.4,no
relegation,2025,Everton,1767934800,0.0,0.39,no
relegation,2025,Everton,1768021200,0.0,0.39,no
relegation,2025,Everton,1768107600,0.0,0.31,no
relegation,2025,Everton,1768194000,0.0,0.3,no
relegation,2025,Everton,1768280400,0.0,0.3,no
relegation,2025,Everton,1768366800,0.0,0.3,no
relegation,2025,Everton,1768453200,0.0,0.3,no
relegation,2025,Everton,1768539600,0.0,0.31,no
relegation,2025,Everton,1768626000,0.0,0.31,no
relegation,2025,Everton,1768712400,0.0,0.31,no
relegation,2025,Everton,1768798800,0.0,0.31,no
relegation,2025,Everton,1768885200,0.0,0.31,no
relegation,2025,Everton,1768971600,0.0,0.4,no
relegation,2025,Everton,1769058000,0.0,0.35,no
relegation,2025,Everton,1769144400,0.0,0.35,no
relegation,2025,Everton,1769230800,0.0,0.35,no
relegation,2025,Everton,1769317200,0.0,0.35,no
relegation,2025,Everton,1769403600,0.0,0.35,no
relegation,2025,Everton,1769490000,0.0,0.4,no
relegation,2025,Everton,1769576400,0.0,0.4,no
relegation,2025,Everton,1769662800,0.0,0.38,no
relegation,2025,Everton,1769749200,0.0,0.38,no
relegation,2025,Everton,1769835600,0.0,0.38,no
relegation,2025,Everton,1769922000,0.0,0.39,no
relegation,2025,Everton,1770008400,0.0,0.39,no
relegation,2025,Everton,1770094800,0.0,0.4,no
relegation,2025,Everton,1770181200,0.0,0.38,no
relegation,2025,Everton,1770267600,0.0,0.38,no
relegation,2025,Everton,1770354000,0.0,0.38,no
relegation,2025,Everton,1770440400,0.0,0.38,no
relegation,2025,Everton,1770526800,0.0,0.38,no
relegation,2025,Everton,1770613200,0.0,0.38,no
relegation,2025,Everton,1770699600,0.0,0.38,no
relegation,2025,Everton,1770958800,0.0,0.37,no
relegation,2025,Everton,1771045200,0.0,0.37,no
relegation,2025,Everton,1771131600,0.0,0.38,no
relegation,2025,Everton,1771218000,0.0,0.38,no
relegation,2025,Everton,1771304400,0.0,0.04,no
relegation,2025,Everton,1771390800,0.0,0.04,no
relegation,2025,Everton,1771477200,0.0,0.04,no
relegation,2025,Everton,1771563600,0.0,0.04,no
relegation,2025,Everton,1771650000,0.0,0.04,no
relegation,2025,Everton,1771736400,0.0,0.04,no
relegation,2025,Everton,1771822800,0.0,0.04,no
relegation,2025,Everton,1771909200,0.0,0.05,no
relegation,2025,Everton,1771995600,0.0,0.05,no
relegation,2025,Everton,1772168400,0.0,0.05,no
relegation,2025,Everton,1772254800,0.0,0.05,no
relegation,2025,Everton,1772341200,0.0,0.05,no
relegation,2025,Everton,1772427600,0.0,0.05,no
relegation,2025,Everton,1772514000,0.0,0.39,no
relegation,2025,Everton,1772600400,0.0,0.35,no
relegation,2025,Everton,1772686800,0.0,0.04,no
relegation,2025,Everton,1772773200,0.0,0.02,no
relegation,2025,Everton,1772859600,0.0,0.02,no
relegation,2025,Everton,1772946000,0.0,0.02,no
relegation,2025,Everton,1773032400,0.0,0.02,no
relegation,2025,Everton,1773115200,0.0,0.02,no
relegation,2025,Everton,1773201600,0.0,0.02,no
relegation,2025,Everton,1773288000,0.0,0.02,no
relegation,2025,Everton,1773374400,0.0,0.02,no
relegation,2025,Everton,1773460800,0.0,0.02,no
relegation,2025,Everton,1773547200,0.0,0.39,no
relegation,2025,Everton,1773633600,0.0,0.39,no
relegation,2025,Everton,1773720000,0.0,0.19,no
relegation,2025,Everton,1773806400,0.0,0.19,no
relegation,2025,Everton,1773892800,0.0,0.19,no
relegation,2025,Everton,1773979200,0.0,0.2,no
relegation,2025,Everton,1774065600,0.0,0.2,no
relegation,2025,Everton,1774152000,0.0,0.2,no
relegation,2025,Everton,1774238400,0.0,0.2,no
relegation,2025,Everton,1774324800,0.0,0.37,no
relegation,2025,Everton,1774411200,0.0,0.38,no
relegation,2025,Everton,1774497600,0.0,0.38,no
relegation,2025,Everton,1774584000,0.0,0.37,no
relegation,2025,Everton,1774670400,0.01,0.02,no
relegation,2025,Everton,1774756800,0.0,0.02,no
relegation,2025,Everton,1775188800,0.0,0.02,no
relegation,2025,Everton,1775361600,0.0,0.02,no
relegation,2025,Everton,1775534400,0.0,0.02,no
relegation,2025,Everton,1776052800,0.0,0.02,no
relegation,2025,Everton,1776225600,0.0,0.02,no
relegation,2025,Everton,1777608000,0.0,0.01,no
relegation,2025,Everton,1777780800,0.0,0.02,no
relegation,2025,Everton,1777953600,0.0,0.01,no
relegation,2025,Everton,1778472000,0.0,0.01,no
relegation,2025,Everton,1778558400,0.0,0.01,no
relegation,2025,Everton,1778817600,0.0,0.01,no
relegation,2025,Everton,1778990400,0.0,0.01,no
relegation,2025,Everton,1779595200,0.0,0.01,no
relegation,2025,Everton,1779681600,0.0,1.0,no
relegation,2025,Crystal Palace,1759377600,0.0,0.99,no
relegation,2025,Crystal Palace,1759464000,0.0,0.05,no
relegation,2025,Crystal Palace,1759550400,0.0,0.97,no
relegation,2025,Crystal Palace,1760241600,0.0,0.98,no
relegation,2025,Crystal Palace,1761883200,0.0,0.98,no
relegation,2025,Crystal Palace,1761969600,0.0,0.98,no
relegation,2025,Crystal Palace,1762056000,0.0,0.97,no
relegation,2025,Crystal Palace,1762142400,0.0,0.97,no
relegation,2025,Crystal Palace,1762232400,0.0,0.97,no
relegation,2025,Crystal Palace,1762318800,0.0,0.98,no
relegation,2025,Crystal Palace,1762405200,0.0,0.98,no
relegation,2025,Crystal Palace,1762491600,0.0,0.98,no
relegation,2025,Crystal Palace,1762578000,0.0,0.98,no
relegation,2025,Crystal Palace,1762664400,0.0,0.97,no
relegation,2025,Crystal Palace,1762750800,0.0,0.98,no
relegation,2025,Crystal Palace,1762837200,0.0,0.97,no
relegation,2025,Crystal Palace,1762923600,0.0,0.97,no
relegation,2025,Crystal Palace,1763010000,0.0,0.04,no
relegation,2025,Crystal Palace,1763096400,0.0,0.04,no
relegation,2025,Crystal Palace,1763182800,0.0,0.04,no
relegation,2025,Crystal Palace,1763269200,0.0,0.04,no
relegation,2025,Crystal Palace,1763355600,0.0,0.04,no
relegation,2025,Crystal Palace,1763442000,0.0,0.04,no
relegation,2025,Crystal Palace,1763528400,0.0,0.04,no
relegation,2025,Crystal Palace,1763614800,0.0,0.04,no
relegation,2025,Crystal Palace,1763701200,0.0,0.04,no
relegation,2025,Crystal Palace,1763787600,0.0,0.96,no
relegation,2025,Crystal Palace,1763874000,0.0,0.97,no
relegation,2025,Crystal Palace,1763960400,0.0,0.97,no
relegation,2025,Crystal Palace,1764046800,0.0,0.97,no
relegation,2025,Crystal Palace,1764133200,0.0,0.97,no
relegation,2025,Crystal Palace,1764219600,0.0,0.04,no
relegation,2025,Crystal Palace,1764306000,0.0,0.04,no
relegation,2025,Crystal Palace,1764392400,0.0,0.04,no
relegation,2025,Crystal Palace,1764478800,0.0,0.04,no
relegation,2025,Crystal Palace,1764565200,0.0,0.04,no
relegation,2025,Crystal Palace,1764651600,0.0,0.04,no
relegation,2025,Crystal Palace,1764738000,0.0,0.98,no
relegation,2025,Crystal Palace,1764824400,0.0,0.97,no
relegation,2025,Crystal Palace,1764910800,0.0,0.97,no
relegation,2025,Crystal Palace,1764997200,0.0,0.97,no
relegation,2025,Crystal Palace,1765083600,0.0,0.97,no
relegation,2025,Crystal Palace,1765170000,0.0,0.98,no
relegation,2025,Crystal Palace,1765256400,0.0,0.99,no
relegation,2025,Crystal Palace,1765342800,0.0,0.04,no
relegation,2025,Crystal Palace,1765429200,0.0,0.04,no
relegation,2025,Crystal Palace,1765515600,0.0,1.0,no
relegation,2025,Crystal Palace,1765602000,0.0,1.0,no
relegation,2025,Crystal Palace,1765688400,0.0,0.99,no
relegation,2025,Crystal Palace,1765774800,0.0,1.0,no
relegation,2025,Crystal Palace,1765861200,0.0,1.0,no
relegation,2025,Crystal Palace,1765947600,0.0,1.0,no
relegation,2025,Crystal Palace,1766034000,0.0,0.99,no
relegation,2025,Crystal Palace,1766120400,0.0,0.98,no
relegation,2025,Crystal Palace,1766206800,0.0,0.3,no
relegation,2025,Crystal Palace,1766293200,0.0,0.3,no
relegation,2025,Crystal Palace,1766379600,0.0,0.3,no
relegation,2025,Crystal Palace,1766466000,0.0,0.3,no
relegation,2025,Crystal Palace,1766552400,0.0,0.05,no
relegation,2025,Crystal Palace,1766638800,0.0,0.05,no
relegation,2025,Crystal Palace,1766725200,0.0,0.05,no
relegation,2025,Crystal Palace,1766811600,0.0,0.05,no
relegation,2025,Crystal Palace,1766898000,0.0,0.29,no
relegation,2025,Crystal Palace,1766984400,0.0,0.3,no
relegation,2025,Crystal Palace,1767070800,0.0,0.3,no
relegation,2025,Crystal Palace,1767157200,0.0,0.3,no
relegation,2025,Crystal Palace,1767243600,0.0,0.3,no
relegation,2025,Crystal Palace,1767330000,0.0,0.29,no
relegation,2025,Crystal Palace,1767416400,0.0,0.3,no
relegation,2025,Crystal Palace,1767502800,0.0,0.3,no
relegation,2025,Crystal Palace,1767589200,0.0,0.3,no
relegation,2025,Crystal Palace,1767675600,0.0,0.3,no
relegation,2025,Crystal Palace,1767762000,0.0,0.3,no
relegation,2025,Crystal Palace,1767848400,0.0,0.3,no
relegation,2025,Crystal Palace,1767934800,0.0,0.3,no
relegation,2025,Crystal Palace,1768021200,0.0,0.29,no
relegation,2025,Crystal Palace,1768107600,0.0,0.23,no
relegation,2025,Crystal Palace,1768194000,0.0,0.22,no
relegation,2025,Crystal Palace,1768280400,0.0,0.23,no
relegation,2025,Crystal Palace,1768366800,0.0,0.22,no
relegation,2025,Crystal Palace,1768453200,0.0,0.23,no
relegation,2025,Crystal Palace,1768539600,0.0,0.23,no
relegation,2025,Crystal Palace,1768626000,0.01,0.28,no
relegation,2025,Crystal Palace,1768712400,0.01,0.27,no
relegation,2025,Crystal Palace,1768798800,0.01,0.26,no
relegation,2025,Crystal Palace,1768885200,0.01,0.25,no
relegation,2025,Crystal Palace,1768971600,0.01,0.18,no
relegation,2025,Crystal Palace,1769058000,0.05,0.17,no
relegation,2025,Crystal Palace,1769144400,0.04,0.18,no
relegation,2025,Crystal Palace,1769230800,0.04,0.29,no
relegation,2025,Crystal Palace,1769317200,0.04,0.29,no
relegation,2025,Crystal Palace,1769403600,0.07,0.28,no
relegation,2025,Crystal Palace,1769490000,0.05,0.3,no
relegation,2025,Crystal Palace,1769576400,0.04,0.3,no
relegation,2025,Crystal Palace,1769662800,0.05,0.29,no
relegation,2025,Crystal Palace,1769749200,0.06,0.27,no
relegation,2025,Crystal Palace,1769835600,0.12,0.28,no
relegation,2025,Crystal Palace,1769922000,0.11,0.28,no
relegation,2025,Crystal Palace,1770008400,0.11,0.2,no
relegation,2025,Crystal Palace,1770094800,0.11,0.19,no
relegation,2025,Crystal Palace,1770181200,0.1,0.19,no
relegation,2025,Crystal Palace,1770267600,0.06,0.19,no
relegation,2025,Crystal Palace,1770354000,0.07,0.13,no
relegation,2025,Crystal Palace,1770440400,0.06,0.14,no
relegation,2025,Crystal Palace,1770526800,0.07,0.13,no
relegation,2025,Crystal Palace,1770613200,0.04,0.14,no
relegation,2025,Crystal Palace,1770699600,0.05,0.22,no
relegation,2025,Crystal Palace,1770786000,0.05,0.21,no
relegation,2025,Crystal Palace,1770872400,0.06,0.17,no
relegation,2025,Crystal Palace,1770958800,0.04,0.15,no
relegation,2025,Crystal Palace,1771045200,0.05,0.13,no
relegation,2025,Crystal Palace,1771131600,0.05,0.14,no
relegation,2025,Crystal Palace,1771218000,0.05,0.14,no
relegation,2025,Crystal Palace,1771304400,0.04,0.08,no
relegation,2025,Crystal Palace,1771390800,0.04,0.07,no
relegation,2025,Crystal Palace,1771477200,0.04,0.06,no
relegation,2025,Crystal Palace,1771563600,0.04,0.07,no
relegation,2025,Crystal Palace,1771650000,0.04,0.06,no
relegation,2025,Crystal Palace,1771736400,0.05,0.09,no
relegation,2025,Crystal Palace,1771822800,0.03,0.08,no
relegation,2025,Crystal Palace,1771909200,0.02,0.08,no
relegation,2025,Crystal Palace,1771995600,0.02,0.08,no
relegation,2025,Crystal Palace,1772082000,0.03,0.08,no
relegation,2025,Crystal Palace,1772168400,0.01,0.08,no
relegation,2025,Crystal Palace,1772254800,0.02,0.09,no
relegation,2025,Crystal Palace,1772341200,0.04,0.07,no
relegation,2025,Crystal Palace,1772427600,0.03,0.07,no
relegation,2025,Crystal Palace,1772514000,0.01,0.08,no
relegation,2025,Crystal Palace,1772600400,0.02,0.09,no
relegation,2025,Crystal Palace,1772686800,0.02,0.03,no
relegation,2025,Crystal Palace,1772773200,0.0,0.02,no
relegation,2025,Crystal Palace,1772859600,0.0,0.03,no
relegation,2025,Crystal Palace,1772946000,0.0,0.02,no
relegation,2025,Crystal Palace,1773032400,0.0,0.02,no
relegation,2025,Crystal Palace,1773115200,0.0,0.02,no
relegation,2025,Crystal Palace,1773201600,0.0,0.02,no
relegation,2025,Crystal Palace,1773288000,0.01,0.02,no
relegation,2025,Crystal Palace,1773374400,0.01,0.02,no
relegation,2025,Crystal Palace,1773460800,0.0,0.02,no
relegation,2025,Crystal Palace,1773547200,0.0,0.01,no
relegation,2025,Crystal Palace,1773633600,0.0,0.01,no
relegation,2025,Crystal Palace,1773720000,0.0,0.01,no
relegation,2025,Crystal Palace,1773806400,0.01,0.02,no
relegation,2025,Crystal Palace,1773892800,0.0,0.01,no
relegation,2025,Crystal Palace,1773979200,0.0,0.02,no
relegation,2025,Crystal Palace,1774065600,0.0,0.02,no
relegation,2025,Crystal Palace,1774152000,0.0,0.01,no
relegation,2025,Crystal Palace,1774238400,0.0,0.04,no
relegation,2025,Crystal Palace,1774324800,0.0,0.04,no
relegation,2025,Crystal Palace,1774411200,0.0,0.04,no
relegation,2025,Crystal Palace,1774497600,0.0,0.03,no
relegation,2025,Crystal Palace,1774584000,0.0,0.02,no
relegation,2025,Crystal Palace,1774670400,0.0,0.01,no
relegation,2025,Crystal Palace,1774756800,0.0,0.01,no
relegation,2025,Crystal Palace,1774843200,0.0,0.01,no
relegation,2025,Crystal Palace,1774929600,0.0,0.01,no
relegation,2025,Crystal Palace,1775016000,0.0,0.01,no
relegation,2025,Crystal Palace,1775102400,0.0,0.01,no
relegation,2025,Crystal Palace,1775188800,0.0,0.01,no
relegation,2025,Crystal Palace,1775275200,0.0,0.01,no
relegation,2025,Crystal Palace,1775361600,0.0,0.01,no
relegation,2025,Crystal Palace,1775448000,0.0,0.01,no
relegation,2025,Crystal Palace,1775534400,0.0,0.01,no
relegation,2025,Crystal Palace,1775620800,0.0,0.02,no
relegation,2025,Crystal Palace,1775707200,0.0,0.04,no
relegation,2025,Crystal Palace,1775793600,0.0,0.03,no
relegation,2025,Crystal Palace,1775880000,0.0,0.01,no
relegation,2025,Crystal Palace,1775966400,0.0,0.01,no
relegation,2025,Crystal Palace,1777521600,0.0,0.02,no
relegation,2025,Crystal Palace,1777608000,0.0,0.01,no
relegation,2025,Crystal Palace,1777694400,0.0,0.01,no
relegation,2025,Crystal Palace,1777780800,0.0,0.09,no
relegation,2025,Crystal Palace,1777867200,0.0,0.09,no
relegation,2025,Crystal Palace,1777953600,0.0,0.01,no
relegation,2025,Crystal Palace,1778212800,0.0,0.07,no
relegation,2025,Crystal Palace,1778299200,0.0,0.05,no
relegation,2025,Crystal Palace,1778385600,0.0,0.02,no
relegation,2025,Crystal Palace,1778472000,0.0,0.01,no
relegation,2025,Crystal Palace,1778990400,0.0,0.01,no
relegation,2025,Crystal Palace,1779595200,0.0,0.01,no
relegation,2025,Crystal Palace,1779681600,0.0,1.0,no
relegation,2025,Chelsea,1759377600,0.0,0.99,no
relegation,2025,Chelsea,1759464000,0.0,0.04,no
relegation,2025,Chelsea,1759550400,0.0,0.2,no
relegation,2025,Chelsea,1759636800,0.0,0.2,no
relegation,2025,Chelsea,1759723200,0.0,0.19,no
relegation,2025,Chelsea,1759809600,0.0,0.19,no
relegation,2025,Chelsea,1759896000,0.0,0.2,no
relegation,2025,Chelsea,1759982400,0.0,0.2,no
relegation,2025,Chelsea,1760068800,0.0,0.2,no
relegation,2025,Chelsea,1760155200,0.0,0.2,no
relegation,2025,Chelsea,1760241600,0.0,0.2,no
relegation,2025,Chelsea,1760328000,0.0,0.2,no
relegation,2025,Chelsea,1760414400,0.0,0.2,no
relegation,2025,Chelsea,1760500800,0.0,0.2,no
relegation,2025,Chelsea,1760587200,0.0,0.2,no
relegation,2025,Chelsea,1760673600,0.0,0.2,no
relegation,2025,Chelsea,1760760000,0.0,0.2,no
relegation,2025,Chelsea,1760846400,0.0,0.2,no
relegation,2025,Chelsea,1760932800,0.0,0.2,no
relegation,2025,Chelsea,1761019200,0.0,0.2,no
relegation,2025,Chelsea,1761105600,0.0,0.2,no
relegation,2025,Chelsea,1761192000,0.0,0.2,no
relegation,2025,Chelsea,1761278400,0.0,0.2,no
relegation,2025,Chelsea,1761364800,0.0,0.2,no
relegation,2025,Chelsea,1761451200,0.0,0.2,no
relegation,2025,Chelsea,1761537600,0.0,0.2,no
relegation,2025,Chelsea,1761624000,0.0,0.2,no
relegation,2025,Chelsea,1761710400,0.0,0.2,no
relegation,2025,Chelsea,1761796800,0.0,0.2,no
relegation,2025,Chelsea,1761883200,0.0,0.2,no
relegation,2025,Chelsea,1761969600,0.0,0.2,no
relegation,2025,Chelsea,1762056000,0.0,0.2,no
relegation,2025,Chelsea,1762142400,0.0,0.2,no
relegation,2025,Chelsea,1762232400,0.0,0.2,no
relegation,2025,Chelsea,1762318800,0.0,0.2,no
relegation,2025,Chelsea,1762405200,0.0,0.2,no
relegation,2025,Chelsea,1762491600,0.0,0.2,no
relegation,2025,Chelsea,1762578000,0.0,0.2,no
relegation,2025,Chelsea,1762664400,0.0,0.2,no
relegation,2025,Chelsea,1762750800,0.0,0.2,no
relegation,2025,Chelsea,1762837200,0.0,0.2,no
relegation,2025,Chelsea,1762923600,0.0,0.2,no
relegation,2025,Chelsea,1763010000,0.0,0.04,no
relegation,2025,Chelsea,1763096400,0.0,0.04,no
relegation,2025,Chelsea,1763182800,0.0,0.04,no
relegation,2025,Chelsea,1763269200,0.0,0.04,no
relegation,2025,Chelsea,1763355600,0.0,0.04,no
relegation,2025,Chelsea,1763442000,0.0,0.04,no
relegation,2025,Chelsea,1763528400,0.0,0.04,no
relegation,2025,Chelsea,1763614800,0.0,0.04,no
relegation,2025,Chelsea,1763701200,0.0,0.04,no
relegation,2025,Chelsea,1763787600,0.0,0.2,no
relegation,2025,Chelsea,1763874000,0.0,0.2,no
relegation,2025,Chelsea,1763960400,0.0,0.2,no
relegation,2025,Chelsea,1764046800,0.0,0.2,no
relegation,2025,Chelsea,1764133200,0.0,0.2,no
relegation,2025,Chelsea,1764219600,0.0,0.04,no
relegation,2025,Chelsea,1764306000,0.0,0.04,no
relegation,2025,Chelsea,1764392400,0.0,0.04,no
relegation,2025,Chelsea,1764478800,0.0,0.04,no
relegation,2025,Chelsea,1764565200,0.0,0.04,no
relegation,2025,Chelsea,1764651600,0.0,0.04,no
relegation,2025,Chelsea,1764738000,0.0,0.2,no
relegation,2025,Chelsea,1764824400,0.0,0.2,no
relegation,2025,Chelsea,1764910800,0.0,0.2,no
relegation,2025,Chelsea,1764997200,0.0,0.2,no
relegation,2025,Chelsea,1765083600,0.0,0.2,no
relegation,2025,Chelsea,1765170000,0.0,0.2,no
relegation,2025,Chelsea,1765256400,0.0,0.2,no
relegation,2025,Chelsea,1765342800,0.0,0.04,no
relegation,2025,Chelsea,1765429200,0.0,0.04,no
relegation,2025,Chelsea,1765515600,0.0,0.2,no
relegation,2025,Chelsea,1765602000,0.0,0.2,no
relegation,2025,Chelsea,1765688400,0.0,0.2,no
relegation,2025,Chelsea,1765774800,0.0,0.2,no
relegation,2025,Chelsea,1765861200,0.0,0.2,no
relegation,2025,Chelsea,1765947600,0.0,0.2,no
relegation,2025,Chelsea,1766034000,0.0,0.2,no
relegation,2025,Chelsea,1766120400,0.0,0.2,no
relegation,2025,Chelsea,1766206800,0.0,0.2,no
relegation,2025,Chelsea,1766293200,0.0,0.2,no
relegation,2025,Chelsea,1766379600,0.0,0.2,no
relegation,2025,Chelsea,1766466000,0.0,0.2,no
relegation,2025,Chelsea,1766552400,0.0,0.05,no
relegation,2025,Chelsea,1766638800,0.0,0.05,no
relegation,2025,Chelsea,1766725200,0.0,0.05,no
relegation,2025,Chelsea,1766811600,0.0,0.05,no
relegation,2025,Chelsea,1766898000,0.0,0.2,no
relegation,2025,Chelsea,1766984400,0.0,0.2,no
relegation,2025,Chelsea,1767070800,0.0,0.2,no
relegation,2025,Chelsea,1767157200,0.0,0.2,no
relegation,2025,Chelsea,1767243600,0.0,0.2,no
relegation,2025,Chelsea,1767330000,0.0,0.2,no
relegation,2025,Chelsea,1767416400,0.0,0.2,no
relegation,2025,Chelsea,1767502800,0.0,0.19,no
relegation,2025,Chelsea,1767589200,0.0,0.2,no
relegation,2025,Chelsea,1767675600,0.0,0.2,no
relegation,2025,Chelsea,1767762000,0.0,0.19,no
relegation,2025,Chelsea,1767848400,0.0,0.1,no
relegation,2025,Chelsea,1767934800,0.0,0.1,no
relegation,2025,Chelsea,1768021200,0.0,0.2,no
relegation,2025,Chelsea,1768107600,0.0,0.05,no
relegation,2025,Chelsea,1768194000,0.0,0.05,no
relegation,2025,Chelsea,1768280400,0.0,0.05,no
relegation,2025,Chelsea,1768366800,0.0,0.05,no
relegation,2025,Chelsea,1768453200,0.0,0.05,no
relegation,2025,Chelsea,1768539600,0.0,0.05,no
relegation,2025,Chelsea,1768626000,0.0,0.05,no
relegation,2025,Chelsea,1768712400,0.0,0.05,no
relegation,2025,Chelsea,1768798800,0.0,0.05,no
relegation,2025,Chelsea,1768885200,0.0,0.05,no
relegation,2025,Chelsea,1768971600,0.0,0.2,no
relegation,2025,Chelsea,1769058000,0.0,0.17,no
relegation,2025,Chelsea,1769144400,0.0,0.17,no
relegation,2025,Chelsea,1769230800,0.0,0.17,no
relegation,2025,Chelsea,1769317200,0.0,0.17,no
relegation,2025,Chelsea,1769403600,0.0,0.17,no
relegation,2025,Chelsea,1769490000,0.0,0.2,no
relegation,2025,Chelsea,1769576400,0.0,0.2,no
relegation,2025,Chelsea,1769662800,0.0,0.17,no
relegation,2025,Chelsea,1769749200,0.0,0.17,no
relegation,2025,Chelsea,1769835600,0.0,0.17,no
relegation,2025,Chelsea,1769922000,0.0,0.19,no
relegation,2025,Chelsea,1770008400,0.0,0.2,no
relegation,2025,Chelsea,1770094800,0.0,0.2,no
relegation,2025,Chelsea,1770181200,0.0,0.18,no
relegation,2025,Chelsea,1770267600,0.0,0.18,no
relegation,2025,Chelsea,1770354000,0.0,0.1,no
relegation,2025,Chelsea,1770440400,0.0,0.1,no
relegation,2025,Chelsea,1770526800,0.0,0.1,no
relegation,2025,Chelsea,1770613200,0.0,0.1,no
relegation,2025,Chelsea,1770699600,0.0,0.1,no
relegation,2025,Chelsea,1770958800,0.0,0.1,no
relegation,2025,Chelsea,1771045200,0.01,0.03,no
relegation,2025,Chelsea,1771131600,0.0,0.17,no
relegation,2025,Chelsea,1771218000,0.0,0.17,no
relegation,2025,Chelsea,1771304400,0.0,0.02,no
relegation,2025,Chelsea,1771390800,0.0,0.04,no
relegation,2025,Chelsea,1771477200,0.0,0.04,no
relegation,2025,Chelsea,1771563600,0.0,0.04,no
relegation,2025,Chelsea,1771650000,0.0,0.04,no
relegation,2025,Chelsea,1771736400,0.0,0.04,no
relegation,2025,Chelsea,1771822800,0.0,0.01,no
relegation,2025,Chelsea,1771909200,0.0,0.01,no
relegation,2025,Chelsea,1771995600,0.0,0.04,no
relegation,2025,Chelsea,1772082000,0.0,0.04,no
relegation,2025,Chelsea,1772168400,0.0,0.04,no
relegation,2025,Chelsea,1772254800,0.0,0.04,no
relegation,2025,Chelsea,1772341200,0.0,0.04,no
relegation,2025,Chelsea,1772427600,0.0,0.04,no
relegation,2025,Chelsea,1772514000,0.0,0.15,no
relegation,2025,Chelsea,1772600400,0.0,0.1,no
relegation,2025,Chelsea,1772686800,0.0,0.04,no
relegation,2025,Chelsea,1772773200,0.0,0.01,no
relegation,2025,Chelsea,1772859600,0.0,0.01,no
relegation,2025,Chelsea,1772946000,0.0,0.02,no
relegation,2025,Chelsea,1773032400,0.0,0.04,no
relegation,2025,Chelsea,1773115200,0.0,0.04,no
relegation,2025,Chelsea,1773201600,0.0,0.01,no
relegation,2025,Chelsea,1773288000,0.0,0.01,no
relegation,2025,Chelsea,1773374400,0.0,0.02,no
relegation,2025,Chelsea,1773460800,0.0,0.02,no
relegation,2025,Chelsea,1773547200,0.0,0.03,no
relegation,2025,Chelsea,1773633600,0.0,0.03,no
relegation,2025,Chelsea,1773720000,0.0,0.04,no
relegation,2025,Chelsea,1773806400,0.0,0.04,no
relegation,2025,Chelsea,1773892800,0.0,0.04,no
relegation,2025,Chelsea,1773979200,0.0,0.04,no
relegation,2025,Chelsea,1774324800,0.0,0.12,no
relegation,2025,Chelsea,1774411200,0.0,0.13,no
relegation,2025,Chelsea,1774497600,0.0,0.12,no
relegation,2025,Chelsea,1774584000,0.0,0.1,no
relegation,2025,Chelsea,1774670400,0.01,0.02,no
relegation,2025,Chelsea,1774756800,0.0,0.02,no
relegation,2025,Chelsea,1775188800,0.0,0.02,no
relegation,2025,Chelsea,1775361600,0.0,0.02,no
relegation,2025,Chelsea,1775448000,0.01,0.02,no
relegation,2025,Chelsea,1775534400,0.0,0.02,no
relegation,2025,Chelsea,1776052800,0.0,0.15,no
relegation,2025,Chelsea,1776139200,0.0,0.15,no
relegation,2025,Chelsea,1776225600,0.0,0.02,no
relegation,2025,Chelsea,1776571200,0.0,0.15,no
relegation,2025,Chelsea,1776657600,0.0,0.03,no
relegation,2025,Chelsea,1776744000,0.0,0.04,no
relegation,2025,Chelsea,1777262400,0.0,0.02,no
relegation,2025,Chelsea,1777348800,0.0,0.02,no
relegation,2025,Chelsea,1777521600,0.0,0.02,no
relegation,2025,Chelsea,1777608000,0.0,0.01,no
relegation,2025,Chelsea,1777780800,0.0,0.02,no
relegation,2025,Chelsea,1777953600,0.0,0.01,no
relegation,2025,Chelsea,1778472000,0.0,0.01,no
relegation,2025,Chelsea,1778558400,0.0,0.01,no
relegation,2025,Chelsea,1778817600,0.0,0.01,no
relegation,2025,Chelsea,1778990400,0.0,0.01,no
relegation,2025,Chelsea,1779508800,0.0,0.01,no
relegation,2025,Chelsea,1779595200,0.0,0.01,no
relegation,2025,Chelsea,1779681600,0.0,1.0,no
relegation,2025,Burnley,1759377600,0.0,0.99,yes
relegation,2025,Burnley,1759464000,0.67,0.75,yes
relegation,2025,Burnley,1759550400,0.06,0.94,yes
relegation,2025,Burnley,1759636800,0.06,0.94,yes
relegation,2025,Burnley,1759723200,0.03,0.98,yes
relegation,2025,Burnley,1759809600,0.04,0.97,yes
relegation,2025,Burnley,1760241600,0.04,0.97,yes
relegation,2025,Burnley,1760500800,0.05,0.96,yes
relegation,2025,Burnley,1760587200,0.05,0.96,yes
relegation,2025,Burnley,1760673600,0.05,0.96,yes
relegation,2025,Burnley,1760760000,0.52,0.96,yes
relegation,2025,Burnley,1760846400,0.52,0.96,yes
relegation,2025,Burnley,1760932800,0.52,0.96,yes
relegation,2025,Burnley,1761019200,0.52,0.96,yes
relegation,2025,Burnley,1761105600,0.52,0.96,yes
relegation,2025,Burnley,1761192000,0.52,0.96,yes
relegation,2025,Burnley,1761278400,0.52,0.96,yes
relegation,2025,Burnley,1761364800,0.05,0.96,yes
relegation,2025,Burnley,1761451200,0.05,0.96,yes
relegation,2025,Burnley,1761537600,0.05,0.96,yes
relegation,2025,Burnley,1761624000,0.05,0.96,yes
relegation,2025,Burnley,1761710400,0.05,0.96,yes
relegation,2025,Burnley,1761796800,0.05,0.96,yes
relegation,2025,Burnley,1761883200,0.05,0.96,yes
relegation,2025,Burnley,1761969600,0.06,0.95,yes
relegation,2025,Burnley,1762056000,0.06,0.96,yes
relegation,2025,Burnley,1762142400,0.06,0.95,yes
relegation,2025,Burnley,1762232400,0.03,0.98,yes
relegation,2025,Burnley,1762318800,0.02,0.99,yes
relegation,2025,Burnley,1762405200,0.03,0.98,yes
relegation,2025,Burnley,1762491600,0.02,0.99,yes
relegation,2025,Burnley,1762578000,0.02,0.99,yes
relegation,2025,Burnley,1762664400,0.03,0.99,yes
relegation,2025,Burnley,1762750800,0.66,0.84,yes
relegation,2025,Burnley,1762837200,0.26,0.83,yes
relegation,2025,Burnley,1762923600,0.64,0.84,yes
relegation,2025,Burnley,1763010000,0.7,0.78,yes
relegation,2025,Burnley,1763096400,0.7,0.78,yes
relegation,2025,Burnley,1763182800,0.7,0.78,yes
relegation,2025,Burnley,1763269200,0.7,0.78,yes
relegation,2025,Burnley,1763355600,0.7,0.78,yes
relegation,2025,Burnley,1763442000,0.7,0.78,yes
relegation,2025,Burnley,1763528400,0.7,0.78,yes
relegation,2025,Burnley,1763614800,0.7,0.78,yes
relegation,2025,Burnley,1763701200,0.7,0.78,yes
relegation,2025,Burnley,1763787600,0.26,0.97,yes
relegation,2025,Burnley,1763874000,0.41,0.96,yes
relegation,2025,Burnley,1763960400,0.42,0.96,yes
relegation,2025,Burnley,1764046800,0.41,0.97,yes
relegation,2025,Burnley,1764133200,0.26,0.99,yes
relegation,2025,Burnley,1764219600,0.78,0.86,yes
relegation,2025,Burnley,1764306000,0.78,0.86,yes
relegation,2025,Burnley,1764392400,0.78,0.86,yes
relegation,2025,Burnley,1764478800,0.82,0.9,yes
relegation,2025,Burnley,1764565200,0.82,0.9,yes
relegation,2025,Burnley,1764651600,0.82,0.9,yes
relegation,2025,Burnley,1764738000,0.25,0.99,yes
relegation,2025,Burnley,1764824400,0.25,0.99,yes
relegation,2025,Burnley,1764910800,0.26,0.99,yes
relegation,2025,Burnley,1764997200,0.26,0.99,yes
relegation,2025,Burnley,1765083600,0.25,0.99,yes
relegation,2025,Burnley,1765170000,0.03,0.98,yes
relegation,2025,Burnley,1765256400,0.3,0.99,yes
relegation,2025,Burnley,1765342800,0.89,0.97,yes
relegation,2025,Burnley,1765429200,0.89,0.96,yes
relegation,2025,Burnley,1765515600,0.31,0.99,yes
relegation,2025,Burnley,1765602000,0.3,0.99,yes
relegation,2025,Burnley,1765688400,0.55,0.99,yes
relegation,2025,Burnley,1765774800,0.56,0.98,yes
relegation,2025,Burnley,1765861200,0.56,0.98,yes
relegation,2025,Burnley,1765947600,0.56,0.99,yes
relegation,2025,Burnley,1766034000,0.55,0.99,yes
relegation,2025,Burnley,1766120400,0.56,0.99,yes
relegation,2025,Burnley,1766206800,0.55,0.99,yes
relegation,2025,Burnley,1766293200,0.55,0.99,yes
relegation,2025,Burnley,1766379600,0.56,0.98,yes
relegation,2025,Burnley,1766466000,0.55,0.98,yes
relegation,2025,Burnley,1766552400,0.94,0.99,yes
relegation,2025,Burnley,1766638800,0.94,0.99,yes
relegation,2025,Burnley,1766725200,0.94,0.99,yes
relegation,2025,Burnley,1766811600,0.94,0.99,yes
relegation,2025,Burnley,1766898000,0.39,0.98,yes
relegation,2025,Burnley,1766984400,0.38,0.99,yes
relegation,2025,Burnley,1767070800,0.39,0.99,yes
relegation,2025,Burnley,1767157200,0.38,0.99,yes
relegation,2025,Burnley,1767243600,0.65,0.99,yes
relegation,2025,Burnley,1767330000,0.66,0.99,yes
relegation,2025,Burnley,1767416400,0.66,0.99,yes
relegation,2025,Burnley,1767502800,0.66,0.98,yes
relegation,2025,Burnley,1767589200,0.65,0.99,yes
relegation,2025,Burnley,1767675600,0.65,0.99,yes
relegation,2025,Burnley,1767762000,0.73,0.98,yes
relegation,2025,Burnley,1767848400,0.72,0.99,yes
relegation,2025,Burnley,1767934800,0.73,0.99,yes
relegation,2025,Burnley,1768021200,0.72,0.99,yes
relegation,2025,Burnley,1768107600,0.72,0.99,yes
relegation,2025,Burnley,1768194000,0.74,0.98,yes
relegation,2025,Burnley,1768280400,0.76,0.99,yes
relegation,2025,Burnley,1768366800,0.72,0.99,yes
relegation,2025,Burnley,1768453200,0.73,0.99,yes
relegation,2025,Burnley,1768539600,0.82,0.99,yes
relegation,2025,Burnley,1768626000,0.82,0.99,yes
relegation,2025,Burnley,1768712400,0.34,0.99,yes
relegation,2025,Burnley,1768798800,0.33,0.99,yes
relegation,2025,Burnley,1768885200,0.46,0.99,yes
relegation,2025,Burnley,1768971600,0.8,0.98,yes
relegation,2025,Burnley,1769058000,0.33,0.99,yes
relegation,2025,Burnley,1769144400,0.34,0.98,yes
relegation,2025,Burnley,1769230800,0.34,0.98,yes
relegation,2025,Burnley,1769317200,0.33,0.99,yes
relegation,2025,Burnley,1769403600,0.34,0.98,yes
relegation,2025,Burnley,1769490000,0.34,0.99,yes
relegation,2025,Burnley,1769576400,0.33,0.99,yes
relegation,2025,Burnley,1769662800,0.33,0.99,yes
relegation,2025,Burnley,1769749200,0.34,0.99,yes
relegation,2025,Burnley,1769835600,0.55,0.93,yes
relegation,2025,Burnley,1769922000,0.84,0.97,yes
relegation,2025,Burnley,1770008400,0.33,0.99,yes
relegation,2025,Burnley,1770094800,0.76,0.99,yes
relegation,2025,Burnley,1770181200,0.85,0.98,yes
relegation,2025,Burnley,1770267600,0.78,0.99,yes
relegation,2025,Burnley,1770354000,0.93,0.98,yes
relegation,2025,Burnley,1770440400,0.92,0.99,yes
relegation,2025,Burnley,1770526800,0.92,0.98,yes
relegation,2025,Burnley,1770613200,0.91,0.99,yes
relegation,2025,Burnley,1770699600,0.89,0.99,yes
relegation,2025,Burnley,1770958800,0.92,0.99,yes
relegation,2025,Burnley,1771045200,0.92,0.99,yes
relegation,2025,Burnley,1771131600,0.92,0.99,yes
relegation,2025,Burnley,1771218000,0.92,0.99,yes
relegation,2025,Burnley,1771304400,0.92,0.93,yes
relegation,2025,Burnley,1771390800,0.92,0.93,yes
relegation,2025,Burnley,1771477200,0.92,0.93,yes
relegation,2025,Burnley,1771563600,0.92,0.93,yes
relegation,2025,Burnley,1771650000,0.95,0.99,yes
relegation,2025,Burnley,1771736400,0.95,0.99,yes
relegation,2025,Burnley,1771822800,0.95,0.99,yes
relegation,2025,Burnley,1771909200,0.95,0.98,yes
relegation,2025,Burnley,1771995600,0.95,0.99,yes
relegation,2025,Burnley,1772082000,0.96,0.99,yes
relegation,2025,Burnley,1772168400,0.95,0.99,yes
relegation,2025,Burnley,1772254800,0.94,0.98,yes
relegation,2025,Burnley,1772341200,0.96,0.97,yes
relegation,2025,Burnley,1772427600,0.94,0.95,yes
relegation,2025,Burnley,1772514000,0.88,0.94,yes
relegation,2025,Burnley,1772600400,0.87,0.94,yes
relegation,2025,Burnley,1772686800,0.95,0.96,yes
relegation,2025,Burnley,1772773200,0.95,0.96,yes
relegation,2025,Burnley,1772859600,0.96,0.99,yes
relegation,2025,Burnley,1772946000,0.98,0.99,yes
relegation,2025,Burnley,1773032400,0.98,0.99,yes
relegation,2025,Burnley,1773115200,0.98,0.99,yes
relegation,2025,Burnley,1773201600,0.96,0.99,yes
relegation,2025,Burnley,1773288000,0.97,0.99,yes
relegation,2025,Burnley,1773374400,0.96,0.99,yes
relegation,2025,Burnley,1773460800,0.96,0.99,yes
relegation,2025,Burnley,1773547200,0.98,0.99,yes
relegation,2025,Burnley,1773633600,0.97,0.99,yes
relegation,2025,Burnley,1773720000,0.97,0.99,yes
relegation,2025,Burnley,1773806400,0.97,0.99,yes
relegation,2025,Burnley,1773892800,0.97,0.99,yes
relegation,2025,Burnley,1773979200,0.97,0.99,yes
relegation,2025,Burnley,1774065600,0.98,0.99,yes
relegation,2025,Burnley,1774152000,0.98,1.0,yes
relegation,2025,Burnley,1774238400,0.98,1.0,yes
relegation,2025,Burnley,1774324800,0.98,1.0,yes
relegation,2025,Burnley,1774411200,0.98,1.0,yes
relegation,2025,Burnley,1774497600,0.98,0.99,yes
relegation,2025,Burnley,1774584000,0.98,0.99,yes
relegation,2025,Burnley,1774670400,0.98,0.99,yes
relegation,2025,Burnley,1774756800,0.98,0.99,yes
relegation,2025,Burnley,1774843200,0.98,0.99,yes
relegation,2025,Burnley,1774929600,0.98,0.99,yes
relegation,2025,Burnley,1775016000,0.98,0.99,yes
relegation,2025,Burnley,1775102400,0.98,0.99,yes
relegation,2025,Burnley,1775188800,0.98,0.99,yes
relegation,2025,Burnley,1775275200,0.98,0.99,yes
relegation,2025,Burnley,1775361600,0.98,0.99,yes
relegation,2025,Burnley,1775448000,0.98,0.99,yes
relegation,2025,Burnley,1775534400,0.98,0.99,yes
relegation,2025,Burnley,1775620800,0.98,0.99,yes
relegation,2025,Burnley,1775707200,0.98,0.99,yes
relegation,2025,Burnley,1775793600,0.98,0.99,yes
relegation,2025,Burnley,1775880000,0.98,0.99,yes
relegation,2025,Burnley,1775966400,0.98,0.99,yes
relegation,2025,Burnley,1776052800,0.98,0.99,yes
relegation,2025,Burnley,1776139200,0.98,1.0,yes
relegation,2025,Burnley,1776225600,0.98,1.0,yes
relegation,2025,Burnley,1776312000,0.99,1.0,yes
relegation,2025,Burnley,1776398400,0.99,1.0,yes
relegation,2025,Burnley,1776657600,0.99,1.0,yes
relegation,2025,Burnley,1776744000,0.99,1.0,yes
relegation,2025,Burnley,1776916800,0.99,1.0,yes
relegation,2025,Burnley,1777003200,0.99,1.0,yes
relegation,2025,Burnley,1777089600,0.99,1.0,yes
relegation,2025,Burnley,1777262400,0.99,1.0,yes
relegation,2025,Burnley,1777348800,0.99,1.0,yes
relegation,2025,Burnley,1777435200,0.99,1.0,yes
relegation,2025,Burnley,1777867200,0.99,1.0,yes
relegation,2025,Burnley,1777953600,0.99,1.0,yes
relegation,2025,Burnley,1778472000,0.99,1.0,yes
relegation,2025,Burnley,1778558400,0.99,1.0,yes
relegation,2025,Burnley,1778990400,0.99,1.0,yes
relegation,2025,Burnley,1779422400,0.99,1.0,yes
relegation,2025,Burnley,1779508800,0.99,1.0,yes
relegation,2025,Burnley,1779595200,0.99,1.0,yes
relegation,2025,Burnley,1779681600,0.0,1.0,yes
relegation,2025,Brighton,1759377600,0.0,0.99,no
relegation,2025,Brighton,1759464000,0.0,0.05,no
relegation,2025,Brighton,1759550400,0.0,0.97,no
relegation,2025,Brighton,1760241600,0.0,0.98,no
relegation,2025,Brighton,1761883200,0.0,0.98,no
relegation,2025,Brighton,1761969600,0.0,0.97,no
relegation,2025,Brighton,1762056000,0.0,0.97,no
relegation,2025,Brighton,1762142400,0.0,0.97,no
relegation,2025,Brighton,1762232400,0.0,0.97,no
relegation,2025,Brighton,1762318800,0.0,0.98,no
relegation,2025,Brighton,1762405200,0.0,0.97,no
relegation,2025,Brighton,1762491600,0.0,0.98,no
relegation,2025,Brighton,1762578000,0.0,0.97,no
relegation,2025,Brighton,1762664400,0.0,0.97,no
relegation,2025,Brighton,1762750800,0.0,0.98,no
relegation,2025,Brighton,1762837200,0.0,0.97,no
relegation,2025,Brighton,1762923600,0.0,0.97,no
relegation,2025,Brighton,1763010000,0.0,0.04,no
relegation,2025,Brighton,1763096400,0.0,0.04,no
relegation,2025,Brighton,1763182800,0.0,0.04,no
relegation,2025,Brighton,1763269200,0.0,0.04,no
relegation,2025,Brighton,1763355600,0.0,0.04,no
relegation,2025,Brighton,1763442000,0.0,0.04,no
relegation,2025,Brighton,1763528400,0.0,0.04,no
relegation,2025,Brighton,1763614800,0.0,0.04,no
relegation,2025,Brighton,1763701200,0.0,0.04,no
relegation,2025,Brighton,1763787600,0.0,0.95,no
relegation,2025,Brighton,1763874000,0.0,0.98,no
relegation,2025,Brighton,1763960400,0.0,0.97,no
relegation,2025,Brighton,1764046800,0.0,0.97,no
relegation,2025,Brighton,1764133200,0.0,0.97,no
relegation,2025,Brighton,1764219600,0.0,0.04,no
relegation,2025,Brighton,1764306000,0.0,0.04,no
relegation,2025,Brighton,1764392400,0.0,0.04,no
relegation,2025,Brighton,1764478800,0.0,0.04,no
relegation,2025,Brighton,1764565200,0.0,0.04,no
relegation,2025,Brighton,1764651600,0.0,0.04,no
relegation,2025,Brighton,1764738000,0.0,0.98,no
relegation,2025,Brighton,1764824400,0.0,0.97,no
relegation,2025,Brighton,1764910800,0.0,0.97,no
relegation,2025,Brighton,1764997200,0.0,0.98,no
relegation,2025,Brighton,1765083600,0.0,0.97,no
relegation,2025,Brighton,1765170000,0.0,0.98,no
relegation,2025,Brighton,1765256400,0.0,0.99,no
relegation,2025,Brighton,1765342800,0.0,0.04,no
relegation,2025,Brighton,1765429200,0.0,0.04,no
relegation,2025,Brighton,1765515600,0.0,1.0,no
relegation,2025,Brighton,1765602000,0.0,1.0,no
relegation,2025,Brighton,1765688400,0.0,0.99,no
relegation,2025,Brighton,1765774800,0.0,1.0,no
relegation,2025,Brighton,1765861200,0.0,1.0,no
relegation,2025,Brighton,1765947600,0.0,1.0,no
relegation,2025,Brighton,1766034000,0.0,0.99,no
relegation,2025,Brighton,1766120400,0.0,0.98,no
relegation,2025,Brighton,1766206800,0.0,0.3,no
relegation,2025,Brighton,1766293200,0.0,0.3,no
relegation,2025,Brighton,1766379600,0.0,0.29,no
relegation,2025,Brighton,1766466000,0.0,0.3,no
relegation,2025,Brighton,1766552400,0.0,0.05,no
relegation,2025,Brighton,1766638800,0.0,0.05,no
relegation,2025,Brighton,1766725200,0.0,0.05,no
relegation,2025,Brighton,1766811600,0.0,0.05,no
relegation,2025,Brighton,1766898000,0.0,0.29,no
relegation,2025,Brighton,1766984400,0.0,0.3,no
relegation,2025,Brighton,1767070800,0.0,0.3,no
relegation,2025,Brighton,1767157200,0.0,0.3,no
relegation,2025,Brighton,1767243600,0.0,0.3,no
relegation,2025,Brighton,1767330000,0.0,0.3,no
relegation,2025,Brighton,1767416400,0.0,0.3,no
relegation,2025,Brighton,1767502800,0.0,0.29,no
relegation,2025,Brighton,1767589200,0.0,0.3,no
relegation,2025,Brighton,1767675600,0.0,0.3,no
relegation,2025,Brighton,1767762000,0.0,0.29,no
relegation,2025,Brighton,1767848400,0.0,0.3,no
relegation,2025,Brighton,1767934800,0.0,0.3,no
relegation,2025,Brighton,1768021200,0.0,0.3,no
relegation,2025,Brighton,1768107600,0.0,0.3,no
relegation,2025,Brighton,1768194000,0.0,0.29,no
relegation,2025,Brighton,1768280400,0.0,0.3,no
relegation,2025,Brighton,1768366800,0.0,0.3,no
relegation,2025,Brighton,1768453200,0.0,0.3,no
relegation,2025,Brighton,1768539600,0.0,0.3,no
relegation,2025,Brighton,1768626000,0.0,0.29,no
relegation,2025,Brighton,1768712400,0.0,0.28,no
relegation,2025,Brighton,1768798800,0.0,0.29,no
relegation,2025,Brighton,1768885200,0.0,0.29,no
relegation,2025,Brighton,1768971600,0.0,0.29,no
relegation,2025,Brighton,1769058000,0.0,0.28,no
relegation,2025,Brighton,1769144400,0.0,0.28,no
relegation,2025,Brighton,1769230800,0.0,0.27,no
relegation,2025,Brighton,1769317200,0.0,0.27,no
relegation,2025,Brighton,1769403600,0.0,0.27,no
relegation,2025,Brighton,1769490000,0.0,0.29,no
relegation,2025,Brighton,1769576400,0.0,0.3,no
relegation,2025,Brighton,1769662800,0.0,0.28,no
relegation,2025,Brighton,1769749200,0.0,0.28,no
relegation,2025,Brighton,1769835600,0.0,0.27,no
relegation,2025,Brighton,1769922000,0.0,0.29,no
relegation,2025,Brighton,1770008400,0.0,0.3,no
relegation,2025,Brighton,1770094800,0.0,0.3,no
relegation,2025,Brighton,1770181200,0.0,0.28,no
relegation,2025,Brighton,1770267600,0.0,0.28,no
relegation,2025,Brighton,1770354000,0.0,0.28,no
relegation,2025,Brighton,1770440400,0.0,0.1,no
relegation,2025,Brighton,1770526800,0.0,0.1,no
relegation,2025,Brighton,1770613200,0.0,0.27,no
relegation,2025,Brighton,1770699600,0.0,0.27,no
relegation,2025,Brighton,1770958800,0.01,0.1,no
relegation,2025,Brighton,1771045200,0.0,0.1,no
relegation,2025,Brighton,1771304400,0.0,0.04,no
relegation,2025,Brighton,1771390800,0.0,0.07,no
relegation,2025,Brighton,1771477200,0.01,0.08,no
relegation,2025,Brighton,1771563600,0.01,0.04,no
relegation,2025,Brighton,1771650000,0.01,0.04,no
relegation,2025,Brighton,1771736400,0.0,0.05,no
relegation,2025,Brighton,1771822800,0.0,0.05,no
relegation,2025,Brighton,1771909200,0.0,0.03,no
relegation,2025,Brighton,1771995600,0.0,0.03,no
relegation,2025,Brighton,1772082000,0.0,0.03,no
relegation,2025,Brighton,1772168400,0.0,0.03,no
relegation,2025,Brighton,1772254800,0.0,0.03,no
relegation,2025,Brighton,1772341200,0.0,0.03,no
relegation,2025,Brighton,1772427600,0.0,0.03,no
relegation,2025,Brighton,1772514000,0.0,0.06,no
relegation,2025,Brighton,1772600400,0.0,0.04,no
relegation,2025,Brighton,1772686800,0.0,0.03,no
relegation,2025,Brighton,1772773200,0.0,0.02,no
relegation,2025,Brighton,1772946000,0.0,0.04,no
relegation,2025,Brighton,1773032400,0.0,0.04,no
relegation,2025,Brighton,1773115200,0.0,0.04,no
relegation,2025,Brighton,1773201600,0.0,0.03,no
relegation,2025,Brighton,1773288000,0.0,0.03,no
relegation,2025,Brighton,1773374400,0.0,0.03,no
relegation,2025,Brighton,1773460800,0.0,0.03,no
relegation,2025,Brighton,1773547200,0.0,0.29,no
relegation,2025,Brighton,1773633600,0.0,0.28,no
relegation,2025,Brighton,1773720000,0.0,0.15,no
relegation,2025,Brighton,1773806400,0.0,0.13,no
relegation,2025,Brighton,1773892800,0.0,0.12,no
relegation,2025,Brighton,1773979200,0.0,0.13,no
relegation,2025,Brighton,1774065600,0.0,0.11,no
relegation,2025,Brighton,1774152000,0.0,0.11,no
relegation,2025,Brighton,1774238400,0.0,0.11,no
relegation,2025,Brighton,1774324800,0.0,0.24,no
relegation,2025,Brighton,1774411200,0.0,0.25,no
relegation,2025,Brighton,1774497600,0.0,0.25,no
relegation,2025,Brighton,1774584000,0.0,0.24,no
relegation,2025,Brighton,1774670400,0.01,0.02,no
relegation,2025,Brighton,1774756800,0.0,0.02,no
relegation,2025,Brighton,1774843200,0.0,0.02,no
relegation,2025,Brighton,1775361600,0.0,0.02,no
relegation,2025,Brighton,1775534400,0.0,0.02,no
relegation,2025,Brighton,1775880000,0.0,0.02,no
relegation,2025,Brighton,1777608000,0.0,0.01,no
relegation,2025,Brighton,1777780800,0.0,0.02,no
relegation,2025,Brighton,1777953600,0.0,0.01,no
relegation,2025,Brighton,1778472000,0.0,0.01,no
relegation,2025,Brighton,1778817600,0.0,0.01,no
relegation,2025,Brighton,1778990400,0.0,0.01,no
relegation,2025,Brighton,1779508800,0.0,0.01,no
relegation,2025,Brighton,1779595200,0.0,0.01,no
relegation,2025,Brighton,1779681600,0.0,1.0,no
relegation,2025,Brentford,1759377600,0.0,0.99,no
relegation,2025,Brentford,1759464000,0.13,0.21,no
relegation,2025,Brentford,1759550400,0.02,0.98,no
relegation,2025,Brentford,1759723200,0.01,0.98,no
relegation,2025,Brentford,1759809600,0.02,0.97,no
relegation,2025,Brentford,1759896000,0.02,0.97,no
relegation,2025,Brentford,1760241600,0.02,0.97,no
relegation,2025,Brentford,1760500800,0.03,0.9,no
relegation,2025,Brentford,1760587200,0.03,0.9,no
relegation,2025,Brentford,1760673600,0.03,0.9,no
relegation,2025,Brentford,1760760000,0.03,0.9,no
relegation,2025,Brentford,1760846400,0.03,0.9,no
relegation,2025,Brentford,1760932800,0.03,0.9,no
relegation,2025,Brentford,1761019200,0.03,0.9,no
relegation,2025,Brentford,1761105600,0.03,0.9,no
relegation,2025,Brentford,1761192000,0.03,0.9,no
relegation,2025,Brentford,1761278400,0.03,0.9,no
relegation,2025,Brentford,1761364800,0.03,0.9,no
relegation,2025,Brentford,1761451200,0.03,0.9,no
relegation,2025,Brentford,1761537600,0.03,0.9,no
relegation,2025,Brentford,1761624000,0.03,0.9,no
relegation,2025,Brentford,1761710400,0.03,0.9,no
relegation,2025,Brentford,1761796800,0.03,0.9,no
relegation,2025,Brentford,1761883200,0.03,0.9,no
relegation,2025,Brentford,1761969600,0.03,0.89,no
relegation,2025,Brentford,1762056000,0.03,0.89,no
relegation,2025,Brentford,1762142400,0.03,0.89,no
relegation,2025,Brentford,1762232400,0.01,0.89,no
relegation,2025,Brentford,1762318800,0.01,0.9,no
relegation,2025,Brentford,1762405200,0.01,0.89,no
relegation,2025,Brentford,1762491600,0.01,0.9,no
relegation,2025,Brentford,1762578000,0.01,0.9,no
relegation,2025,Brentford,1762664400,0.01,0.89,no
relegation,2025,Brentford,1762750800,0.01,0.9,no
relegation,2025,Brentford,1762837200,0.01,0.25,no
relegation,2025,Brentford,1762923600,0.01,0.25,no
relegation,2025,Brentford,1763010000,0.01,0.06,no
relegation,2025,Brentford,1763096400,0.01,0.06,no
relegation,2025,Brentford,1763182800,0.01,0.06,no
relegation,2025,Brentford,1763269200,0.01,0.06,no
relegation,2025,Brentford,1763355600,0.01,0.06,no
relegation,2025,Brentford,1763442000,0.01,0.06,no
relegation,2025,Brentford,1763528400,0.01,0.06,no
relegation,2025,Brentford,1763614800,0.02,0.06,no
relegation,2025,Brentford,1763701200,0.02,0.06,no
relegation,2025,Brentford,1763787600,0.01,0.25,no
relegation,2025,Brentford,1763874000,0.02,0.23,no
relegation,2025,Brentford,1763960400,0.02,0.24,no
relegation,2025,Brentford,1764046800,0.02,0.23,no
relegation,2025,Brentford,1764133200,0.01,0.25,no
relegation,2025,Brentford,1764219600,0.01,0.05,no
relegation,2025,Brentford,1764306000,0.01,0.05,no
relegation,2025,Brentford,1764392400,0.01,0.05,no
relegation,2025,Brentford,1764478800,0.01,0.05,no
relegation,2025,Brentford,1764565200,0.01,0.04,no
relegation,2025,Brentford,1764651600,0.01,0.25,no
relegation,2025,Brentford,1764738000,0.01,0.25,no
relegation,2025,Brentford,1764824400,0.01,0.25,no
relegation,2025,Brentford,1764910800,0.01,0.24,no
relegation,2025,Brentford,1764997200,0.01,0.24,no
relegation,2025,Brentford,1765083600,0.01,0.24,no
relegation,2025,Brentford,1765170000,0.01,0.9,no
relegation,2025,Brentford,1765256400,0.01,0.91,no
relegation,2025,Brentford,1765342800,0.01,0.91,no
relegation,2025,Brentford,1765429200,0.01,0.9,no
relegation,2025,Brentford,1765515600,0.01,0.9,no
relegation,2025,Brentford,1765602000,0.0,0.9,no
relegation,2025,Brentford,1765688400,0.0,0.91,no
relegation,2025,Brentford,1765774800,0.01,0.9,no
relegation,2025,Brentford,1765861200,0.0,0.9,no
relegation,2025,Brentford,1765947600,0.0,0.9,no
relegation,2025,Brentford,1766034000,0.01,0.9,no
relegation,2025,Brentford,1766120400,0.0,0.9,no
relegation,2025,Brentford,1766206800,0.0,0.6,no
relegation,2025,Brentford,1766293200,0.0,0.6,no
relegation,2025,Brentford,1766379600,0.0,0.59,no
relegation,2025,Brentford,1766466000,0.0,0.59,no
relegation,2025,Brentford,1766552400,0.0,0.59,no
relegation,2025,Brentford,1766638800,0.0,0.59,no
relegation,2025,Brentford,1766725200,0.0,0.6,no
relegation,2025,Brentford,1766811600,0.0,0.6,no
relegation,2025,Brentford,1766898000,0.0,0.59,no
relegation,2025,Brentford,1766984400,0.0,0.6,no
relegation,2025,Brentford,1767070800,0.0,0.59,no
relegation,2025,Brentford,1767157200,0.0,0.6,no
relegation,2025,Brentford,1767243600,0.0,0.59,no
relegation,2025,Brentford,1767330000,0.0,0.59,no
relegation,2025,Brentford,1767416400,0.0,0.59,no
relegation,2025,Brentford,1767502800,0.01,0.59,no
relegation,2025,Brentford,1767589200,0.0,0.6,no
relegation,2025,Brentford,1767675600,0.0,0.6,no
relegation,2025,Brentford,1767762000,0.0,0.59,no
relegation,2025,Brentford,1767848400,0.0,0.6,no
relegation,2025,Brentford,1767934800,0.0,0.59,no
relegation,2025,Brentford,1768021200,0.0,0.59,no
relegation,2025,Brentford,1768107600,0.0,0.49,no
relegation,2025,Brentford,1768194000,0.0,0.49,no
relegation,2025,Brentford,1768280400,0.0,0.5,no
relegation,2025,Brentford,1768366800,0.0,0.49,no
relegation,2025,Brentford,1768453200,0.0,0.49,no
relegation,2025,Brentford,1768539600,0.0,0.49,no
relegation,2025,Brentford,1768626000,0.0,0.44,no
relegation,2025,Brentford,1768712400,0.0,0.44,no
relegation,2025,Brentford,1768798800,0.0,0.45,no
relegation,2025,Brentford,1768885200,0.0,0.45,no
relegation,2025,Brentford,1768971600,0.0,0.59,no
relegation,2025,Brentford,1769058000,0.0,0.4,no
relegation,2025,Brentford,1769144400,0.0,0.39,no
relegation,2025,Brentford,1769230800,0.0,0.39,no
relegation,2025,Brentford,1769317200,0.0,0.37,no
relegation,2025,Brentford,1769403600,0.0,0.36,no
relegation,2025,Brentford,1769490000,0.0,0.59,no
relegation,2025,Brentford,1769576400,0.0,0.6,no
relegation,2025,Brentford,1769662800,0.0,0.6,no
relegation,2025,Brentford,1769749200,0.0,0.59,no
relegation,2025,Brentford,1769835600,0.0,0.59,no
relegation,2025,Brentford,1769922000,0.0,0.59,no
relegation,2025,Brentford,1770008400,0.0,0.59,no
relegation,2025,Brentford,1770094800,0.0,0.59,no
relegation,2025,Brentford,1770181200,0.0,0.3,no
relegation,2025,Brentford,1770267600,0.0,0.31,no
relegation,2025,Brentford,1770354000,0.0,0.31,no
relegation,2025,Brentford,1770440400,0.0,0.3,no
relegation,2025,Brentford,1770526800,0.0,0.14,no
relegation,2025,Brentford,1770613200,0.0,0.14,no
relegation,2025,Brentford,1770699600,0.0,0.14,no
relegation,2025,Brentford,1770958800,0.0,0.13,no
relegation,2025,Brentford,1771045200,0.0,0.14,no
relegation,2025,Brentford,1771131600,0.0,0.14,no
relegation,2025,Brentford,1771218000,0.0,0.14,no
relegation,2025,Brentford,1771304400,0.0,0.05,no
relegation,2025,Brentford,1771390800,0.0,0.05,no
relegation,2025,Brentford,1771477200,0.0,0.05,no
relegation,2025,Brentford,1771563600,0.0,0.05,no
relegation,2025,Brentford,1771650000,0.0,0.05,no
relegation,2025,Brentford,1771736400,0.0,0.05,no
relegation,2025,Brentford,1771822800,0.0,0.05,no
relegation,2025,Brentford,1771909200,0.0,0.04,no
relegation,2025,Brentford,1771995600,0.0,0.05,no
relegation,2025,Brentford,1772082000,0.0,0.05,no
relegation,2025,Brentford,1772168400,0.0,0.04,no
relegation,2025,Brentford,1772254800,0.0,0.05,no
relegation,2025,Brentford,1772341200,0.0,0.05,no
relegation,2025,Brentford,1772427600,0.0,0.05,no
relegation,2025,Brentford,1772514000,0.0,0.13,no
relegation,2025,Brentford,1772600400,0.0,0.12,no
relegation,2025,Brentford,1772686800,0.0,0.05,no
relegation,2025,Brentford,1772773200,0.0,0.03,no
relegation,2025,Brentford,1772859600,0.0,0.03,no
relegation,2025,Brentford,1772946000,0.0,0.03,no
relegation,2025,Brentford,1773032400,0.0,0.03,no
relegation,2025,Brentford,1773115200,0.0,0.03,no
relegation,2025,Brentford,1773201600,0.0,0.03,no
relegation,2025,Brentford,1773288000,0.0,0.03,no
relegation,2025,Brentford,1773374400,0.0,0.03,no
relegation,2025,Brentford,1773460800,0.0,0.03,no
relegation,2025,Brentford,1773547200,0.0,0.13,no
relegation,2025,Brentford,1773633600,0.0,0.11,no
relegation,2025,Brentford,1773720000,0.0,0.06,no
relegation,2025,Brentford,1773806400,0.0,0.06,no
relegation,2025,Brentford,1773892800,0.0,0.06,no
relegation,2025,Brentford,1773979200,0.0,0.06,no
relegation,2025,Brentford,1774065600,0.0,0.06,no
relegation,2025,Brentford,1774152000,0.0,0.06,no
relegation,2025,Brentford,1774238400,0.0,0.06,no
relegation,2025,Brentford,1774324800,0.0,0.09,no
relegation,2025,Brentford,1774411200,0.0,0.1,no
relegation,2025,Brentford,1774497600,0.0,0.09,no
relegation,2025,Brentford,1774584000,0.0,0.09,no
relegation,2025,Brentford,1774670400,0.0,0.01,no
relegation,2025,Brentford,1777780800,0.0,0.02,no
relegation,2025,Brentford,1777953600,0.0,0.01,no
relegation,2025,Brentford,1778040000,0.0,0.01,no
relegation,2025,Brentford,1778126400,0.0,0.01,no
relegation,2025,Brentford,1778472000,0.0,0.01,no
relegation,2025,Brentford,1778558400,0.0,0.01,no
relegation,2025,Brentford,1778990400,0.0,0.01,no
relegation,2025,Brentford,1779336000,0.0,0.01,no
relegation,2025,Brentford,1779595200,0.0,0.01,no
relegation,2025,Brentford,1779681600,0.0,1.0,no
relegation,2025,Bournemouth,1759377600,0.0,0.99,no
relegation,2025,Bournemouth,1759464000,0.0,0.05,no
relegation,2025,Bournemouth,1759550400,0.0,0.97,no
relegation,2025,Bournemouth,1760241600,0.0,0.98,no
relegation,2025,Bournemouth,1761883200,0.0,0.98,no
relegation,2025,Bournemouth,1761969600,0.0,0.98,no
relegation,2025,Bournemouth,1762056000,0.0,0.97,no
relegation,2025,Bournemouth,1762142400,0.0,0.97,no
relegation,2025,Bournemouth,1762232400,0.0,0.97,no
relegation,2025,Bournemouth,1762318800,0.0,0.98,no
relegation,2025,Bournemouth,1762405200,0.0,0.97,no
relegation,2025,Bournemouth,1762491600,0.0,0.98,no
relegation,2025,Bournemouth,1762578000,0.0,0.98,no
relegation,2025,Bournemouth,1762664400,0.0,0.97,no
relegation,2025,Bournemouth,1762750800,0.0,0.98,no
relegation,2025,Bournemouth,1762837200,0.0,0.97,no
relegation,2025,Bournemouth,1762923600,0.0,0.97,no
relegation,2025,Bournemouth,1763010000,0.0,0.04,no
relegation,2025,Bournemouth,1763096400,0.0,0.04,no
relegation,2025,Bournemouth,1763182800,0.0,0.04,no
relegation,2025,Bournemouth,1763269200,0.0,0.04,no
relegation,2025,Bournemouth,1763355600,0.0,0.04,no
relegation,2025,Bournemouth,1763442000,0.0,0.04,no
relegation,2025,Bournemouth,1763528400,0.0,0.04,no
relegation,2025,Bournemouth,1763614800,0.0,0.04,no
relegation,2025,Bournemouth,1763701200,0.0,0.04,no
relegation,2025,Bournemouth,1763787600,0.0,0.95,no
relegation,2025,Bournemouth,1763874000,0.0,0.98,no
relegation,2025,Bournemouth,1763960400,0.0,0.97,no
relegation,2025,Bournemouth,1764046800,0.0,0.97,no
relegation,2025,Bournemouth,1764133200,0.0,0.97,no
relegation,2025,Bournemouth,1764219600,0.0,0.04,no
relegation,2025,Bournemouth,1764306000,0.0,0.04,no
relegation,2025,Bournemouth,1764392400,0.0,0.04,no
relegation,2025,Bournemouth,1764478800,0.0,0.04,no
relegation,2025,Bournemouth,1764565200,0.0,0.04,no
relegation,2025,Bournemouth,1764651600,0.0,0.04,no
relegation,2025,Bournemouth,1764738000,0.0,0.98,no
relegation,2025,Bournemouth,1764824400,0.0,0.97,no
relegation,2025,Bournemouth,1764910800,0.0,0.97,no
relegation,2025,Bournemouth,1764997200,0.0,0.98,no
relegation,2025,Bournemouth,1765083600,0.0,0.97,no
relegation,2025,Bournemouth,1765170000,0.0,0.98,no
relegation,2025,Bournemouth,1765256400,0.0,0.99,no
relegation,2025,Bournemouth,1765342800,0.0,0.05,no
relegation,2025,Bournemouth,1765429200,0.0,0.05,no
relegation,2025,Bournemouth,1765515600,0.0,1.0,no
relegation,2025,Bournemouth,1765602000,0.0,1.0,no
relegation,2025,Bournemouth,1765688400,0.0,0.99,no
relegation,2025,Bournemouth,1765774800,0.01,1.0,no
relegation,2025,Bournemouth,1765861200,0.01,0.99,no
relegation,2025,Bournemouth,1765947600,0.0,1.0,no
relegation,2025,Bournemouth,1766034000,0.0,0.99,no
relegation,2025,Bournemouth,1766120400,0.0,0.98,no
relegation,2025,Bournemouth,1766206800,0.0,0.6,no
relegation,2025,Bournemouth,1766293200,0.0,0.6,no
relegation,2025,Bournemouth,1766379600,0.0,0.59,no
relegation,2025,Bournemouth,1766466000,0.0,0.6,no
relegation,2025,Bournemouth,1766552400,0.01,0.09,no
relegation,2025,Bournemouth,1766638800,0.01,0.09,no
relegation,2025,Bournemouth,1766725200,0.01,0.09,no
relegation,2025,Bournemouth,1766811600,0.0,0.08,no
relegation,2025,Bournemouth,1766898000,0.0,0.59,no
relegation,2025,Bournemouth,1766984400,0.0,0.6,no
relegation,2025,Bournemouth,1767070800,0.0,0.59,no
relegation,2025,Bournemouth,1767157200,0.0,0.6,no
relegation,2025,Bournemouth,1767243600,0.0,0.6,no
relegation,2025,Bournemouth,1767330000,0.0,0.59,no
relegation,2025,Bournemouth,1767416400,0.0,0.6,no
relegation,2025,Bournemouth,1767502800,0.0,0.59,no
relegation,2025,Bournemouth,1767589200,0.0,0.6,no
relegation,2025,Bournemouth,1767675600,0.0,0.6,no
relegation,2025,Bournemouth,1767762000,0.0,0.59,no
relegation,2025,Bournemouth,1767848400,0.01,0.6,no
relegation,2025,Bournemouth,1767934800,0.01,0.59,no
relegation,2025,Bournemouth,1768021200,0.01,0.59,no
relegation,2025,Bournemouth,1768107600,0.01,0.59,no
relegation,2025,Bournemouth,1768194000,0.01,0.59,no
relegation,2025,Bournemouth,1768280400,0.01,0.6,no
relegation,2025,Bournemouth,1768366800,0.01,0.6,no
relegation,2025,Bournemouth,1768453200,0.0,0.6,no
relegation,2025,Bournemouth,1768539600,0.0,0.59,no
relegation,2025,Bournemouth,1768626000,0.0,0.49,no
relegation,2025,Bournemouth,1768712400,0.0,0.49,no
relegation,2025,Bournemouth,1768798800,0.0,0.5,no
relegation,2025,Bournemouth,1768885200,0.0,0.5,no
relegation,2025,Bournemouth,1768971600,0.0,0.1,no
relegation,2025,Bournemouth,1769058000,0.0,0.5,no
relegation,2025,Bournemouth,1769144400,0.0,0.5,no
relegation,2025,Bournemouth,1769230800,0.0,0.49,no
relegation,2025,Bournemouth,1769317200,0.0,0.49,no
relegation,2025,Bournemouth,1769403600,0.0,0.49,no
relegation,2025,Bournemouth,1769490000,0.0,0.59,no
relegation,2025,Bournemouth,1769576400,0.0,0.6,no
relegation,2025,Bournemouth,1769662800,0.01,0.39,no
relegation,2025,Bournemouth,1769749200,0.01,0.38,no
relegation,2025,Bournemouth,1769835600,0.01,0.28,no
relegation,2025,Bournemouth,1769922000,0.01,0.2,no
relegation,2025,Bournemouth,1770008400,0.01,0.6,no
relegation,2025,Bournemouth,1770094800,0.0,0.59,no
relegation,2025,Bournemouth,1770181200,0.0,0.49,no
relegation,2025,Bournemouth,1770267600,0.0,0.5,no
relegation,2025,Bournemouth,1770354000,0.0,0.5,no
relegation,2025,Bournemouth,1770440400,0.0,0.49,no
relegation,2025,Bournemouth,1770526800,0.0,0.59,no
relegation,2025,Bournemouth,1770613200,0.0,0.59,no
relegation,2025,Bournemouth,1770699600,0.0,0.59,no
relegation,2025,Bournemouth,1770958800,0.0,0.59,no
relegation,2025,Bournemouth,1771045200,0.0,0.6,no
relegation,2025,Bournemouth,1771131600,0.0,0.59,no
relegation,2025,Bournemouth,1771218000,0.0,0.6,no
relegation,2025,Bournemouth,1771304400,0.0,0.04,no
relegation,2025,Bournemouth,1771390800,0.0,0.04,no
relegation,2025,Bournemouth,1771477200,0.0,0.04,no
relegation,2025,Bournemouth,1771563600,0.0,0.04,no
relegation,2025,Bournemouth,1771650000,0.0,0.04,no
relegation,2025,Bournemouth,1771736400,0.0,0.04,no
relegation,2025,Bournemouth,1771822800,0.0,0.04,no
relegation,2025,Bournemouth,1771909200,0.0,0.04,no
relegation,2025,Bournemouth,1771995600,0.0,0.05,no
relegation,2025,Bournemouth,1772168400,0.0,0.05,no
relegation,2025,Bournemouth,1772254800,0.0,0.05,no
relegation,2025,Bournemouth,1772341200,0.0,0.05,no
relegation,2025,Bournemouth,1772427600,0.0,0.05,no
relegation,2025,Bournemouth,1772514000,0.0,0.59,no
relegation,2025,Bournemouth,1772600400,0.0,0.1,no
relegation,2025,Bournemouth,1772686800,0.0,0.05,no
relegation,2025,Bournemouth,1772773200,0.0,0.03,no
relegation,2025,Bournemouth,1772859600,0.0,0.03,no
relegation,2025,Bournemouth,1772946000,0.0,0.03,no
relegation,2025,Bournemouth,1773032400,0.0,0.03,no
relegation,2025,Bournemouth,1773115200,0.0,0.03,no
relegation,2025,Bournemouth,1773201600,0.0,0.02,no
relegation,2025,Bournemouth,1773288000,0.0,0.02,no
relegation,2025,Bournemouth,1773374400,0.0,0.02,no
relegation,2025,Bournemouth,1773460800,0.0,0.02,no
relegation,2025,Bournemouth,1773547200,0.0,0.58,no
relegation,2025,Bournemouth,1773633600,0.0,0.57,no
relegation,2025,Bournemouth,1773720000,0.0,0.18,no
relegation,2025,Bournemouth,1773806400,0.0,0.18,no
relegation,2025,Bournemouth,1773892800,0.0,0.17,no
relegation,2025,Bournemouth,1773979200,0.0,0.18,no
relegation,2025,Bournemouth,1774065600,0.0,0.15,no
relegation,2025,Bournemouth,1774152000,0.0,0.15,no
relegation,2025,Bournemouth,1774238400,0.0,0.15,no
relegation,2025,Bournemouth,1774324800,0.0,0.47,no
relegation,2025,Bournemouth,1774411200,0.0,0.48,no
relegation,2025,Bournemouth,1774497600,0.0,0.47,no
relegation,2025,Bournemouth,1774584000,0.0,0.39,no
relegation,2025,Bournemouth,1774670400,0.0,0.01,no
relegation,2025,Bournemouth,1775275200,0.0,0.15,no
relegation,2025,Bournemouth,1775361600,0.0,0.14,no
relegation,2025,Bournemouth,1775448000,0.0,0.14,no
relegation,2025,Bournemouth,1775534400,0.0,0.12,no
relegation,2025,Bournemouth,1775620800,0.0,0.12,no
relegation,2025,Bournemouth,1775707200,0.01,0.03,no
relegation,2025,Bournemouth,1775793600,0.0,0.07,no
relegation,2025,Bournemouth,1775880000,0.0,0.04,no
relegation,2025,Bournemouth,1775966400,0.0,0.14,no
relegation,2025,Bournemouth,1776052800,0.0,0.16,no
relegation,2025,Bournemouth,1776139200,0.0,0.16,no
relegation,2025,Bournemouth,1776225600,0.01,0.02,no
relegation,2025,Bournemouth,1776312000,0.0,0.02,no
relegation,2025,Bournemouth,1776571200,0.0,0.1,no
relegation,2025,Bournemouth,1776657600,0.0,0.07,no
relegation,2025,Bournemouth,1776744000,0.0,0.05,no
relegation,2025,Bournemouth,1776916800,0.0,0.05,no
relegation,2025,Bournemouth,1777003200,0.0,0.08,no
relegation,2025,Bournemouth,1777262400,0.0,0.07,no
relegation,2025,Bournemouth,1777608000,0.0,0.01,no
relegation,2025,Bournemouth,1777694400,0.0,0.01,no
relegation,2025,Bournemouth,1777780800,0.0,0.01,no
relegation,2025,Bournemouth,1777953600,0.0,0.01,no
relegation,2025,Bournemouth,1778472000,0.0,0.01,no
relegation,2025,Bournemouth,1778558400,0.0,0.01,no
relegation,2025,Bournemouth,1778817600,0.0,0.01,no
relegation,2025,Bournemouth,1778990400,0.0,0.01,no
relegation,2025,Bournemouth,1779249600,0.0,0.01,no
relegation,2025,Bournemouth,1779595200,0.0,0.01,no
relegation,2025,Bournemouth,1779681600,0.0,1.0,no
relegation,2025,Aston Villa,1759377600,0.0,0.99,no
relegation,2025,Aston Villa,1759464000,0.01,0.09,no
relegation,2025,Aston Villa,1759550400,0.0,0.71,no
relegation,2025,Aston Villa,1759636800,0.0,0.71,no
relegation,2025,Aston Villa,1759723200,0.0,0.71,no
relegation,2025,Aston Villa,1759809600,0.0,0.71,no
relegation,2025,Aston Villa,1759896000,0.0,0.91,no
relegation,2025,Aston Villa,1759982400,0.0,0.91,no
relegation,2025,Aston Villa,1760068800,0.0,0.91,no
relegation,2025,Aston Villa,1760155200,0.0,0.91,no
relegation,2025,Aston Villa,1760241600,0.0,0.92,no
relegation,2025,Aston Villa,1760328000,0.0,0.92,no
relegation,2025,Aston Villa,1760414400,0.0,0.92,no
relegation,2025,Aston Villa,1760500800,0.0,0.92,no
relegation,2025,Aston Villa,1760587200,0.0,0.92,no
relegation,2025,Aston Villa,1760673600,0.0,0.92,no
relegation,2025,Aston Villa,1760760000,0.0,0.92,no
relegation,2025,Aston Villa,1760846400,0.0,0.92,no
relegation,2025,Aston Villa,1760932800,0.0,0.92,no
relegation,2025,Aston Villa,1761019200,0.0,0.92,no
relegation,2025,Aston Villa,1761105600,0.0,0.92,no
relegation,2025,Aston Villa,1761192000,0.0,0.92,no
relegation,2025,Aston Villa,1761278400,0.0,0.92,no
relegation,2025,Aston Villa,1761364800,0.0,0.92,no
relegation,2025,Aston Villa,1761451200,0.0,0.92,no
relegation,2025,Aston Villa,1761537600,0.0,0.92,no
relegation,2025,Aston Villa,1761624000,0.0,0.92,no
relegation,2025,Aston Villa,1761710400,0.0,0.92,no
relegation,2025,Aston Villa,1761796800,0.0,0.92,no
relegation,2025,Aston Villa,1761883200,0.0,0.92,no
relegation,2025,Aston Villa,1761969600,0.0,0.91,no
relegation,2025,Aston Villa,1762056000,0.0,0.91,no
relegation,2025,Aston Villa,1762142400,0.0,0.91,no
relegation,2025,Aston Villa,1762232400,0.0,0.91,no
relegation,2025,Aston Villa,1762318800,0.0,0.92,no
relegation,2025,Aston Villa,1762405200,0.0,0.92,no
relegation,2025,Aston Villa,1762491600,0.0,0.6,no
relegation,2025,Aston Villa,1762578000,0.0,0.59,no
relegation,2025,Aston Villa,1762664400,0.0,0.59,no
relegation,2025,Aston Villa,1762750800,0.0,0.6,no
relegation,2025,Aston Villa,1762837200,0.0,0.59,no
relegation,2025,Aston Villa,1762923600,0.0,0.6,no
relegation,2025,Aston Villa,1763010000,0.0,0.04,no
relegation,2025,Aston Villa,1763096400,0.0,0.04,no
relegation,2025,Aston Villa,1763182800,0.0,0.04,no
relegation,2025,Aston Villa,1763269200,0.0,0.04,no
relegation,2025,Aston Villa,1763355600,0.0,0.04,no
relegation,2025,Aston Villa,1763442000,0.0,0.04,no
relegation,2025,Aston Villa,1763528400,0.0,0.04,no
relegation,2025,Aston Villa,1763614800,0.0,0.04,no
relegation,2025,Aston Villa,1763701200,0.0,0.04,no
relegation,2025,Aston Villa,1763787600,0.0,0.59,no
relegation,2025,Aston Villa,1763874000,0.0,0.6,no
relegation,2025,Aston Villa,1763960400,0.0,0.59,no
relegation,2025,Aston Villa,1764046800,0.0,0.59,no
relegation,2025,Aston Villa,1764133200,0.0,0.59,no
relegation,2025,Aston Villa,1764219600,0.0,0.04,no
relegation,2025,Aston Villa,1764306000,0.0,0.04,no
relegation,2025,Aston Villa,1764392400,0.0,0.04,no
relegation,2025,Aston Villa,1764478800,0.0,0.04,no
relegation,2025,Aston Villa,1764565200,0.0,0.04,no
relegation,2025,Aston Villa,1764651600,0.0,0.04,no
relegation,2025,Aston Villa,1764738000,0.0,0.6,no
relegation,2025,Aston Villa,1764824400,0.0,0.6,no
relegation,2025,Aston Villa,1764910800,0.0,0.59,no
relegation,2025,Aston Villa,1764997200,0.0,0.59,no
relegation,2025,Aston Villa,1765083600,0.0,0.94,no
relegation,2025,Aston Villa,1765170000,0.0,0.94,no
relegation,2025,Aston Villa,1765256400,0.0,0.95,no
relegation,2025,Aston Villa,1765342800,0.0,0.04,no
relegation,2025,Aston Villa,1765429200,0.0,0.04,no
relegation,2025,Aston Villa,1765515600,0.0,0.94,no
relegation,2025,Aston Villa,1765602000,0.0,0.94,no
relegation,2025,Aston Villa,1765688400,0.0,0.95,no
relegation,2025,Aston Villa,1765774800,0.0,0.95,no
relegation,2025,Aston Villa,1765861200,0.0,0.94,no
relegation,2025,Aston Villa,1765947600,0.0,0.94,no
relegation,2025,Aston Villa,1766034000,0.0,0.95,no
relegation,2025,Aston Villa,1766120400,0.0,0.94,no
relegation,2025,Aston Villa,1766206800,0.0,0.2,no
relegation,2025,Aston Villa,1766293200,0.0,0.2,no
relegation,2025,Aston Villa,1766379600,0.0,0.2,no
relegation,2025,Aston Villa,1766466000,0.0,0.2,no
relegation,2025,Aston Villa,1766552400,0.0,0.05,no
relegation,2025,Aston Villa,1766638800,0.0,0.05,no
relegation,2025,Aston Villa,1766725200,0.0,0.05,no
relegation,2025,Aston Villa,1766811600,0.0,0.05,no
relegation,2025,Aston Villa,1766898000,0.0,0.19,no
relegation,2025,Aston Villa,1766984400,0.0,0.2,no
relegation,2025,Aston Villa,1767070800,0.0,0.19,no
relegation,2025,Aston Villa,1767157200,0.0,0.2,no
relegation,2025,Aston Villa,1767243600,0.0,0.2,no
relegation,2025,Aston Villa,1767330000,0.0,0.19,no
relegation,2025,Aston Villa,1767416400,0.0,0.2,no
relegation,2025,Aston Villa,1767502800,0.0,0.2,no
relegation,2025,Aston Villa,1767589200,0.0,0.2,no
relegation,2025,Aston Villa,1767675600,0.0,0.2,no
relegation,2025,Aston Villa,1767762000,0.0,0.19,no
relegation,2025,Aston Villa,1767848400,0.0,0.2,no
relegation,2025,Aston Villa,1767934800,0.0,0.19,no
relegation,2025,Aston Villa,1768021200,0.0,0.19,no
relegation,2025,Aston Villa,1768107600,0.0,0.15,no
relegation,2025,Aston Villa,1768194000,0.0,0.15,no
relegation,2025,Aston Villa,1768280400,0.0,0.16,no
relegation,2025,Aston Villa,1768366800,0.0,0.16,no
relegation,2025,Aston Villa,1768453200,0.0,0.15,no
relegation,2025,Aston Villa,1768539600,0.0,0.16,no
relegation,2025,Aston Villa,1768626000,0.0,0.12,no
relegation,2025,Aston Villa,1768712400,0.0,0.11,no
relegation,2025,Aston Villa,1768798800,0.0,0.12,no
relegation,2025,Aston Villa,1768885200,0.0,0.12,no
relegation,2025,Aston Villa,1768971600,0.0,0.2,no
relegation,2025,Aston Villa,1769058000,0.0,0.18,no
relegation,2025,Aston Villa,1769144400,0.0,0.18,no
relegation,2025,Aston Villa,1769230800,0.0,0.17,no
relegation,2025,Aston Villa,1769317200,0.0,0.17,no
relegation,2025,Aston Villa,1769403600,0.0,0.17,no
relegation,2025,Aston Villa,1769490000,0.0,0.19,no
relegation,2025,Aston Villa,1769576400,0.0,0.2,no
relegation,2025,Aston Villa,1769662800,0.0,0.17,no
relegation,2025,Aston Villa,1769749200,0.0,0.16,no
relegation,2025,Aston Villa,1769835600,0.0,0.19,no
relegation,2025,Aston Villa,1769922000,0.0,0.2,no
relegation,2025,Aston Villa,1770008400,0.0,0.19,no
relegation,2025,Aston Villa,1770094800,0.0,0.18,no
relegation,2025,Aston Villa,1770181200,0.0,0.16,no
relegation,2025,Aston Villa,1770267600,0.0,0.17,no
relegation,2025,Aston Villa,1770354000,0.0,0.16,no
relegation,2025,Aston Villa,1770440400,0.0,0.17,no
relegation,2025,Aston Villa,1770526800,0.0,0.17,no
relegation,2025,Aston Villa,1770613200,0.0,0.16,no
relegation,2025,Aston Villa,1770699600,0.0,0.16,no
relegation,2025,Aston Villa,1770958800,0.0,0.13,no
relegation,2025,Aston Villa,1771045200,0.0,0.17,no
relegation,2025,Aston Villa,1771131600,0.0,0.17,no
relegation,2025,Aston Villa,1771218000,0.0,0.17,no
relegation,2025,Aston Villa,1771304400,0.0,0.16,no
relegation,2025,Aston Villa,1771390800,0.0,0.19,no
relegation,2025,Aston Villa,1771477200,0.0,0.18,no
relegation,2025,Aston Villa,1771563600,0.0,0.18,no
relegation,2025,Aston Villa,1771650000,0.0,0.18,no
relegation,2025,Aston Villa,1771736400,0.0,0.19,no
relegation,2025,Aston Villa,1771822800,0.0,0.04,no
relegation,2025,Aston Villa,1771909200,0.0,0.04,no
relegation,2025,Aston Villa,1771995600,0.0,0.06,no
relegation,2025,Aston Villa,1772082000,0.0,0.04,no
relegation,2025,Aston Villa,1772168400,0.0,0.03,no
relegation,2025,Aston Villa,1772254800,0.0,0.03,no
relegation,2025,Aston Villa,1772514000,0.0,0.03,no
relegation,2025,Aston Villa,1772600400,0.0,0.02,no
relegation,2025,Aston Villa,1772686800,0.0,0.03,no
relegation,2025,Aston Villa,1772773200,0.0,0.02,no
relegation,2025,Aston Villa,1772859600,0.0,0.02,no
relegation,2025,Aston Villa,1772946000,0.0,0.01,no
relegation,2025,Aston Villa,1773032400,0.0,0.02,no
relegation,2025,Aston Villa,1773201600,0.0,0.02,no
relegation,2025,Aston Villa,1773288000,0.0,0.02,no
relegation,2025,Aston Villa,1773374400,0.0,0.02,no
relegation,2025,Aston Villa,1773547200,0.0,0.03,no
relegation,2025,Aston Villa,1773633600,0.0,0.03,no
relegation,2025,Aston Villa,1773979200,0.0,0.03,no
relegation,2025,Aston Villa,1774324800,0.0,0.03,no
relegation,2025,Aston Villa,1774670400,0.01,0.02,no
relegation,2025,Aston Villa,1774756800,0.0,0.02,no
relegation,2025,Aston Villa,1775102400,0.0,0.02,no
relegation,2025,Aston Villa,1775188800,0.0,0.02,no
relegation,2025,Aston Villa,1775361600,0.0,0.02,no
relegation,2025,Aston Villa,1775534400,0.0,0.02,no
relegation,2025,Aston Villa,1775880000,0.0,0.02,no
relegation,2025,Aston Villa,1776052800,0.0,0.02,no
relegation,2025,Aston Villa,1776312000,0.0,0.01,no
relegation,2025,Aston Villa,1776484800,0.0,0.02,no
relegation,2025,Aston Villa,1777608000,0.0,0.01,no
relegation,2025,Aston Villa,1777780800,0.0,0.04,no
relegation,2025,Aston Villa,1777953600,0.0,0.01,no
relegation,2025,Aston Villa,1778472000,0.0,0.01,no
relegation,2025,Aston Villa,1778558400,0.0,0.01,no
relegation,2025,Aston Villa,1778817600,0.0,0.01,no
relegation,2025,Aston Villa,1778990400,0.0,0.01,no
relegation,2025,Aston Villa,1779076800,0.0,0.01,no
relegation,2025,Aston Villa,1779336000,0.0,0.03,no
relegation,2025,Aston Villa,1779508800,0.0,0.01,no
relegation,2025,Aston Villa,1779595200,0.0,0.01,no
relegation,2025,Aston Villa,1779681600,0.0,1.0,no
relegation,2025,Arsenal,1759377600,0.0,0.99,no
relegation,2025,Arsenal,1759464000,0.0,0.04,no
relegation,2025,Arsenal,1759550400,0.0,0.2,no
relegation,2025,Arsenal,1759636800,0.0,0.2,no
relegation,2025,Arsenal,1759723200,0.0,0.19,no
relegation,2025,Arsenal,1759809600,0.0,0.19,no
relegation,2025,Arsenal,1759896000,0.0,0.2,no
relegation,2025,Arsenal,1759982400,0.0,0.2,no
relegation,2025,Arsenal,1760068800,0.0,0.2,no
relegation,2025,Arsenal,1760155200,0.0,0.2,no
relegation,2025,Arsenal,1760241600,0.0,0.2,no
relegation,2025,Arsenal,1760328000,0.0,0.2,no
relegation,2025,Arsenal,1760414400,0.0,0.2,no
relegation,2025,Arsenal,1760500800,0.0,0.2,no
relegation,2025,Arsenal,1760587200,0.0,0.2,no
relegation,2025,Arsenal,1760673600,0.0,0.2,no
relegation,2025,Arsenal,1760760000,0.0,0.13,no
relegation,2025,Arsenal,1760846400,0.0,0.13,no
relegation,2025,Arsenal,1760932800,0.0,0.13,no
relegation,2025,Arsenal,1761019200,0.0,0.13,no
relegation,2025,Arsenal,1761105600,0.0,0.13,no
relegation,2025,Arsenal,1761192000,0.0,0.13,no
relegation,2025,Arsenal,1761278400,0.0,0.13,no
relegation,2025,Arsenal,1761364800,0.0,0.13,no
relegation,2025,Arsenal,1761451200,0.0,0.2,no
relegation,2025,Arsenal,1761537600,0.0,0.2,no
relegation,2025,Arsenal,1761624000,0.0,0.2,no
relegation,2025,Arsenal,1761710400,0.0,0.2,no
relegation,2025,Arsenal,1761796800,0.0,0.2,no
relegation,2025,Arsenal,1761883200,0.0,0.2,no
relegation,2025,Arsenal,1761969600,0.0,0.2,no
relegation,2025,Arsenal,1762056000,0.0,0.2,no
relegation,2025,Arsenal,1762142400,0.0,0.2,no
relegation,2025,Arsenal,1762232400,0.0,0.2,no
relegation,2025,Arsenal,1762318800,0.0,0.2,no
relegation,2025,Arsenal,1762405200,0.0,0.2,no
relegation,2025,Arsenal,1762491600,0.0,0.2,no
relegation,2025,Arsenal,1762578000,0.0,0.2,no
relegation,2025,Arsenal,1762664400,0.0,0.19,no
relegation,2025,Arsenal,1762750800,0.0,0.19,no
relegation,2025,Arsenal,1762837200,0.0,0.19,no
relegation,2025,Arsenal,1762923600,0.0,0.19,no
relegation,2025,Arsenal,1763010000,0.0,0.04,no
relegation,2025,Arsenal,1763096400,0.0,0.04,no
relegation,2025,Arsenal,1763182800,0.0,0.04,no
relegation,2025,Arsenal,1763269200,0.0,0.04,no
relegation,2025,Arsenal,1763355600,0.0,0.04,no
relegation,2025,Arsenal,1763442000,0.0,0.04,no
relegation,2025,Arsenal,1763528400,0.0,0.04,no
relegation,2025,Arsenal,1763614800,0.0,0.04,no
relegation,2025,Arsenal,1763701200,0.0,0.04,no
relegation,2025,Arsenal,1763787600,0.0,0.19,no
relegation,2025,Arsenal,1763874000,0.0,0.19,no
relegation,2025,Arsenal,1763960400,0.0,0.19,no
relegation,2025,Arsenal,1764046800,0.0,0.19,no
relegation,2025,Arsenal,1764133200,0.0,0.19,no
relegation,2025,Arsenal,1764219600,0.0,0.04,no
relegation,2025,Arsenal,1764306000,0.0,0.04,no
relegation,2025,Arsenal,1764392400,0.0,0.04,no
relegation,2025,Arsenal,1764478800,0.0,0.04,no
relegation,2025,Arsenal,1764565200,0.0,0.04,no
relegation,2025,Arsenal,1764651600,0.0,0.04,no
relegation,2025,Arsenal,1764738000,0.0,0.2,no
relegation,2025,Arsenal,1764824400,0.0,0.2,no
relegation,2025,Arsenal,1764910800,0.0,0.2,no
relegation,2025,Arsenal,1764997200,0.0,0.2,no
relegation,2025,Arsenal,1765083600,0.0,0.2,no
relegation,2025,Arsenal,1765170000,0.0,0.2,no
relegation,2025,Arsenal,1765256400,0.0,0.2,no
relegation,2025,Arsenal,1765342800,0.0,0.04,no
relegation,2025,Arsenal,1765429200,0.0,0.04,no
relegation,2025,Arsenal,1765515600,0.0,0.2,no
relegation,2025,Arsenal,1765602000,0.0,0.2,no
relegation,2025,Arsenal,1765688400,0.0,0.2,no
relegation,2025,Arsenal,1765774800,0.0,0.2,no
relegation,2025,Arsenal,1765861200,0.0,0.2,no
relegation,2025,Arsenal,1765947600,0.0,0.2,no
relegation,2025,Arsenal,1766034000,0.0,0.2,no
relegation,2025,Arsenal,1766120400,0.0,0.19,no
relegation,2025,Arsenal,1766206800,0.0,0.1,no
relegation,2025,Arsenal,1766293200,0.0,0.1,no
relegation,2025,Arsenal,1766379600,0.0,0.1,no
relegation,2025,Arsenal,1766466000,0.0,0.1,no
relegation,2025,Arsenal,1766552400,0.0,0.05,no
relegation,2025,Arsenal,1766638800,0.0,0.05,no
relegation,2025,Arsenal,1766725200,0.0,0.05,no
relegation,2025,Arsenal,1766811600,0.0,0.05,no
relegation,2025,Arsenal,1766898000,0.0,0.1,no
relegation,2025,Arsenal,1766984400,0.0,0.1,no
relegation,2025,Arsenal,1767070800,0.0,0.1,no
relegation,2025,Arsenal,1767157200,0.0,0.1,no
relegation,2025,Arsenal,1767243600,0.0,0.1,no
relegation,2025,Arsenal,1767330000,0.0,0.1,no
relegation,2025,Arsenal,1767416400,0.0,0.1,no
relegation,2025,Arsenal,1767502800,0.0,0.1,no
relegation,2025,Arsenal,1767589200,0.0,0.1,no
relegation,2025,Arsenal,1767675600,0.0,0.1,no
relegation,2025,Arsenal,1767762000,0.0,0.01,no
relegation,2025,Arsenal,1767848400,0.0,0.01,no
relegation,2025,Arsenal,1767934800,0.0,0.01,no
relegation,2025,Arsenal,1768021200,0.0,0.01,no
relegation,2025,Arsenal,1768107600,0.0,0.01,no
relegation,2025,Arsenal,1768194000,0.0,0.01,no
relegation,2025,Arsenal,1768280400,0.0,0.01,no
relegation,2025,Arsenal,1768366800,0.0,0.01,no
relegation,2025,Arsenal,1768453200,0.0,0.01,no
relegation,2025,Arsenal,1768539600,0.0,0.01,no
relegation,2025,Arsenal,1768626000,0.0,0.01,no
relegation,2025,Arsenal,1768712400,0.0,0.01,no
relegation,2025,Arsenal,1768798800,0.0,0.01,no
relegation,2025,Arsenal,1768885200,0.0,0.01,no
relegation,2025,Arsenal,1768971600,0.0,0.01,no
relegation,2025,Arsenal,1769058000,0.0,0.01,no
relegation,2025,Arsenal,1769144400,0.0,0.01,no
relegation,2025,Arsenal,1769230800,0.0,0.01,no
relegation,2025,Arsenal,1769317200,0.0,0.01,no
relegation,2025,Arsenal,1769403600,0.0,0.01,no
relegation,2025,Arsenal,1769490000,0.0,0.01,no
relegation,2025,Arsenal,1769576400,0.0,0.01,no
relegation,2025,Arsenal,1769662800,0.0,0.01,no
relegation,2025,Arsenal,1769749200,0.0,0.01,no
relegation,2025,Arsenal,1769835600,0.0,0.01,no
relegation,2025,Arsenal,1769922000,0.0,0.01,no
relegation,2025,Arsenal,1770008400,0.0,0.01,no
relegation,2025,Arsenal,1770094800,0.0,0.01,no
relegation,2025,Arsenal,1770181200,0.0,0.01,no
relegation,2025,Arsenal,1770267600,0.0,0.01,no
relegation,2025,Arsenal,1770354000,0.0,0.01,no
relegation,2025,Arsenal,1770440400,0.0,0.01,no
relegation,2025,Arsenal,1770526800,0.0,0.01,no
relegation,2025,Arsenal,1770613200,0.0,0.01,no
relegation,2025,Arsenal,1770699600,0.0,0.01,no
relegation,2025,Arsenal,1770958800,0.0,0.01,no
relegation,2025,Arsenal,1771563600,0.0,0.08,no
relegation,2025,Arsenal,1771650000,0.0,0.08,no
relegation,2025,Arsenal,1771736400,0.0,0.09,no
relegation,2025,Arsenal,1771822800,0.0,0.09,no
relegation,2025,Arsenal,1771909200,0.0,0.08,no
relegation,2025,Arsenal,1771995600,0.0,0.07,no
relegation,2025,Arsenal,1772082000,0.0,0.06,no
relegation,2025,Arsenal,1772168400,0.0,0.04,no
relegation,2025,Arsenal,1772773200,0.0,0.03,no
relegation,2025,Arsenal,1772946000,0.0,0.03,no
relegation,2025,Arsenal,1773547200,0.0,0.02,no
relegation,2025,Arsenal,1773633600,0.0,0.02,no
relegation,2025,Arsenal,1773720000,0.0,0.03,no
relegation,2025,Arsenal,1773806400,0.0,0.04,no
relegation,2025,Arsenal,1773979200,0.0,0.04,no
relegation,2025,Arsenal,1774324800,0.0,0.03,no
relegation,2025,Arsenal,1774670400,0.0,0.01,no
relegation,2025,Arsenal,1776657600,0.0,0.01,no
relegation,2025,Arsenal,1777003200,0.0,0.01,no
relegation,2025,Arsenal,1777262400,0.0,0.01,no
relegation,2025,Arsenal,1777780800,0.0,0.01,no
relegation,2025,Arsenal,1777953600,0.0,0.01,no
relegation,2025,Arsenal,1778040000,0.0,0.01,no
relegation,2025,Arsenal,1778126400,0.0,0.01,no
relegation,2025,Arsenal,1778472000,0.0,0.01,no
relegation,2025,Arsenal,1778558400,0.0,0.01,no
relegation,2025,Arsenal,1778990400,0.0,0.01,no
relegation,2025,Arsenal,1779336000,0.0,0.01,no
relegation,2025,Arsenal,1779595200,0.0,0.01,no
relegation,2025,Arsenal,1779681600,0.0,1.0,no
title,2024,Wolves,1739422800,0.0,0.02,no
title,2024,Wolves,1739768400,0.0,0.02,no
title,2024,Wolves,1740027600,0.0,0.01,no
title,2024,Wolves,1745812800,0.0,0.01,no
title,2024,Wolves,1745899200,0.0,0.01,no
title,2024,Wolves,1745985600,0.0,0.01,no
title,2024,Wolves,1746072000,0.0,0.01,no
title,2024,Wolves,1746158400,0.0,0.01,no
title,2024,Wolves,1746244800,0.0,0.01,no
title,2024,Wolves,1746331200,0.0,0.01,no
title,2024,Wolves,1746417600,0.0,0.01,no
title,2024,Wolves,1746504000,0.0,1.0,no
title,2024,West Ham,1739422800,0.0,0.02,no
title,2024,West Ham,1739768400,0.0,0.02,no
title,2024,West Ham,1740027600,0.0,0.01,no
title,2024,West Ham,1744171200,0.0,0.01,no
title,2024,West Ham,1745380800,0.0,0.01,no
title,2024,West Ham,1745553600,0.0,0.02,no
title,2024,West Ham,1745640000,0.0,0.02,no
title,2024,West Ham,1745726400,0.0,0.02,no
title,2024,West Ham,1745812800,0.0,0.02,no
title,2024,West Ham,1745899200,0.0,0.01,no
title,2024,West Ham,1745985600,0.0,0.01,no
title,2024,West Ham,1746072000,0.0,0.01,no
title,2024,West Ham,1746158400,0.0,0.01,no
title,2024,West Ham,1746244800,0.0,0.01,no
title,2024,West Ham,1746331200,0.0,0.01,no
title,2024,West Ham,1746417600,0.0,0.01,no
title,2024,West Ham,1746504000,0.0,1.0,no
title,2024,Tottenham,1739422800,0.0,0.02,no
title,2024,Tottenham,1739768400,0.0,0.02,no
title,2024,Tottenham,1740027600,0.0,0.01,no
title,2024,Tottenham,1745812800,0.0,0.01,no
title,2024,Tottenham,1745899200,0.0,0.01,no
title,2024,Tottenham,1745985600,0.0,0.01,no
title,2024,Tottenham,1746072000,0.0,0.01,no
title,2024,Tottenham,1746158400,0.0,0.01,no
title,2024,Tottenham,1746244800,0.0,0.01,no
title,2024,Tottenham,1746331200,0.0,0.01,no
title,2024,Tottenham,1746417600,0.0,0.01,no
title,2024,Tottenham,1746504000,0.0,1.0,no
title,2024,Southampton,1739422800,0.0,0.02,no
title,2024,Southampton,1739768400,0.0,0.02,no
title,2024,Southampton,1740027600,0.0,0.01,no
title,2024,Southampton,1745812800,0.0,0.01,no
title,2024,Southampton,1745899200,0.0,0.01,no
title,2024,Southampton,1745985600,0.0,0.01,no
title,2024,Southampton,1746072000,0.0,0.01,no
title,2024,Southampton,1746158400,0.0,0.01,no
title,2024,Southampton,1746244800,0.0,0.01,no
title,2024,Southampton,1746331200,0.0,0.01,no
title,2024,Southampton,1746417600,0.0,0.01,no
title,2024,Southampton,1746504000,0.0,1.0,no
title,2024,Nott'm Forest,1739422800,0.0,0.02,no
title,2024,Nott'm Forest,1739509200,0.01,0.02,no
title,2024,Nott'm Forest,1739682000,0.01,0.02,no
title,2024,Nott'm Forest,1739768400,0.01,0.02,no
title,2024,Nott'm Forest,1740027600,0.01,0.02,no
title,2024,Nott'm Forest,1740286800,0.01,0.02,no
title,2024,Nott'm Forest,1740373200,0.0,0.02,no
title,2024,Nott'm Forest,1741064400,0.0,0.01,no
title,2024,Nott'm Forest,1742875200,0.0,0.01,no
title,2024,Nott'm Forest,1744257600,0.0,0.01,no
title,2024,Nott'm Forest,1745294400,0.0,0.01,no
title,2024,Nott'm Forest,1745812800,0.0,0.01,no
title,2024,Nott'm Forest,1745899200,0.0,0.01,no
title,2024,Nott'm Forest,1745985600,0.0,0.01,no
title,2024,Nott'm Forest,1746072000,0.0,0.01,no
title,2024,Nott'm Forest,1746158400,0.0,0.01,no
title,2024,Nott'm Forest,1746244800,0.0,0.01,no
title,2024,Nott'm Forest,1746331200,0.0,0.01,no
title,2024,Nott'm Forest,1746417600,0.0,0.01,no
title,2024,Nott'm Forest,1746504000,0.0,1.0,no
title,2024,Newcastle,1739422800,0.0,0.02,no
title,2024,Newcastle,1739768400,0.0,0.02,no
title,2024,Newcastle,1740027600,0.0,0.01,no
title,2024,Newcastle,1745812800,0.0,0.01,no
title,2024,Newcastle,1745899200,0.0,0.01,no
title,2024,Newcastle,1745985600,0.0,0.01,no
title,2024,Newcastle,1746072000,0.0,0.01,no
title,2024,Newcastle,1746158400,0.0,0.01,no
title,2024,Newcastle,1746244800,0.0,0.01,no
title,2024,Newcastle,1746331200,0.0,0.01,no
title,2024,Newcastle,1746417600,0.0,0.01,no
title,2024,Newcastle,1746504000,0.0,1.0,no
title,2024,Man United,1739422800,0.0,0.02,no
title,2024,Man United,1739768400,0.0,0.02,no
title,2024,Man United,1740027600,0.0,0.02,no
title,2024,Man United,1740286800,0.0,0.02,no
title,2024,Man United,1740632400,0.0,0.02,no
title,2024,Man United,1741496400,0.0,0.02,no
title,2024,Man United,1741582800,0.0,0.99,no
title,2024,Man United,1741665600,0.0,0.02,no
title,2024,Man United,1742788800,0.0,0.02,no
title,2024,Man United,1743912000,0.0,0.02,no
title,2024,Man United,1744171200,0.0,0.01,no
title,2024,Man United,1744257600,0.0,0.01,no
title,2024,Man United,1744862400,0.0,0.01,no
title,2024,Man United,1745899200,0.0,0.01,no
title,2024,Man United,1745985600,0.0,0.01,no
title,2024,Man United,1746158400,0.0,0.01,no
title,2024,Man United,1746244800,0.0,0.01,no
title,2024,Man United,1746331200,0.0,0.01,no
title,2024,Man United,1746417600,0.0,0.01,no
title,2024,Man United,1746504000,0.0,1.0,no
title,2024,Man City,1739422800,0.0,0.02,no
title,2024,Man City,1739768400,0.0,0.02,no
title,2024,Man City,1739854800,0.0,0.02,no
title,2024,Man City,1739941200,0.0,0.02,no
title,2024,Man City,1740027600,0.0,0.02,no
title,2024,Man City,1740286800,0.0,0.02,no
title,2024,Man City,1741496400,0.0,0.02,no
title,2024,Man City,1741582800,0.0,0.02,no
title,2024,Man City,1741665600,0.0,0.02,no
title,2024,Man City,1742788800,0.0,0.02,no
title,2024,Man City,1742875200,0.0,0.02,no
title,2024,Man City,1742961600,0.0,0.02,no
title,2024,Man City,1743652800,0.0,0.02,no
title,2024,Man City,1743912000,0.0,0.02,no
title,2024,Man City,1744171200,0.0,0.01,no
title,2024,Man City,1744948800,0.0,0.01,no
title,2024,Man City,1745035200,0.0,0.01,no
title,2024,Man City,1745380800,0.0,0.01,no
title,2024,Man City,1745553600,0.0,0.02,no
title,2024,Man City,1745640000,0.0,0.03,no
title,2024,Man City,1745726400,0.0,0.02,no
title,2024,Man City,1745812800,0.0,0.02,no
title,2024,Man City,1745899200,0.0,0.01,no
title,2024,Man City,1745985600,0.0,0.01,no
title,2024,Man City,1746158400,0.0,0.01,no
title,2024,Man City,1746244800,0.0,0.01,no
title,2024,Man City,1746331200,0.0,0.01,no
title,2024,Man City,1746417600,0.0,0.01,no
title,2024,Man City,1746504000,0.0,1.0,no
title,2024,Liverpool,1739422800,0.75,0.78,yes
title,2024,Liverpool,1739509200,0.75,0.78,yes
title,2024,Liverpool,1739595600,0.74,0.77,yes
title,2024,Liverpool,1739682000,0.75,0.77,yes
title,2024,Liverpool,1739768400,0.77,0.78,yes
title,2024,Liverpool,1739854800,0.76,0.78,yes
title,2024,Liverpool,1739941200,0.76,0.79,yes
title,2024,Liverpool,1740027600,0.74,0.76,yes
title,2024,Liverpool,1740114000,0.74,0.76,yes
title,2024,Liverpool,1740200400,0.74,0.75,yes
title,2024,Liverpool,1740286800,0.85,0.86,yes
title,2024,Liverpool,1740373200,0.92,0.93,yes
title,2024,Liverpool,1740459600,0.92,0.94,yes
title,2024,Liverpool,1740546000,0.91,0.94,yes
title,2024,Liverpool,1740632400,0.95,0.96,yes
title,2024,Liverpool,1740718800,0.95,0.96,yes
title,2024,Liverpool,1740891600,0.95,0.97,yes
title,2024,Liverpool,1740978000,0.95,0.97,yes
title,2024,Liverpool,1741064400,0.95,0.98,yes
title,2024,Liverpool,1741150800,0.95,0.98,yes
title,2024,Liverpool,1741237200,0.95,0.98,yes
title,2024,Liverpool,1741323600,0.95,0.97,yes
title,2024,Liverpool,1741496400,0.95,0.97,yes
title,2024,Liverpool,1741582800,0.97,0.99,yes
title,2024,Liverpool,1741665600,0.97,0.99,yes
title,2024,Liverpool,1741838400,0.97,0.99,yes
title,2024,Liverpool,1741924800,0.97,0.99,yes
title,2024,Liverpool,1742011200,0.98,0.99,yes
title,2024,Liverpool,1742097600,0.98,0.99,yes
title,2024,Liverpool,1742184000,0.97,0.99,yes
title,2024,Liverpool,1742270400,0.97,0.98,yes
title,2024,Liverpool,1742356800,0.97,0.98,yes
title,2024,Liverpool,1742443200,0.97,0.98,yes
title,2024,Liverpool,1742529600,0.96,0.97,yes
title,2024,Liverpool,1742616000,0.96,0.97,yes
title,2024,Liverpool,1742702400,0.96,0.98,yes
title,2024,Liverpool,1742788800,0.96,0.98,yes
title,2024,Liverpool,1742875200,0.96,0.98,yes
title,2024,Liverpool,1742961600,0.96,0.98,yes
title,2024,Liverpool,1743134400,0.96,0.97,yes
title,2024,Liverpool,1743220800,0.96,0.97,yes
title,2024,Liverpool,1743307200,0.96,0.98,yes
title,2024,Liverpool,1743393600,0.96,0.98,yes
title,2024,Liverpool,1743480000,0.96,0.98,yes
title,2024,Liverpool,1743566400,0.96,0.98,yes
title,2024,Liverpool,1743652800,0.96,0.98,yes
title,2024,Liverpool,1743912000,0.96,0.98,yes
title,2024,Liverpool,1744084800,0.96,0.98,yes
title,2024,Liverpool,1744171200,0.96,0.98,yes
title,2024,Liverpool,1744257600,0.97,0.98,yes
title,2024,Liverpool,1744430400,0.97,0.98,yes
title,2024,Liverpool,1744516800,0.97,0.98,yes
title,2024,Liverpool,1744603200,0.97,0.99,yes
title,2024,Liverpool,1744689600,0.98,0.99,yes
title,2024,Liverpool,1744776000,0.98,0.99,yes
title,2024,Liverpool,1744862400,0.98,0.99,yes
title,2024,Liverpool,1744948800,0.97,0.99,yes
title,2024,Liverpool,1745035200,0.97,0.99,yes
title,2024,Liverpool,1745121600,0.97,1.0,yes
title,2024,Liverpool,1745208000,0.98,0.99,yes
title,2024,Liverpool,1745294400,0.99,1.0,yes
title,2024,Liverpool,1745380800,0.98,1.0,yes
title,2024,Liverpool,1745553600,0.98,1.0,yes
title,2024,Liverpool,1745640000,0.98,0.99,yes
title,2024,Liverpool,1745726400,0.98,1.0,yes
title,2024,Liverpool,1745812800,0.99,1.0,yes
title,2024,Liverpool,1745899200,0.99,1.0,yes
title,2024,Liverpool,1745985600,0.99,1.0,yes
title,2024,Liverpool,1746072000,0.99,1.0,yes
title,2024,Liverpool,1746158400,0.99,1.0,yes
title,2024,Liverpool,1746244800,0.99,1.0,yes
title,2024,Liverpool,1746331200,0.99,1.0,yes
title,2024,Liverpool,1746417600,0.99,1.0,yes
title,2024,Liverpool,1746504000,0.0,1.0,yes
title,2024,Leicester,1739422800,0.0,0.02,no
title,2024,Leicester,1739595600,0.0,0.02,no
title,2024,Leicester,1739768400,0.0,0.02,no
title,2024,Leicester,1740027600,0.0,0.02,no
title,2024,Leicester,1740286800,0.0,0.02,no
title,2024,Leicester,1741496400,0.0,0.02,no
title,2024,Leicester,1741582800,0.0,0.99,no
title,2024,Leicester,1741665600,0.0,0.02,no
title,2024,Leicester,1742788800,0.0,0.02,no
title,2024,Leicester,1743912000,0.0,0.02,no
title,2024,Leicester,1744171200,0.0,0.01,no
title,2024,Leicester,1745812800,0.0,0.01,no
title,2024,Leicester,1745899200,0.0,0.01,no
title,2024,Leicester,1745985600,0.0,0.01,no
title,2024,Leicester,1746072000,0.0,0.01,no
title,2024,Leicester,1746158400,0.0,0.01,no
title,2024,Leicester,1746244800,0.0,0.01,no
title,2024,Leicester,1746331200,0.0,0.01,no
title,2024,Leicester,1746417600,0.0,0.01,no
title,2024,Leicester,1746504000,0.0,1.0,no
title,2024,Ipswich,1739422800,0.0,0.02,no
title,2024,Ipswich,1739768400,0.0,0.02,no
title,2024,Ipswich,1740286800,0.0,0.02,no
title,2024,Ipswich,1741496400,0.0,0.02,no
title,2024,Ipswich,1741582800,0.0,0.99,no
title,2024,Ipswich,1741665600,0.0,0.02,no
title,2024,Ipswich,1742788800,0.0,0.02,no
title,2024,Ipswich,1743912000,0.0,0.02,no
title,2024,Ipswich,1744171200,0.0,0.01,no
title,2024,Ipswich,1745812800,0.0,0.01,no
title,2024,Ipswich,1745899200,0.0,0.01,no
title,2024,Ipswich,1745985600,0.0,0.01,no
title,2024,Ipswich,1746158400,0.0,0.01,no
title,2024,Ipswich,1746244800,0.0,0.01,no
title,2024,Ipswich,1746331200,0.0,0.01,no
title,2024,Ipswich,1746417600,0.0,0.01,no
title,2024,Ipswich,1746504000,0.0,1.0,no
title,2024,Fulham,1739422800,0.0,0.02,no
title,2024,Fulham,1739768400,0.0,0.02,no
title,2024,Fulham,1740286800,0.0,0.02,no
title,2024,Fulham,1741496400,0.0,0.02,no
title,2024,Fulham,1741582800,0.0,0.16,no
title,2024,Fulham,1741665600,0.0,0.02,no
title,2024,Fulham,1742788800,0.0,0.02,no
title,2024,Fulham,1743912000,0.0,0.02,no
title,2024,Fulham,1744171200,0.0,0.01,no
title,2024,Fulham,1744257600,0.0,0.01,no
title,2024,Fulham,1745812800,0.0,0.01,no
title,2024,Fulham,1745899200,0.0,0.01,no
title,2024,Fulham,1745985600,0.0,0.01,no
title,2024,Fulham,1746072000,0.0,0.01,no
title,2024,Fulham,1746158400,0.0,0.01,no
title,2024,Fulham,1746244800,0.0,0.01,no
title,2024,Fulham,1746331200,0.0,0.01,no
title,2024,Fulham,1746417600,0.0,0.01,no
title,2024,Fulham,1746504000,0.0,1.0,no
title,2024,Everton,1739422800,0.0,0.02,no
title,2024,Everton,1739768400,0.0,0.02,no
title,2024,Everton,1740286800,0.0,0.02,no
title,2024,Everton,1741496400,0.0,0.02,no
title,2024,Everton,1741582800,0.0,0.99,no
title,2024,Everton,1741665600,0.0,0.02,no
title,2024,Everton,1742788800,0.0,0.02,no
title,2024,Everton,1743912000,0.0,0.02,no
title,2024,Everton,1744171200,0.0,0.01,no
title,2024,Everton,1745812800,0.0,0.01,no
title,2024,Everton,1745899200,0.0,0.01,no
title,2024,Everton,1745985600,0.0,0.01,no
title,2024,Everton,1746072000,0.0,0.01,no
title,2024,Everton,1746158400,0.0,0.01,no
title,2024,Everton,1746244800,0.0,0.01,no
title,2024,Everton,1746331200,0.0,0.01,no
title,2024,Everton,1746417600,0.0,0.01,no
title,2024,Everton,1746504000,0.0,1.0,no
title,2024,Crystal Palace,1739422800,0.0,0.02,no
title,2024,Crystal Palace,1739768400,0.0,0.02,no
title,2024,Crystal Palace,1740286800,0.0,0.02,no
title,2024,Crystal Palace,1741496400,0.0,0.02,no
title,2024,Crystal Palace,1741582800,0.0,0.99,no
title,2024,Crystal Palace,1741665600,0.0,0.02,no
title,2024,Crystal Palace,1742616000,0.0,0.02,no
title,2024,Crystal Palace,1742788800,0.0,0.02,no
title,2024,Crystal Palace,1743652800,0.0,0.02,no
title,2024,Crystal Palace,1744171200,0.0,0.01,no
title,2024,Crystal Palace,1745899200,0.0,0.01,no
title,2024,Crystal Palace,1745985600,0.0,0.01,no
title,2024,Crystal Palace,1746158400,0.0,0.01,no
title,2024,Crystal Palace,1746244800,0.0,0.01,no
title,2024,Crystal Palace,1746331200,0.0,0.01,no
title,2024,Crystal Palace,1746417600,0.0,0.01,no
title,2024,Crystal Palace,1746504000,0.0,1.0,no
title,2024,Chelsea,1739422800,0.0,0.02,no
title,2024,Chelsea,1739509200,0.0,0.02,no
title,2024,Chelsea,1739768400,0.0,0.02,no
title,2024,Chelsea,1740027600,0.0,0.02,no
title,2024,Chelsea,1740286800,0.0,0.02,no
title,2024,Chelsea,1741496400,0.0,0.02,no
title,2024,Chelsea,1741582800,0.0,0.03,no
title,2024,Chelsea,1741665600,0.0,0.02,no
title,2024,Chelsea,1741924800,0.0,0.02,no
title,2024,Chelsea,1742788800,0.0,0.02,no
title,2024,Chelsea,1743912000,0.0,0.02,no
title,2024,Chelsea,1744171200,0.0,0.01,no
title,2024,Chelsea,1744257600,0.0,0.01,no
title,2024,Chelsea,1744689600,0.0,0.01,no
title,2024,Chelsea,1744862400,0.0,0.01,no
title,2024,Chelsea,1744948800,0.0,0.01,no
title,2024,Chelsea,1745812800,0.0,0.01,no
title,2024,Chelsea,1745899200,0.0,0.01,no
title,2024,Chelsea,1745985600,0.0,0.01,no
title,2024,Chelsea,1746072000,0.0,0.01,no
title,2024,Chelsea,1746158400,0.0,0.01,no
title,2024,Chelsea,1746244800,0.0,0.01,no
title,2024,Chelsea,1746331200,0.0,0.01,no
title,2024,Chelsea,1746417600,0.0,0.01,no
title,2024,Chelsea,1746504000,0.0,1.0,no
title,2024,Brighton,1739422800,0.0,0.02,no
title,2024,Brighton,1739768400,0.0,0.02,no
title,2024,Brighton,1740286800,0.0,0.02,no
title,2024,Brighton,1741496400,0.0,0.02,no
title,2024,Brighton,1741582800,0.0,0.16,no
title,2024,Brighton,1741665600,0.0,0.02,no
title,2024,Brighton,1742788800,0.0,0.02,no
title,2024,Brighton,1743912000,0.0,0.02,no
title,2024,Brighton,1744171200,0.0,0.01,no
title,2024,Brighton,1745812800,0.0,0.01,no
title,2024,Brighton,1745899200,0.0,0.01,no
title,2024,Brighton,1745985600,0.0,0.01,no
title,2024,Brighton,1746072000,0.0,0.01,no
title,2024,Brighton,1746158400,0.0,0.01,no
title,2024,Brighton,1746244800,0.0,0.01,no
title,2024,Brighton,1746331200,0.0,0.01,no
title,2024,Brighton,1746417600,0.0,0.01,no
title,2024,Brighton,1746504000,0.0,1.0,no
title,2024,Brentford,1739422800,0.0,0.02,no
title,2024,Brentford,1739768400,0.0,0.02,no
title,2024,Brentford,1740286800,0.0,0.02,no
title,2024,Brentford,1741496400,0.0,0.02,no
title,2024,Brentford,1741582800,0.0,0.06,no
title,2024,Brentford,1741665600,0.0,0.02,no
title,2024,Brentford,1742788800,0.0,0.02,no
title,2024,Brentford,1743912000,0.0,0.02,no
title,2024,Brentford,1744171200,0.0,0.01,no
title,2024,Brentford,1745812800,0.0,0.01,no
title,2024,Brentford,1745899200,0.0,0.01,no
title,2024,Brentford,1745985600,0.0,0.01,no
title,2024,Brentford,1746072000,0.0,0.01,no
title,2024,Brentford,1746158400,0.0,0.01,no
title,2024,Brentford,1746244800,0.0,0.01,no
title,2024,Brentford,1746331200,0.0,0.01,no
title,2024,Brentford,1746417600,0.0,0.01,no
title,2024,Brentford,1746504000,0.0,1.0,no
title,2024,Bournemouth,1739422800,0.0,0.02,no
title,2024,Bournemouth,1739768400,0.0,0.02,no
title,2024,Bournemouth,1740286800,0.0,0.02,no
title,2024,Bournemouth,1741496400,0.0,0.02,no
title,2024,Bournemouth,1741582800,0.0,0.05,no
title,2024,Bournemouth,1741665600,0.0,0.02,no
title,2024,Bournemouth,1742788800,0.0,0.02,no
title,2024,Bournemouth,1743912000,0.0,0.02,no
title,2024,Bournemouth,1744171200,0.0,0.01,no
title,2024,Bournemouth,1745812800,0.0,0.01,no
title,2024,Bournemouth,1745899200,0.0,0.01,no
title,2024,Bournemouth,1745985600,0.0,0.01,no
title,2024,Bournemouth,1746072000,0.0,0.01,no
title,2024,Bournemouth,1746158400,0.0,0.01,no
title,2024,Bournemouth,1746244800,0.0,0.01,no
title,2024,Bournemouth,1746331200,0.0,0.01,no
title,2024,Bournemouth,1746417600,0.0,0.01,no
title,2024,Bournemouth,1746504000,0.0,1.0,no
title,2024,Aston Villa,1739422800,0.0,0.02,no
title,2024,Aston Villa,1739768400,0.0,0.02,no
title,2024,Aston Villa,1740286800,0.0,0.02,no
title,2024,Aston Villa,1741496400,0.0,0.02,no
title,2024,Aston Villa,1741582800,0.0,0.05,no
title,2024,Aston Villa,1741665600,0.0,0.02,no
title,2024,Aston Villa,1742788800,0.0,0.02,no
title,2024,Aston Villa,1742875200,0.0,0.02,no
title,2024,Aston Villa,1743307200,0.0,0.02,no
title,2024,Aston Villa,1743912000,0.0,0.02,no
title,2024,Aston Villa,1744171200,0.0,0.01,no
title,2024,Aston Villa,1744257600,0.0,0.01,no
title,2024,Aston Villa,1745812800,0.0,0.01,no
title,2024,Aston Villa,1745899200,0.0,0.01,no
title,2024,Aston Villa,1745985600,0.0,0.01,no
title,2024,Aston Villa,1746072000,0.0,0.01,no
title,2024,Aston Villa,1746158400,0.0,0.01,no
title,2024,Aston Villa,1746244800,0.0,0.01,no
title,2024,Aston Villa,1746331200,0.0,0.01,no
title,2024,Aston Villa,1746417600,0.0,0.01,no
title,2024,Aston Villa,1746504000,0.0,1.0,no
title,2024,Arsenal,1739422800,0.2,0.23,no
title,2024,Arsenal,1739509200,0.21,0.23,no
title,2024,Arsenal,1739595600,0.21,0.23,no
title,2024,Arsenal,1739682000,0.21,0.23,no
title,2024,Arsenal,1739768400,0.21,0.24,no
title,2024,Arsenal,1739854800,0.21,0.24,no
title,2024,Arsenal,1739941200,0.21,0.23,no
title,2024,Arsenal,1740027600,0.23,0.24,no
title,2024,Arsenal,1740114000,0.21,0.24,no
title,2024,Arsenal,1740200400,0.22,0.24,no
title,2024,Arsenal,1740286800,0.12,0.14,no
title,2024,Arsenal,1740373200,0.07,0.08,no
title,2024,Arsenal,1740459600,0.07,0.08,no
title,2024,Arsenal,1740546000,0.06,0.08,no
title,2024,Arsenal,1740632400,0.04,0.06,no
title,2024,Arsenal,1740718800,0.04,0.06,no
title,2024,Arsenal,1740805200,0.04,0.05,no
title,2024,Arsenal,1740891600,0.03,0.05,no
title,2024,Arsenal,1740978000,0.02,0.03,no
title,2024,Arsenal,1741064400,0.02,0.05,no
title,2024,Arsenal,1741150800,0.02,0.05,no
title,2024,Arsenal,1741237200,0.02,0.05,no
title,2024,Arsenal,1741323600,0.02,0.04,no
title,2024,Arsenal,1741410000,0.02,0.05,no
title,2024,Arsenal,1741496400,0.01,0.03,no
title,2024,Arsenal,1741582800,0.01,0.02,no
title,2024,Arsenal,1741665600,0.01,0.04,no
title,2024,Arsenal,1741752000,0.01,0.04,no
title,2024,Arsenal,1741838400,0.01,0.02,no
title,2024,Arsenal,1741924800,0.01,0.03,no
title,2024,Arsenal,1742011200,0.01,0.04,no
title,2024,Arsenal,1742097600,0.01,0.03,no
title,2024,Arsenal,1742184000,0.02,0.04,no
title,2024,Arsenal,1742270400,0.02,0.04,no
title,2024,Arsenal,1742356800,0.02,0.04,no
title,2024,Arsenal,1742443200,0.02,0.04,no
title,2024,Arsenal,1742529600,0.02,0.04,no
title,2024,Arsenal,1742616000,0.02,0.04,no
title,2024,Arsenal,1742702400,0.01,0.04,no
title,2024,Arsenal,1742788800,0.01,0.04,no
title,2024,Arsenal,1742875200,0.02,0.04,no
title,2024,Arsenal,1742961600,0.01,0.04,no
title,2024,Arsenal,1743048000,0.01,0.04,no
title,2024,Arsenal,1743134400,0.01,0.04,no
title,2024,Arsenal,1743220800,0.02,0.04,no
title,2024,Arsenal,1743307200,0.01,0.04,no
title,2024,Arsenal,1743393600,0.01,0.04,no
title,2024,Arsenal,1743480000,0.01,0.04,no
title,2024,Arsenal,1743566400,0.03,0.04,no
title,2024,Arsenal,1743652800,0.03,0.04,no
title,2024,Arsenal,1743739200,0.02,0.04,no
title,2024,Arsenal,1743912000,0.02,0.04,no
title,2024,Arsenal,1743998400,0.02,0.04,no
title,2024,Arsenal,1744084800,0.02,0.04,no
title,2024,Arsenal,1744171200,0.01,0.03,no
title,2024,Arsenal,1744257600,0.01,0.03,no
title,2024,Arsenal,1744344000,0.01,0.03,no
title,2024,Arsenal,1744430400,0.01,0.03,no
title,2024,Arsenal,1744603200,0.0,0.03,no
title,2024,Arsenal,1744689600,0.0,0.02,no
title,2024,Arsenal,1744862400,0.0,0.02,no
title,2024,Arsenal,1744948800,0.01,0.02,no
title,2024,Arsenal,1745035200,0.01,0.03,no
title,2024,Arsenal,1745121600,0.01,0.03,no
title,2024,Arsenal,1745208000,0.0,0.02,no
title,2024,Arsenal,1745294400,0.0,0.01,no
title,2024,Arsenal,1745380800,0.0,0.01,no
title,2024,Arsenal,1745553600,0.0,0.02,no
title,2024,Arsenal,1745640000,0.0,0.02,no
title,2024,Arsenal,1745726400,0.0,0.02,no
title,2024,Arsenal,1745812800,0.0,0.01,no
title,2024,Arsenal,1745899200,0.0,0.01,no
title,2024,Arsenal,1745985600,0.0,0.01,no
title,2024,Arsenal,1746072000,0.0,0.01,no
title,2024,Arsenal,1746158400,0.0,0.01,no
title,2024,Arsenal,1746244800,0.0,0.01,no
title,2024,Arsenal,1746331200,0.0,0.01,no
title,2024,Arsenal,1746417600,0.0,0.01,no
title,2024,Arsenal,1746504000,0.0,1.0,no
