ticker,match_id,home,away,selection,kickoff_ts,result,volume,bid_24h,ask_24h,bid_1h,ask_1h
KXEPLGAME-26MAY24LFCBRE-TIE,20260524-LIV-BRE,Liverpool,Brentford,D,1779634800,yes,328377.31,0.22,0.23,0.23,0.24
KXEPLGAME-26MAY24LFCBRE-LFC,20260524-LIV-BRE,Liverpool,Brentford,H,1779634800,no,916169.84,0.52,0.53,0.51,0.52
KXEPLGAME-26MAY24LFCBRE-BRE,20260524-LIV-BRE,Liverpool,Brentford,A,1779634800,no,243338.93,0.24,0.25,0.24,0.25
KXEPLGAME-26MAY24NFOBOU-TIE,20260524-NFO-BOU,Nott'm Forest,Bournemouth,D,1779634800,yes,137489.15,0.25,0.26,0.25,0.26
KXEPLGAME-26MAY24NFOBOU-NFO,20260524-NFO-BOU,Nott'm Forest,Bournemouth,H,1779634800,no,177165.5,0.27,0.28,0.27,0.28
KXEPLGAME-26MAY24NFOBOU-BOU,20260524-NFO-BOU,Nott'm Forest,Bournemouth,A,1779634800,no,291706.42,0.47,0.48,0.46,0.47
KXEPLGAME-26MAY24MCIAVL-TIE,20260524-MCI-AVL,Man City,Aston Villa,D,1779634800,no,531546.97,0.13,0.15,0.17,0.18
KXEPLGAME-26MAY24MCIAVL-MCI,20260524-MCI-AVL,Man City,Aston Villa,H,1779634800,no,894926.03,0.76,0.77,0.69,0.7
KXEPLGAME-26MAY24MCIAVL-AVL,20260524-MCI-AVL,Man City,Aston Villa,A,1779634800,yes,1712745.31,0.09,0.1,0.12,0.13
KXEPLGAME-26MAY24FULNEW-TIE,20260524-FUL-NEW,Fulham,Newcastle,D,1779634800,no,54467.19,0.25,0.26,0.26,0.27
KXEPLGAME-26MAY24FULNEW-NEW,20260524-FUL-NEW,Fulham,Newcastle,A,1779634800,no,134089.28,0.4,0.41,0.36,0.37
KXEPLGAME-26MAY24FULNEW-FUL,20260524-FUL-NEW,Fulham,Newcastle,H,1779634800,yes,111805.94,0.33,0.34,0.37,0.38
KXEPLGAME-26MAY24WHULEE-WHU,20260524-WHU-LEE,West Ham,Leeds,H,1779634800,yes,386419.14,0.54,0.55,0.58,0.59
KXEPLGAME-26MAY24WHULEE-TIE,20260524-WHU-LEE,West Ham,Leeds,D,1779634800,no,209047.51,0.23,0.24,0.22,0.23
KXEPLGAME-26MAY24WHULEE-LEE,20260524-WHU-LEE,West Ham,Leeds,A,1779634800,no,240711.23,0.22,0.23,0.2,0.21
KXEPLGAME-26MAY24CRYARS-TIE,20260524-CRY-ARS,Crystal Palace,Arsenal,D,1779634800,no,209477.23,0.23,0.24,0.26,0.27
KXEPLGAME-26MAY24CRYARS-CRY,20260524-CRY-ARS,Crystal Palace,Arsenal,H,1779634800,no,245858.37,0.21,0.22,0.23,0.24
KXEPLGAME-26MAY24CRYARS-ARS,20260524-CRY-ARS,Crystal Palace,Arsenal,A,1779634800,yes,1329007.29,0.54,0.55,0.5,0.51
KXEPLGAME-26MAY24BRIMUN-TIE,20260524-BHA-MUN,Brighton,Man United,D,1779634800,no,168766.43,0.22,0.23,0.22,0.23
KXEPLGAME-26MAY24BRIMUN-MUN,20260524-BHA-MUN,Brighton,Man United,A,1779634800,yes,1937783.32,0.24,0.25,0.26,0.28
KXEPLGAME-26MAY24BRIMUN-BRI,20260524-BHA-MUN,Brighton,Man United,H,1779634800,no,272278.87,0.52,0.53,0.5,0.51
KXEPLGAME-26MAY24TOTEVE-TOT,20260524-TOT-EVE,Tottenham,Everton,H,1779634800,yes,737170.83,0.51,0.52,0.51,0.52
KXEPLGAME-26MAY24TOTEVE-TIE,20260524-TOT-EVE,Tottenham,Everton,D,1779634800,no,247372.61,0.26,0.27,0.26,0.27
KXEPLGAME-26MAY24TOTEVE-EVE,20260524-TOT-EVE,Tottenham,Everton,A,1779634800,no,681106.86,0.22,0.23,0.23,0.24
KXEPLGAME-26MAY24SUNCFC-TIE,20260524-SUN-CHE,Sunderland,Chelsea,D,1779634800,no,186084.49,0.25,0.26,0.25,0.26
KXEPLGAME-26MAY24SUNCFC-SUN,20260524-SUN-CHE,Sunderland,Chelsea,H,1779634800,yes,328851.22,0.27,0.28,0.27,0.28
KXEPLGAME-26MAY24SUNCFC-CFC,20260524-SUN-CHE,Sunderland,Chelsea,A,1779634800,no,443361.56,0.48,0.49,0.47,0.48
KXEPLGAME-26MAY24BURWOL-WOL,20260524-BUR-WOL,Burnley,Wolves,A,1779634800,no,119052.91,0.33,0.34,0.33,0.34
KXEPLGAME-26MAY24BURWOL-TIE,20260524-BUR-WOL,Burnley,Wolves,D,1779634800,yes,144042.83,0.26,0.27,0.27,0.28
KXEPLGAME-26MAY24BURWOL-BUR,20260524-BUR-WOL,Burnley,Wolves,H,1779634800,no,136272.02,0.4,0.41,0.38,0.39
KXEPLGAME-26MAY19BOUMCI-TIE,20260519-BOU-MCI,Bournemouth,Man City,D,1779215400,yes,1064539.78,0.22,0.23,0.2,0.21
KXEPLGAME-26MAY19BOUMCI-MCI,20260519-BOU-MCI,Bournemouth,Man City,A,1779215400,no,4607696.46,0.57,0.58,0.6,0.61
KXEPLGAME-26MAY19BOUMCI-BOU,20260519-BOU-MCI,Bournemouth,Man City,H,1779215400,no,1805646.7,0.2,0.21,0.19,0.2
KXEPLGAME-26MAY19CFCTOT-TOT,20260519-CHE-TOT,Chelsea,Tottenham,A,1779218100,no,1266515.84,0.25,0.26,0.27,0.28
KXEPLGAME-26MAY19CFCTOT-TIE,20260519-CHE-TOT,Chelsea,Tottenham,D,1779218100,no,821661.38,0.26,0.27,0.27,0.28
KXEPLGAME-26MAY19CFCTOT-CFC,20260519-CHE-TOT,Chelsea,Tottenham,H,1779218100,yes,2064064.83,0.48,0.49,0.46,0.47
KXEPLGAME-26MAY18ARSBUR-TIE,20260518-ARS-BUR,Arsenal,Burnley,D,1779130800,no,1549513.35,0.06,0.07,0.08,0.09
KXEPLGAME-26MAY18ARSBUR-BUR,20260518-ARS-BUR,Arsenal,Burnley,A,1779130800,no,2911263.74,0.03,0.04,0.03,0.04
KXEPLGAME-26MAY18ARSBUR-ARS,20260518-ARS-BUR,Arsenal,Burnley,H,1779130800,yes,1776289.18,0.89,0.9,0.88,0.89
KXEPLGAME-26MAY17WOLFUL-WOL,20260517-WOL-FUL,Wolves,Fulham,H,1779026400,no,441646.45,0.24,0.25,0.22,0.23
KXEPLGAME-26MAY17WOLFUL-TIE,20260517-WOL-FUL,Wolves,Fulham,D,1779026400,yes,347373.57,0.24,0.25,0.25,0.26
KXEPLGAME-26MAY17WOLFUL-FUL,20260517-WOL-FUL,Wolves,Fulham,A,1779026400,no,1413295.58,0.5,0.51,0.51,0.52
KXEPLGAME-26MAY17NEWWHU-WHU,20260517-NEW-WHU,Newcastle,West Ham,A,1779035400,no,404127.14,0.31,0.32,0.31,0.32
KXEPLGAME-26MAY17NEWWHU-TIE,20260517-NEW-WHU,Newcastle,West Ham,D,1779035400,no,339804.11,0.25,0.26,0.23,0.24
KXEPLGAME-26MAY17NEWWHU-NEW,20260517-NEW-WHU,Newcastle,West Ham,H,1779035400,yes,836592.76,0.43,0.44,0.43,0.44
KXEPLGAME-26MAY17EVESUN-TIE,20260517-EVE-SUN,Everton,Sunderland,D,1779026400,no,168889.2,0.25,0.26,0.25,0.26
KXEPLGAME-26MAY17EVESUN-SUN,20260517-EVE-SUN,Everton,Sunderland,A,1779026400,yes,266191.75,0.21,0.22,0.21,0.22
KXEPLGAME-26MAY17EVESUN-EVE,20260517-EVE-SUN,Everton,Sunderland,H,1779026400,no,319608.28,0.53,0.54,0.52,0.53
KXEPLGAME-26MAY17BRECRY-TIE,20260517-BRE-CRY,Brentford,Crystal Palace,D,1779026400,yes,371153.01,0.21,0.22,0.23,0.24
KXEPLGAME-26MAY17BRECRY-CRY,20260517-BRE-CRY,Brentford,Crystal Palace,A,1779026400,no,644155.55,0.2,0.21,0.2,0.21
KXEPLGAME-26MAY17BRECRY-BRE,20260517-BRE-CRY,Brentford,Crystal Palace,H,1779026400,no,359766.77,0.58,0.59,0.55,0.56
KXEPLGAME-26MAY17MUNNFO-TIE,20260517-MUN-NFO,Man United,Nott'm Forest,D,1779017400,no,418341.4,0.21,0.22,0.21,0.22
KXEPLGAME-26MAY17MUNNFO-NFO,20260517-MUN-NFO,Man United,Nott'm Forest,A,1779017400,no,478829.49,0.18,0.19,0.18,0.19
KXEPLGAME-26MAY17MUNNFO-MUN,20260517-MUN-NFO,Man United,Nott'm Forest,H,1779017400,yes,1326654.94,0.6,0.61,0.59,0.6
KXEPLGAME-26MAY17LEEBRI-TIE,20260517-LEE-BHA,Leeds,Brighton,D,1779026400,no,298517.93,0.25,0.26,0.26,0.27
KXEPLGAME-26MAY17LEEBRI-LEE,20260517-LEE-BHA,Leeds,Brighton,H,1779026400,yes,319167.23,0.28,0.29,0.28,0.29
KXEPLGAME-26MAY17LEEBRI-BRI,20260517-LEE-BHA,Leeds,Brighton,A,1779026400,no,428504.75,0.45,0.46,0.46,0.47
KXEPLGAME-26MAY13MCICRY-TIE,20260513-MCI-CRY,Man City,Crystal Palace,D,1778698800,no,260399.13,0.11,0.12,0.15,0.16
KXEPLGAME-26MAY13MCICRY-MCI,20260513-MCI-CRY,Man City,Crystal Palace,H,1778698800,yes,1141566.18,0.81,0.82,0.73,0.74
KXEPLGAME-26MAY13MCICRY-CRY,20260513-MCI-CRY,Man City,Crystal Palace,A,1778698800,no,621643.89,0.06,0.07,0.1,0.11
KXEPLGAME-26MAY11TOTLEE-TOT,20260511-TOT-LEE,Tottenham,Leeds,H,1778526000,no,2059759.83,0.53,0.55,0.54,0.55
KXEPLGAME-26MAY11TOTLEE-TIE,20260511-TOT-LEE,Tottenham,Leeds,D,1778526000,yes,1108656.53,0.23,0.24,0.24,0.25
KXEPLGAME-26MAY11TOTLEE-LEE,20260511-TOT-LEE,Tottenham,Leeds,A,1778526000,no,1161045.39,0.22,0.24,0.21,0.22
KXEPLGAME-26MAY10WHUARS-WHU,20260510-WHU-ARS,West Ham,Arsenal,H,1778427000,no,1143797.65,0.16,0.17,0.14,0.15
KXEPLGAME-26MAY10WHUARS-TIE,20260510-WHU-ARS,West Ham,Arsenal,D,1778427000,no,874569.65,0.21,0.22,0.21,0.22
KXEPLGAME-26MAY10WHUARS-ARS,20260510-WHU-ARS,West Ham,Arsenal,A,1778427000,yes,4700531.17,0.61,0.62,0.63,0.64
KXEPLGAME-26MAY10NFONEW-TIE,20260510-NFO-NEW,Nott'm Forest,Newcastle,D,1778418000,yes,280646.08,0.27,0.28,0.27,0.28
KXEPLGAME-26MAY10NFONEW-NFO,20260510-NFO-NEW,Nott'm Forest,Newcastle,H,1778418000,no,293671.93,0.35,0.36,0.31,0.32
KXEPLGAME-26MAY10NFONEW-NEW,20260510-NFO-NEW,Nott'm Forest,Newcastle,A,1778418000,no,713406.14,0.38,0.39,0.42,0.43
KXEPLGAME-26MAY10CRYEVE-TIE,20260510-CRY-EVE,Crystal Palace,Everton,D,1778418000,yes,262368.35,0.28,0.29,0.29,0.3
KXEPLGAME-26MAY10CRYEVE-EVE,20260510-CRY-EVE,Crystal Palace,Everton,A,1778418000,no,312553.37,0.37,0.38,0.37,0.38
KXEPLGAME-26MAY10CRYEVE-CRY,20260510-CRY-EVE,Crystal Palace,Everton,H,1778418000,no,234354.89,0.33,0.34,0.31,0.32
KXEPLGAME-26MAY10BURAVL-TIE,20260510-BUR-AVL,Burnley,Aston Villa,D,1778418000,yes,477216.81,0.22,0.23,0.21,0.22
KXEPLGAME-26MAY10BURAVL-BUR,20260510-BUR-AVL,Burnley,Aston Villa,H,1778418000,no,385403.53,0.17,0.18,0.14,0.15
KXEPLGAME-26MAY10BURAVL-AVL,20260510-BUR-AVL,Burnley,Aston Villa,A,1778418000,no,888753.6,0.6,0.61,0.64,0.65
KXEPLGAME-26MAY09SUNMUN-TIE,20260509-SUN-MUN,Sunderland,Man United,D,1778335200,yes,436241.53,0.25,0.26,0.27,0.28
KXEPLGAME-26MAY09SUNMUN-SUN,20260509-SUN-MUN,Sunderland,Man United,H,1778335200,no,251665.29,0.22,0.23,0.26,0.27
KXEPLGAME-26MAY09SUNMUN-MUN,20260509-SUN-MUN,Sunderland,Man United,A,1778335200,no,1807304.59,0.51,0.52,0.45,0.46
KXEPLGAME-26MAY09MCIBRE-TIE,20260509-MCI-BRE,Man City,Brentford,D,1778344200,no,257427.75,0.15,0.16,0.16,0.17
KXEPLGAME-26MAY09MCIBRE-MCI,20260509-MCI-BRE,Man City,Brentford,H,1778344200,yes,1856149.65,0.71,0.72,0.71,0.72
KXEPLGAME-26MAY09MCIBRE-BRE,20260509-MCI-BRE,Man City,Brentford,A,1778344200,no,504655.82,0.11,0.12,0.12,0.13
KXEPLGAME-26MAY09LFCCFC-TIE,20260509-LIV-CHE,Liverpool,Chelsea,D,1778326200,yes,484671.41,0.23,0.24,0.24,0.25
KXEPLGAME-26MAY09LFCCFC-LFC,20260509-LIV-CHE,Liverpool,Chelsea,H,1778326200,no,1460463.12,0.52,0.53,0.52,0.53
KXEPLGAME-26MAY09LFCCFC-CFC,20260509-LIV-CHE,Liverpool,Chelsea,A,1778326200,no,539645.83,0.24,0.25,0.24,0.25
KXEPLGAME-26MAY09FULBOU-TIE,20260509-FUL-BOU,Fulham,Bournemouth,D,1778335200,no,280512.5,0.25,0.26,0.26,0.27
KXEPLGAME-26MAY09FULBOU-FUL,20260509-FUL-BOU,Fulham,Bournemouth,H,1778335200,no,370815.97,0.34,0.35,0.35,0.36
KXEPLGAME-26MAY09FULBOU-BOU,20260509-FUL-BOU,Fulham,Bournemouth,A,1778335200,yes,612575.42,0.4,0.41,0.38,0.39
KXEPLGAME-26MAY09BRIWOL-WOL,20260509-BHA-WOL,Brighton,Wolves,A,1778335200,no,163383.12,0.08,0.09,0.08,0.09
KXEPLGAME-26MAY09BRIWOL-TIE,20260509-BHA-WOL,Brighton,Wolves,D,1778335200,no,81071.73,0.14,0.15,0.14,0.15
KXEPLGAME-26MAY09BRIWOL-BRI,20260509-BHA-WOL,Brighton,Wolves,H,1778335200,yes,228455.52,0.77,0.78,0.77,0.78
KXEPLGAME-26MAY04EVEMCI-TIE,20260504-EVE-MCI,Everton,Man City,D,1777921200,yes,1308926.09,0.19,0.2,0.19,0.2
KXEPLGAME-26MAY04EVEMCI-MCI,20260504-EVE-MCI,Everton,Man City,A,1777921200,no,5802831.18,0.65,0.66,0.67,0.68
KXEPLGAME-26MAY04EVEMCI-EVE,20260504-EVE-MCI,Everton,Man City,H,1777921200,no,2533765.73,0.14,0.15,0.13,0.14
KXEPLGAME-26MAY04CFCNFO-TIE,20260504-CHE-NFO,Chelsea,Nott'm Forest,D,1777903200,no,528681.67,0.22,0.23,0.2,0.21
KXEPLGAME-26MAY04CFCNFO-NFO,20260504-CHE-NFO,Chelsea,Nott'm Forest,A,1777903200,yes,2020834.86,0.18,0.2,0.15,0.16
KXEPLGAME-26MAY04CFCNFO-CFC,20260504-CHE-NFO,Chelsea,Nott'm Forest,H,1777903200,no,1196742.71,0.58,0.59,0.64,0.65
KXEPLGAME-26MAY03MUNLFC-TIE,20260503-MUN-LIV,Man United,Liverpool,D,1777818600,no,882752.06,0.24,0.25,0.25,0.26
KXEPLGAME-26MAY03MUNLFC-MUN,20260503-MUN-LIV,Man United,Liverpool,H,1777818600,yes,2560267.55,0.43,0.44,0.4,0.41
KXEPLGAME-26MAY03MUNLFC-LFC,20260503-MUN-LIV,Man United,Liverpool,A,1777818600,no,2521816.51,0.32,0.33,0.35,0.36
KXEPLGAME-26MAY02BREWHU-WHU,20260502-BRE-WHU,Brentford,West Ham,A,1777730400,no,286568.25,0.25,0.26,0.24,0.25
KXEPLGAME-26MAY02BREWHU-TIE,20260502-BRE-WHU,Brentford,West Ham,D,1777730400,no,101588.54,0.24,0.25,0.24,0.25
KXEPLGAME-26MAY02BREWHU-BRE,20260502-BRE-WHU,Brentford,West Ham,H,1777730400,yes,365981.43,0.5,0.51,0.51,0.52
KXEPLGAME-26MAY02NEWBRI-TIE,20260502-NEW-BHA,Newcastle,Brighton,D,1777730400,no,255418.52,0.25,0.26,0.25,0.26
KXEPLGAME-26MAY02NEWBRI-NEW,20260502-NEW-BHA,Newcastle,Brighton,H,1777730400,yes,628805.86,0.38,0.39,0.37,0.38
KXEPLGAME-26MAY02NEWBRI-BRI,20260502-NEW-BHA,Newcastle,Brighton,A,1777730400,no,586699.32,0.36,0.37,0.38,0.39
KXEPLGAME-26MAY02ARSFUL-TIE,20260502-ARS-FUL,Arsenal,Fulham,D,1777739400,no,159810.77,0.19,0.2,0.2,0.21
KXEPLGAME-26MAY02ARSFUL-FUL,20260502-ARS-FUL,Arsenal,Fulham,A,1777739400,no,878093.74,0.12,0.13,0.12,0.13
KXEPLGAME-26MAY02ARSFUL-ARS,20260502-ARS-FUL,Arsenal,Fulham,H,1777739400,yes,1298443.95,0.68,0.69,0.66,0.67
KXEPLGAME-26MAY02WOLSUN-WOL,20260502-WOL-SUN,Wolves,Sunderland,H,1777730400,no,324434.09,0.28,0.29,0.25,0.26
KXEPLGAME-26MAY02WOLSUN-TIE,20260502-WOL-SUN,Wolves,Sunderland,D,1777730400,yes,337032.95,0.27,0.28,0.26,0.27
KXEPLGAME-26MAY02WOLSUN-SUN,20260502-WOL-SUN,Wolves,Sunderland,A,1777730400,no,767368.68,0.44,0.45,0.48,0.49
KXEPLGAME-26MAY01LEEBUR-TIE,20260501-LEE-BUR,Leeds,Burnley,D,1777662000,no,194180.74,0.18,0.19,0.18,0.19
KXEPLGAME-26MAY01LEEBUR-LEE,20260501-LEE-BUR,Leeds,Burnley,H,1777662000,yes,668351.57,0.7,0.71,0.7,0.71
KXEPLGAME-26MAY01LEEBUR-BUR,20260501-LEE-BUR,Leeds,Burnley,A,1777662000,no,432819.97,0.11,0.12,0.1,0.11
KXEPLGAME-26APR27MUNBRE-TIE,20260427-MUN-BRE,Man United,Brentford,D,1777316400,no,419673.65,0.23,0.24,0.25,0.26
KXEPLGAME-26APR27MUNBRE-MUN,20260427-MUN-BRE,Man United,Brentford,H,1777316400,yes,2803808.34,0.52,0.53,0.47,0.48
KXEPLGAME-26APR27MUNBRE-BRE,20260427-MUN-BRE,Man United,Brentford,A,1777316400,no,676407.99,0.23,0.24,0.26,0.27
KXEPLGAME-26APR25ARSNEW-TIE,20260425-ARS-NEW,Arsenal,Newcastle,D,1777134600,no,439724.08,0.19,0.2,0.19,0.2
KXEPLGAME-26APR25ARSNEW-NEW,20260425-ARS-NEW,Arsenal,Newcastle,A,1777134600,no,732471.83,0.14,0.15,0.12,0.13
KXEPLGAME-26APR25ARSNEW-ARS,20260425-ARS-NEW,Arsenal,Newcastle,H,1777134600,yes,1174681.79,0.66,0.67,0.67,0.68
KXEPLGAME-26APR25WOLTOT-WOL,20260425-WOL-TOT,Wolves,Tottenham,H,1777125600,no,245117.29,0.2,0.21,0.2,0.21
KXEPLGAME-26APR25WOLTOT-TOT,20260425-WOL-TOT,Wolves,Tottenham,A,1777125600,yes,907887.58,0.57,0.58,0.58,0.59
KXEPLGAME-26APR25WOLTOT-TIE,20260425-WOL-TOT,Wolves,Tottenham,D,1777125600,no,264324.22,0.21,0.22,0.22,0.23
KXEPLGAME-26APR25WHUEVE-WHU,20260425-WHU-EVE,West Ham,Everton,H,1777125600,yes,442848.35,0.4,0.41,0.4,0.41
KXEPLGAME-26APR25WHUEVE-TIE,20260425-WHU-EVE,West Ham,Everton,D,1777125600,no,314045.47,0.28,0.29,0.28,0.29
KXEPLGAME-26APR25WHUEVE-EVE,20260425-WHU-EVE,West Ham,Everton,A,1777125600,no,326497.57,0.31,0.32,0.32,0.33
KXEPLGAME-26APR25LFCCRY-TIE,20260425-LIV-CRY,Liverpool,Crystal Palace,D,1777125600,no,191247.29,0.18,0.19,0.2,0.21
KXEPLGAME-26APR25LFCCRY-LFC,20260425-LIV-CRY,Liverpool,Crystal Palace,H,1777125600,yes,1041577.34,0.67,0.68,0.63,0.64
KXEPLGAME-26APR25LFCCRY-CRY,20260425-LIV-CRY,Liverpool,Crystal Palace,A,1777125600,no,689538.09,0.15,0.16,0.17,0.18
KXEPLGAME-26APR25FULAVL-TIE,20260425-FUL-AVL,Fulham,Aston Villa,D,1777116600,no,182290.58,0.26,0.27,0.27,0.28
KXEPLGAME-26APR25FULAVL-FUL,20260425-FUL-AVL,Fulham,Aston Villa,H,1777116600,yes,472981.49,0.34,0.35,0.36,0.37
KXEPLGAME-26APR25FULAVL-AVL,20260425-FUL-AVL,Fulham,Aston Villa,A,1777116600,no,984988.2,0.39,0.4,0.37,0.38
KXEPLGAME-26APR21BRICFC-TIE,20260421-BHA-CHE,Brighton,Chelsea,D,1776798000,no,399061.83,0.24,0.25,0.26,0.27
KXEPLGAME-26APR21BRICFC-CFC,20260421-BHA-CHE,Brighton,Chelsea,A,1776798000,no,1657424.52,0.35,0.37,0.32,0.33
KXEPLGAME-26APR21BRICFC-BRI,20260421-BHA-CHE,Brighton,Chelsea,H,1776798000,yes,926862.73,0.38,0.4,0.41,0.42
KXEPLGAME-26APR22BURMCI-TIE,20260422-BUR-MCI,Burnley,Man City,D,1776884400,no,392931.45,0.09,0.1,0.09,0.1
KXEPLGAME-26APR22BURMCI-MCI,20260422-BUR-MCI,Burnley,Man City,A,1776884400,yes,1345309.2,0.87,0.88,0.85,0.86
KXEPLGAME-26APR22BURMCI-BUR,20260422-BUR-MCI,Burnley,Man City,H,1776884400,no,598871.34,0.04,0.05,0.04,0.05
KXEPLGAME-26APR22BOULEE-TIE,20260422-BOU-LEE,Bournemouth,Leeds,D,1776884400,yes,553513.74,0.26,0.27,0.25,0.26
KXEPLGAME-26APR22BOULEE-LEE,20260422-BOU-LEE,Bournemouth,Leeds,A,1776884400,no,404178.58,0.26,0.27,0.24,0.25
KXEPLGAME-26APR22BOULEE-BOU,20260422-BOU-LEE,Bournemouth,Leeds,H,1776884400,no,716865.68,0.48,0.49,0.49,0.5
KXEPLGAME-26APR24SUNNFO-TIE,20260424-SUN-NFO,Sunderland,Nott'm Forest,D,1777057200,no,298225.32,0.29,0.3,0.3,0.31
KXEPLGAME-26APR24SUNNFO-SUN,20260424-SUN-NFO,Sunderland,Nott'm Forest,H,1777057200,no,411881.5,0.35,0.36,0.35,0.36
KXEPLGAME-26APR24SUNNFO-NFO,20260424-SUN-NFO,Sunderland,Nott'm Forest,A,1777057200,yes,273429.0,0.34,0.35,0.34,0.35
KXEPLGAME-26APR20CRYWHU-WHU,20260420-CRY-WHU,Crystal Palace,West Ham,A,1776711600,no,664265.48,0.31,0.32,0.35,0.36
KXEPLGAME-26APR20CRYWHU-TIE,20260420-CRY-WHU,Crystal Palace,West Ham,D,1776711600,yes,756468.06,0.28,0.29,0.28,0.29
KXEPLGAME-26APR20CRYWHU-CRY,20260420-CRY-WHU,Crystal Palace,West Ham,H,1776711600,no,1634508.82,0.4,0.41,0.38,0.39
KXEPLGAME-26APR19EVELFC-TIE,20260419-EVE-LIV,Everton,Liverpool,D,1776603600,no,562329.19,0.28,0.29,0.28,0.29
KXEPLGAME-26APR19EVELFC-LFC,20260419-EVE-LIV,Everton,Liverpool,A,1776603600,yes,1307539.8,0.41,0.42,0.42,0.43
KXEPLGAME-26APR19EVELFC-EVE,20260419-EVE-LIV,Everton,Liverpool,H,1776603600,no,473077.92,0.3,0.31,0.3,0.31
KXEPLGAME-26APR19NFOBUR-TIE,20260419-NFO-BUR,Nott'm Forest,Burnley,D,1776603600,no,120324.59,0.2,0.21,0.2,0.21
KXEPLGAME-26APR19NFOBUR-NFO,20260419-NFO-BUR,Nott'm Forest,Burnley,H,1776603600,yes,263306.68,0.65,0.67,0.66,0.67
KXEPLGAME-26APR19NFOBUR-BUR,20260419-NFO-BUR,Nott'm Forest,Burnley,A,1776603600,no,236609.77,0.13,0.14,0.12,0.13
KXEPLGAME-26APR19MCIARS-TIE,20260419-MCI-ARS,Man City,Arsenal,D,1776612600,no,883485.65,0.25,0.26,0.26,0.27
KXEPLGAME-26APR19MCIARS-MCI,20260419-MCI-ARS,Man City,Arsenal,H,1776612600,yes,3457734.37,0.52,0.53,0.52,0.53
KXEPLGAME-26APR19MCIARS-ARS,20260419-MCI-ARS,Man City,Arsenal,A,1776612600,no,2300916.19,0.22,0.23,0.23,0.24
KXEPLGAME-26APR19AVLSUN-TIE,20260419-AVL-SUN,Aston Villa,Sunderland,D,1776603600,no,183320.89,0.25,0.27,0.25,0.27
KXEPLGAME-26APR19AVLSUN-SUN,20260419-AVL-SUN,Aston Villa,Sunderland,A,1776603600,no,492292.98,0.18,0.19,0.18,0.19
KXEPLGAME-26APR19AVLSUN-AVL,20260419-AVL-SUN,Aston Villa,Sunderland,H,1776603600,yes,906147.81,0.55,0.56,0.55,0.56
KXEPLGAME-26APR18TOTBRI-TOT,20260418-TOT-BHA,Tottenham,Brighton,H,1776529800,no,1392213.28,0.35,0.36,0.32,0.33
KXEPLGAME-26APR18TOTBRI-TIE,20260418-TOT-BHA,Tottenham,Brighton,D,1776529800,yes,474790.78,0.25,0.26,0.24,0.25
KXEPLGAME-26APR18TOTBRI-BRI,20260418-TOT-BHA,Tottenham,Brighton,A,1776529800,no,821268.48,0.4,0.41,0.43,0.44
KXEPLGAME-26APR18CFCMUN-TIE,20260418-CHE-MUN,Chelsea,Man United,D,1776538800,no,486447.83,0.25,0.26,0.25,0.26
KXEPLGAME-26APR18CFCMUN-MUN,20260418-CHE-MUN,Chelsea,Man United,A,1776538800,yes,1703807.53,0.3,0.31,0.28,0.29
KXEPLGAME-26APR18CFCMUN-CFC,20260418-CHE-MUN,Chelsea,Man United,H,1776538800,no,840788.5,0.45,0.46,0.46,0.47
KXEPLGAME-26APR18NEWBOU-TIE,20260418-NEW-BOU,Newcastle,Bournemouth,D,1776520800,no,464740.73,0.25,0.26,0.25,0.26
KXEPLGAME-26APR18NEWBOU-NEW,20260418-NEW-BOU,Newcastle,Bournemouth,H,1776520800,no,379657.52,0.48,0.49,0.43,0.44
KXEPLGAME-26APR18NEWBOU-BOU,20260418-NEW-BOU,Newcastle,Bournemouth,A,1776520800,yes,448274.64,0.27,0.28,0.3,0.31
KXEPLGAME-26APR18BREFUL-TIE,20260418-BRE-FUL,Brentford,Fulham,D,1776511800,yes,306601.2,0.25,0.26,0.25,0.26
KXEPLGAME-26APR18BREFUL-FUL,20260418-BRE-FUL,Brentford,Fulham,A,1776511800,no,218805.39,0.28,0.29,0.27,0.28
KXEPLGAME-26APR18BREFUL-BRE,20260418-BRE-FUL,Brentford,Fulham,H,1776511800,no,346772.82,0.46,0.47,0.47,0.48
KXEPLGAME-26APR18LEEWOL-WOL,20260418-LEE-WOL,Leeds,Wolves,A,1776520800,no,126790.32,0.16,0.17,0.15,0.16
KXEPLGAME-26APR18LEEWOL-TIE,20260418-LEE-WOL,Leeds,Wolves,D,1776520800,no,97174.27,0.22,0.24,0.22,0.23
KXEPLGAME-26APR18LEEWOL-LEE,20260418-LEE-WOL,Leeds,Wolves,H,1776520800,yes,272108.88,0.61,0.62,0.62,0.63
KXEPLGAME-26APR13MUNLEE-TIE,20260413-MUN-LEE,Man United,Leeds,D,1776106800,no,728811.0,0.21,0.22,0.22,0.23
KXEPLGAME-26APR13MUNLEE-MUN,20260413-MUN-LEE,Man United,Leeds,H,1776106800,no,2821034.0,0.62,0.63,0.59,0.6
KXEPLGAME-26APR13MUNLEE-LEE,20260413-MUN-LEE,Man United,Leeds,A,1776106800,yes,1634642.0,0.16,0.17,0.17,0.18
KXEPLGAME-26APR12CFCMCI-TIE,20260412-CHE-MCI,Chelsea,Man City,D,1776007800,no,319588.0,0.24,0.25,0.23,0.25
KXEPLGAME-26APR12CFCMCI-MCI,20260412-CHE-MCI,Chelsea,Man City,A,1776007800,yes,2720410.0,0.48,0.49,0.48,0.49
KXEPLGAME-26APR12CFCMCI-CFC,20260412-CHE-MCI,Chelsea,Man City,H,1776007800,no,691485.0,0.28,0.29,0.25,0.26
KXEPLGAME-26APR12NFOAVL-TIE,20260412-NFO-AVL,Nott'm Forest,Aston Villa,D,1775998800,yes,285843.0,0.29,0.3,0.28,0.29
KXEPLGAME-26APR12NFOAVL-NFO,20260412-NFO-AVL,Nott'm Forest,Aston Villa,H,1775998800,no,164685.0,0.34,0.36,0.36,0.37
KXEPLGAME-26APR12NFOAVL-AVL,20260412-NFO-AVL,Nott'm Forest,Aston Villa,A,1775998800,no,552971.0,0.35,0.37,0.34,0.35
KXEPLGAME-26APR12CRYNEW-TIE,20260412-CRY-NEW,Crystal Palace,Newcastle,D,1775998800,no,156617.0,0.27,0.28,0.27,0.28
KXEPLGAME-26APR12CRYNEW-NEW,20260412-CRY-NEW,Crystal Palace,Newcastle,A,1775998800,no,382067.0,0.42,0.43,0.39,0.4
KXEPLGAME-26APR12CRYNEW-CRY,20260412-CRY-NEW,Crystal Palace,Newcastle,H,1775998800,yes,228574.0,0.29,0.31,0.32,0.33
KXEPLGAME-26APR12SUNTOT-TOT,20260412-SUN-TOT,Sunderland,Tottenham,A,1775998800,no,466884.0,0.34,0.35,0.36,0.37
KXEPLGAME-26APR12SUNTOT-TIE,20260412-SUN-TOT,Sunderland,Tottenham,D,1775998800,no,147452.0,0.29,0.3,0.28,0.29
KXEPLGAME-26APR12SUNTOT-SUN,20260412-SUN-TOT,Sunderland,Tottenham,H,1775998800,yes,475200.0,0.37,0.38,0.35,0.36
KXEPLGAME-26APR10WHUWOL-WOL,20260410-WHU-WOL,West Ham,Wolves,A,1775847600,no,215778.0,0.22,0.23,0.21,0.22
KXEPLGAME-26APR10WHUWOL-WHU,20260410-WHU-WOL,West Ham,Wolves,H,1775847600,yes,513851.0,0.52,0.53,0.55,0.56
KXEPLGAME-26APR10WHUWOL-TIE,20260410-WHU-WOL,West Ham,Wolves,D,1775847600,no,112437.0,0.25,0.26,0.24,0.26
KXEPLGAME-26APR11BREEVE-TIE,20260411-BRE-EVE,Brentford,Everton,D,1775916000,yes,465320.0,0.28,0.29,0.28,0.29
KXEPLGAME-26APR11BREEVE-EVE,20260411-BRE-EVE,Brentford,Everton,A,1775916000,no,378256.0,0.27,0.28,0.28,0.29
KXEPLGAME-26APR11BREEVE-BRE,20260411-BRE-EVE,Brentford,Everton,H,1775916000,no,522838.0,0.44,0.45,0.42,0.43
KXEPLGAME-26APR11BURBRI-TIE,20260411-BUR-BHA,Burnley,Brighton,D,1775916000,no,105898.0,0.23,0.24,0.22,0.23
KXEPLGAME-26APR11BURBRI-BUR,20260411-BUR-BHA,Burnley,Brighton,H,1775916000,no,163298.0,0.2,0.21,0.18,0.19
KXEPLGAME-26APR11BURBRI-BRI,20260411-BUR-BHA,Burnley,Brighton,A,1775916000,yes,391119.0,0.56,0.57,0.59,0.6
KXEPLGAME-26APR11LFCFUL-TIE,20260411-LIV-FUL,Liverpool,Fulham,D,1775925000,no,178623.0,0.22,0.23,0.21,0.23
KXEPLGAME-26APR11LFCFUL-LFC,20260411-LIV-FUL,Liverpool,Fulham,H,1775925000,yes,1064520.0,0.58,0.59,0.58,0.59
KXEPLGAME-26APR11LFCFUL-FUL,20260411-LIV-FUL,Liverpool,Fulham,A,1775925000,no,362873.0,0.19,0.2,0.19,0.2
KXEPLGAME-26APR11ARSBOU-TIE,20260411-ARS-BOU,Arsenal,Bournemouth,D,1775907000,no,450379.0,0.2,0.21,0.19,0.2
KXEPLGAME-26APR11ARSBOU-BOU,20260411-ARS-BOU,Arsenal,Bournemouth,A,1775907000,yes,835673.0,0.12,0.13,0.13,0.14
KXEPLGAME-26APR11ARSBOU-ARS,20260411-ARS-BOU,Arsenal,Bournemouth,H,1775907000,no,1324901.0,0.68,0.69,0.68,0.69
KXEPLGAME-26MAR22TOTNFO-TOT,20260322-TOT-NFO,Tottenham,Nott'm Forest,H,1774188900,no,426079.0,0.42,0.43,0.39,0.4
KXEPLGAME-26MAR22TOTNFO-TIE,20260322-TOT-NFO,Tottenham,Nott'm Forest,D,1774188900,no,272490.0,0.27,0.28,0.28,0.29
KXEPLGAME-26MAR22TOTNFO-NFO,20260322-TOT-NFO,Tottenham,Nott'm Forest,A,1774188900,yes,275921.0,0.29,0.3,0.31,0.32
KXEPLGAME-26MAR22NEWSUN-TIE,20260322-NEW-SUN,Newcastle,Sunderland,D,1774180800,no,360054.0,0.23,0.24,0.22,0.23
KXEPLGAME-26MAR22NEWSUN-SUN,20260322-NEW-SUN,Newcastle,Sunderland,A,1774180800,yes,486373.0,0.17,0.18,0.16,0.17
KXEPLGAME-26MAR22NEWSUN-NEW,20260322-NEW-SUN,Newcastle,Sunderland,H,1774180800,no,749733.0,0.57,0.58,0.61,0.62
KXEPLGAME-26MAR22AVLWHU-WHU,20260322-AVL-WHU,Aston Villa,West Ham,A,1774188900,no,301479.0,0.23,0.24,0.19,0.2
KXEPLGAME-26MAR22AVLWHU-TIE,20260322-AVL-WHU,Aston Villa,West Ham,D,1774188900,no,201622.0,0.25,0.26,0.24,0.25
KXEPLGAME-26MAR22AVLWHU-AVL,20260322-AVL-WHU,Aston Villa,West Ham,H,1774188900,yes,581014.0,0.49,0.51,0.56,0.57
KXEPLGAME-26MAR21LEEBRE-TIE,20260321-LEE-BRE,Leeds,Brentford,D,1774123200,yes,309901.0,0.27,0.28,0.27,0.28
KXEPLGAME-26MAR21LEEBRE-LEE,20260321-LEE-BRE,Leeds,Brentford,H,1774123200,no,278754.0,0.38,0.39,0.39,0.4
KXEPLGAME-26MAR21LEEBRE-BRE,20260321-LEE-BRE,Leeds,Brentford,A,1774123200,no,410137.0,0.34,0.35,0.31,0.32
KXEPLGAME-26MAR21EVECFC-TIE,20260321-EVE-CHE,Everton,Chelsea,D,1774114200,no,340468.0,0.26,0.27,0.28,0.29
KXEPLGAME-26MAR21EVECFC-EVE,20260321-EVE-CHE,Everton,Chelsea,H,1774114200,yes,475093.0,0.27,0.28,0.29,0.3
KXEPLGAME-26MAR21EVECFC-CFC,20260321-EVE-CHE,Everton,Chelsea,A,1774114200,no,1718706.0,0.45,0.47,0.43,0.44
KXEPLGAME-26MAR21FULBUR-TIE,20260321-FUL-BUR,Fulham,Burnley,D,1774105200,no,306384.0,0.22,0.23,0.21,0.22
KXEPLGAME-26MAR21FULBUR-FUL,20260321-FUL-BUR,Fulham,Burnley,H,1774105200,yes,841990.0,0.62,0.63,0.64,0.65
KXEPLGAME-26MAR21FULBUR-BUR,20260321-FUL-BUR,Fulham,Burnley,A,1774105200,no,274117.0,0.14,0.15,0.14,0.15
KXEPLGAME-26MAR21BRILFC-TIE,20260321-BHA-LIV,Brighton,Liverpool,D,1774096200,no,357347.0,0.25,0.26,0.26,0.27
KXEPLGAME-26MAR21BRILFC-LFC,20260321-BHA-LIV,Brighton,Liverpool,A,1774096200,no,2210788.0,0.43,0.44,0.44,0.45
KXEPLGAME-26MAR21BRILFC-BRI,20260321-BHA-LIV,Brighton,Liverpool,H,1774096200,yes,509753.0,0.3,0.31,0.3,0.31
KXEPLGAME-26MAR20BOUMUN-TIE,20260320-BOU-MUN,Bournemouth,Man United,D,1774036800,yes,622439.0,0.24,0.25,0.25,0.26
KXEPLGAME-26MAR20BOUMUN-MUN,20260320-BOU-MUN,Bournemouth,Man United,A,1774036800,no,3701665.0,0.46,0.47,0.45,0.46
KXEPLGAME-26MAR20BOUMUN-BOU,20260320-BOU-MUN,Bournemouth,Man United,H,1774036800,no,573892.0,0.28,0.29,0.3,0.31
KXEPLGAME-26MAR16BREWOL-WOL,20260316-BRE-WOL,Brentford,Wolves,A,1773691200,no,910156.0,0.16,0.17,0.15,0.16
KXEPLGAME-26MAR16BREWOL-TIE,20260316-BRE-WOL,Brentford,Wolves,D,1773691200,yes,639901.0,0.21,0.23,0.21,0.22
KXEPLGAME-26MAR16BREWOL-BRE,20260316-BRE-WOL,Brentford,Wolves,H,1773691200,no,1115974.0,0.61,0.62,0.62,0.63
KXEPLGAME-26MAR15LFCTOT-TOT,20260315-LIV-TOT,Liverpool,Tottenham,A,1773592200,no,756940.0,0.09,0.11,0.1,0.11
KXEPLGAME-26MAR15LFCTOT-TIE,20260315-LIV-TOT,Liverpool,Tottenham,D,1773592200,yes,446682.0,0.14,0.15,0.14,0.15
KXEPLGAME-26MAR15LFCTOT-LFC,20260315-LIV-TOT,Liverpool,Tottenham,H,1773592200,no,1044649.0,0.75,0.76,0.75,0.76
KXEPLGAME-26MAR15MUNAVL-TIE,20260315-MUN-AVL,Man United,Aston Villa,D,1773583200,no,256606.0,0.22,0.23,0.22,0.23
KXEPLGAME-26MAR15MUNAVL-MUN,20260315-MUN-AVL,Man United,Aston Villa,H,1773583200,yes,1229549.0,0.56,0.57,0.57,0.58
KXEPLGAME-26MAR15MUNAVL-AVL,20260315-MUN-AVL,Man United,Aston Villa,A,1773583200,no,445236.0,0.2,0.21,0.19,0.2
KXEPLGAME-26MAR15NFOFUL-TIE,20260315-NFO-FUL,Nott'm Forest,Fulham,D,1773583200,yes,193937.0,0.27,0.29,0.27,0.29
KXEPLGAME-26MAR15NFOFUL-NFO,20260315-NFO-FUL,Nott'm Forest,Fulham,H,1773583200,no,214841.0,0.42,0.43,0.41,0.42
KXEPLGAME-26MAR15NFOFUL-FUL,20260315-NFO-FUL,Nott'm Forest,Fulham,A,1773583200,no,290185.0,0.29,0.3,0.3,0.31
KXEPLGAME-26MAR14SUNBRI-TIE,20260314-SUN-BHA,Sunderland,Brighton,D,1773500400,no,137055.0,0.28,0.29,0.27,0.28
KXEPLGAME-26MAR14SUNBRI-SUN,20260314-SUN-BHA,Sunderland,Brighton,H,1773500400,no,303380.0,0.29,0.3,0.25,0.26
KXEPLGAME-26MAR14SUNBRI-BRI,20260314-SUN-BHA,Sunderland,Brighton,A,1773500400,yes,328177.0,0.42,0.43,0.45,0.46
KXEPLGAME-26MAR14CFCNEW-TIE,20260314-CHE-NEW,Chelsea,Newcastle,D,1773509400,no,327477.0,0.22,0.23,0.23,0.24
KXEPLGAME-26MAR14CFCNEW-NEW,20260314-CHE-NEW,Chelsea,Newcastle,A,1773509400,yes,640637.0,0.23,0.25,0.24,0.25
KXEPLGAME-26MAR14CFCNEW-CFC,20260314-CHE-NEW,Chelsea,Newcastle,H,1773509400,no,1100399.0,0.52,0.54,0.52,0.53
KXEPLGAME-26MAR14BURBOU-TIE,20260314-BUR-BOU,Burnley,Bournemouth,D,1773500400,yes,268264.0,0.23,0.24,0.23,0.24
KXEPLGAME-26MAR14BURBOU-BUR,20260314-BUR-BOU,Burnley,Bournemouth,H,1773500400,no,143348.0,0.22,0.24,0.22,0.23
KXEPLGAME-26MAR14BURBOU-BOU,20260314-BUR-BOU,Burnley,Bournemouth,A,1773500400,no,392296.0,0.52,0.54,0.54,0.55
KXEPLGAME-26MAR14WHUMCI-WHU,20260314-WHU-MCI,West Ham,Man City,H,1773518400,no,501789.0,0.19,0.21,0.19,0.2
KXEPLGAME-26MAR14WHUMCI-TIE,20260314-WHU-MCI,West Ham,Man City,D,1773518400,yes,435879.0,0.21,0.23,0.22,0.23
KXEPLGAME-26MAR14WHUMCI-MCI,20260314-WHU-MCI,West Ham,Man City,A,1773518400,no,2186095.0,0.56,0.58,0.59,0.6
KXEPLGAME-26MAR05TOTCRY-TOT,20260305-TOT-CRY,Tottenham,Crystal Palace,H,1772740800,no,1865117.0,,,,
KXEPLGAME-26MAR05TOTCRY-TIE,20260305-TOT-CRY,Tottenham,Crystal Palace,D,1772740800,no,498010.0,0.28,0.29,0.28,0.29
KXEPLGAME-26MAR05TOTCRY-CRY,20260305-TOT-CRY,Tottenham,Crystal Palace,A,1772740800,yes,1288177.0,0.3,0.31,0.33,0.34
KXEPLGAME-26MAR04FULWHU-WHU,20260304-FUL-WHU,Fulham,West Ham,A,1772652600,yes,308469.0,0.26,0.27,0.27,0.28
KXEPLGAME-26MAR04FULWHU-TIE,20260304-FUL-WHU,Fulham,West Ham,D,1772652600,no,162273.0,0.26,0.27,0.26,0.27
KXEPLGAME-26MAR04FULWHU-FUL,20260304-FUL-WHU,Fulham,West Ham,H,1772652600,no,413790.0,0.46,0.47,0.45,0.46
KXEPLGAME-26MAR04MCINFO-TIE,20260304-MCI-NFO,Man City,Nott'm Forest,D,1772652600,yes,354815.0,0.17,0.18,0.19,0.2
KXEPLGAME-26MAR04MCINFO-NFO,20260304-MCI-NFO,Man City,Nott'm Forest,A,1772652600,no,572814.0,0.11,0.12,0.11,0.12
KXEPLGAME-26MAR04MCINFO-MCI,20260304-MCI-NFO,Man City,Nott'm Forest,H,1772652600,no,2625222.0,0.71,0.72,0.69,0.7
KXEPLGAME-26MAR04NEWMUN-TIE,20260304-NEW-MUN,Newcastle,Man United,D,1772655300,no,807492.0,0.25,0.26,0.25,0.26
KXEPLGAME-26MAR04NEWMUN-NEW,20260304-NEW-MUN,Newcastle,Man United,H,1772655300,yes,1172492.0,0.35,0.37,0.35,0.36
KXEPLGAME-26MAR04NEWMUN-MUN,20260304-NEW-MUN,Newcastle,Man United,A,1772655300,no,2190155.0,0.38,0.39,0.38,0.39
KXEPLGAME-26MAR04AVLCFC-TIE,20260304-AVL-CHE,Aston Villa,Chelsea,D,1772652600,no,228380.0,0.26,0.27,0.27,0.28
KXEPLGAME-26MAR04AVLCFC-CFC,20260304-AVL-CHE,Aston Villa,Chelsea,A,1772652600,yes,945290.0,0.38,0.39,0.38,0.39
KXEPLGAME-26MAR04AVLCFC-AVL,20260304-AVL-CHE,Aston Villa,Chelsea,H,1772652600,no,434263.0,0.35,0.36,0.34,0.35
KXEPLGAME-26MAR04BRIARS-TIE,20260304-BHA-ARS,Brighton,Arsenal,D,1772652600,no,144463.0,0.22,0.23,0.23,0.24
KXEPLGAME-26MAR04BRIARS-BRI,20260304-BHA-ARS,Brighton,Arsenal,H,1772652600,no,299251.0,0.17,0.18,0.17,0.18
KXEPLGAME-26MAR04BRIARS-ARS,20260304-BHA-ARS,Brighton,Arsenal,A,1772652600,yes,1577358.0,0.59,0.6,0.58,0.59
KXEPLGAME-26MAR03WOLLFC-WOL,20260303-WOL-LIV,Wolves,Liverpool,H,1772568900,yes,1570844.0,0.14,0.15,0.13,0.14
KXEPLGAME-26MAR03WOLLFC-TIE,20260303-WOL-LIV,Wolves,Liverpool,D,1772568900,no,941181.0,0.18,0.19,0.21,0.22
KXEPLGAME-26MAR03WOLLFC-LFC,20260303-WOL-LIV,Wolves,Liverpool,A,1772568900,no,2569553.0,0.66,0.67,0.65,0.66
KXEPLGAME-26MAR03LEESUN-TIE,20260303-LEE-SUN,Leeds,Sunderland,D,1772566200,no,314303.0,0.27,0.28,0.27,0.28
KXEPLGAME-26MAR03LEESUN-SUN,20260303-LEE-SUN,Leeds,Sunderland,A,1772566200,yes,646260.0,0.23,0.24,0.2,0.21
KXEPLGAME-26MAR03LEESUN-LEE,20260303-LEE-SUN,Leeds,Sunderland,H,1772566200,no,872557.0,0.49,0.5,0.51,0.52
KXEPLGAME-26MAR03BOUBRE-TIE,20260303-BOU-BRE,Bournemouth,Brentford,D,1772566200,yes,340875.0,0.26,0.27,0.26,0.27
KXEPLGAME-26MAR03BOUBRE-BRE,20260303-BOU-BRE,Bournemouth,Brentford,A,1772566200,no,405797.0,0.35,0.36,0.36,0.37
KXEPLGAME-26MAR03BOUBRE-BOU,20260303-BOU-BRE,Bournemouth,Brentford,H,1772566200,no,283038.0,0.38,0.39,0.36,0.37
KXEPLGAME-26MAR03EVEBUR-TIE,20260303-EVE-BUR,Everton,Burnley,D,1772566200,no,74968.0,0.23,0.24,0.24,0.25
KXEPLGAME-26MAR03EVEBUR-EVE,20260303-EVE-BUR,Everton,Burnley,H,1772566200,yes,561232.0,0.6,0.61,0.6,0.61
KXEPLGAME-26MAR03EVEBUR-BUR,20260303-EVE-BUR,Everton,Burnley,A,1772566200,no,227552.0,0.15,0.17,0.16,0.17
KXEPLGAME-26MAR01ARSCFC-TIE,20260301-ARS-CHE,Arsenal,Chelsea,D,1772382600,no,841246.0,0.22,0.23,0.21,0.22
KXEPLGAME-26MAR01ARSCFC-CFC,20260301-ARS-CHE,Arsenal,Chelsea,A,1772382600,no,2138334.0,0.16,0.17,0.16,0.17
KXEPLGAME-26MAR01ARSCFC-ARS,20260301-ARS-CHE,Arsenal,Chelsea,H,1772382600,yes,2229958.0,0.6,0.61,0.62,0.63
KXEPLGAME-26MAR01MUNCRY-TIE,20260301-MUN-CRY,Man United,Crystal Palace,D,1772373600,no,518361.0,0.2,0.21,0.2,0.21
KXEPLGAME-26MAR01MUNCRY-MUN,20260301-MUN-CRY,Man United,Crystal Palace,H,1772373600,yes,2061076.0,0.64,0.65,0.64,0.65
KXEPLGAME-26MAR01MUNCRY-CRY,20260301-MUN-CRY,Man United,Crystal Palace,A,1772373600,no,656730.0,0.14,0.15,0.14,0.15
KXEPLGAME-26MAR01FULTOT-TOT,20260301-FUL-TOT,Fulham,Tottenham,A,1772373600,no,511858.0,0.27,0.28,0.26,0.27
KXEPLGAME-26MAR01FULTOT-TIE,20260301-FUL-TOT,Fulham,Tottenham,D,1772373600,no,255809.0,0.25,0.26,0.25,0.26
KXEPLGAME-26MAR01FULTOT-FUL,20260301-FUL-TOT,Fulham,Tottenham,H,1772373600,yes,737357.0,0.47,0.48,0.48,0.49
KXEPLGAME-26MAR01BRINFO-TIE,20260301-BHA-NFO,Brighton,Nott'm Forest,D,1772373600,no,108256.0,0.26,0.28,0.28,0.29
KXEPLGAME-26MAR01BRINFO-NFO,20260301-BHA-NFO,Brighton,Nott'm Forest,A,1772373600,no,126304.0,0.26,0.27,0.26,0.27
KXEPLGAME-26MAR01BRINFO-BRI,20260301-BHA-NFO,Brighton,Nott'm Forest,H,1772373600,yes,236477.0,0.47,0.48,0.44,0.45
KXEPLGAME-26FEB28LEEMCI-TIE,20260228-LEE-MCI,Leeds,Man City,D,1772299800,no,298858.0,0.21,0.22,0.23,0.24
KXEPLGAME-26FEB28LEEMCI-MCI,20260228-LEE-MCI,Leeds,Man City,A,1772299800,yes,2817015.0,0.6,0.61,0.58,0.59
KXEPLGAME-26FEB28LEEMCI-LEE,20260228-LEE-MCI,Leeds,Man City,H,1772299800,no,581755.0,0.17,0.18,0.18,0.19
KXEPLGAME-26FEB28NEWEVE-TIE,20260228-NEW-EVE,Newcastle,Everton,D,1772290800,no,320912.0,0.22,0.23,0.24,0.25
KXEPLGAME-26FEB28NEWEVE-NEW,20260228-NEW-EVE,Newcastle,Everton,H,1772290800,no,642203.0,0.56,0.58,0.54,0.55
KXEPLGAME-26FEB28NEWEVE-EVE,20260228-NEW-EVE,Newcastle,Everton,A,1772290800,yes,656626.0,0.2,0.21,0.21,0.22
KXEPLGAME-26FEB28BURBRE-TIE,20260228-BUR-BRE,Burnley,Brentford,D,1772290800,no,664908.0,0.23,0.24,0.24,0.25
KXEPLGAME-26FEB28BURBRE-BUR,20260228-BUR-BRE,Burnley,Brentford,H,1772290800,no,367945.0,0.19,0.2,0.21,0.22
KXEPLGAME-26FEB28BURBRE-BRE,20260228-BUR-BRE,Burnley,Brentford,A,1772290800,yes,821772.0,0.56,0.57,0.54,0.55
KXEPLGAME-26FEB28LFCWHU-WHU,20260228-LIV-WHU,Liverpool,West Ham,A,1772290800,no,248421.0,0.13,0.14,0.13,0.14
KXEPLGAME-26FEB28LFCWHU-TIE,20260228-LIV-WHU,Liverpool,West Ham,D,1772290800,no,109709.0,0.18,0.19,0.18,0.19
KXEPLGAME-26FEB28LFCWHU-LFC,20260228-LIV-WHU,Liverpool,West Ham,H,1772290800,yes,1121021.0,0.69,0.7,0.68,0.69
KXEPLGAME-26FEB28BOUSUN-TIE,20260228-BOU-SUN,Bournemouth,Sunderland,D,1772281800,yes,346285.0,0.24,0.25,0.24,0.25
KXEPLGAME-26FEB28BOUSUN-SUN,20260228-BOU-SUN,Bournemouth,Sunderland,A,1772281800,no,393077.0,0.21,0.22,0.2,0.21
KXEPLGAME-26FEB28BOUSUN-BOU,20260228-BOU-SUN,Bournemouth,Sunderland,H,1772281800,no,513231.0,0.54,0.55,0.55,0.56
KXEPLGAME-26FEB27WOLAVL-WOL,20260227-WOL-AVL,Wolves,Aston Villa,H,1772222400,yes,882586.0,0.22,0.23,0.2,0.21
KXEPLGAME-26FEB27WOLAVL-TIE,20260227-WOL-AVL,Wolves,Aston Villa,D,1772222400,no,428541.0,0.25,0.26,0.25,0.26
KXEPLGAME-26FEB27WOLAVL-AVL,20260227-WOL-AVL,Wolves,Aston Villa,A,1772222400,no,2284635.0,0.51,0.52,0.55,0.56
KXEPLGAME-26FEB23EVEMUN-TIE,20260223-EVE-MUN,Everton,Man United,D,1771876800,no,570310.0,0.24,0.25,0.26,0.27
KXEPLGAME-26FEB23EVEMUN-MUN,20260223-EVE-MUN,Everton,Man United,A,1771876800,yes,3490079.0,0.5,0.52,0.48,0.49
KXEPLGAME-26FEB23EVEMUN-EVE,20260223-EVE-MUN,Everton,Man United,H,1771876800,no,596895.0,0.24,0.25,0.25,0.26
KXEPLGAME-26FEB22TOTARS-TOT,20260222-TOT-ARS,Tottenham,Arsenal,H,1771777800,no,1355516.0,0.15,0.16,0.12,0.13
KXEPLGAME-26FEB22TOTARS-TIE,20260222-TOT-ARS,Tottenham,Arsenal,D,1771777800,no,472460.0,0.22,0.23,0.21,0.22
KXEPLGAME-26FEB22TOTARS-ARS,20260222-TOT-ARS,Tottenham,Arsenal,A,1771777800,yes,1500110.0,0.61,0.62,0.66,0.67
KXEPLGAME-26FEB22SUNFUL-TIE,20260222-SUN-FUL,Sunderland,Fulham,D,1771768800,no,107669.0,0.29,0.3,0.3,0.31
KXEPLGAME-26FEB22SUNFUL-SUN,20260222-SUN-FUL,Sunderland,Fulham,H,1771768800,no,202813.0,0.35,0.36,0.33,0.34
KXEPLGAME-26FEB22SUNFUL-FUL,20260222-SUN-FUL,Sunderland,Fulham,A,1771768800,yes,201613.0,0.34,0.35,0.36,0.37
KXEPLGAME-26FEB22NFOLFC-TIE,20260222-NFO-LIV,Nott'm Forest,Liverpool,D,1771768800,no,270495.0,0.23,0.24,0.25,0.26
KXEPLGAME-26FEB22NFOLFC-NFO,20260222-NFO-LIV,Nott'm Forest,Liverpool,H,1771768800,no,228001.0,0.22,0.23,0.23,0.24
KXEPLGAME-26FEB22NFOLFC-LFC,20260222-NFO-LIV,Nott'm Forest,Liverpool,A,1771768800,yes,1722177.0,0.52,0.54,0.5,0.52
KXEPLGAME-26FEB22CRYWOL-WOL,20260222-CRY-WOL,Crystal Palace,Wolves,A,1771768800,no,239819.0,0.18,0.19,0.2,0.21
KXEPLGAME-26FEB22CRYWOL-TIE,20260222-CRY-WOL,Crystal Palace,Wolves,D,1771768800,no,161228.0,0.23,0.24,0.25,0.26
KXEPLGAME-26FEB22CRYWOL-CRY,20260222-CRY-WOL,Crystal Palace,Wolves,H,1771768800,yes,459385.0,0.58,0.59,0.54,0.55
KXEPLGAME-26FEB18WOLARS-WOL,20260218-WOL-ARS,Wolves,Arsenal,H,1771444800,no,750429.0,0.07,0.08,0.07,0.08
KXEPLGAME-26FEB18WOLARS-TIE,20260218-WOL-ARS,Wolves,Arsenal,D,1771444800,yes,540349.0,0.15,0.16,0.15,0.16
KXEPLGAME-26FEB18WOLARS-ARS,20260218-WOL-ARS,Wolves,Arsenal,A,1771444800,no,2109810.0,0.76,0.77,0.77,0.78
KXEPLGAME-26FEB21MCINEW-TIE,20260221-MCI-NEW,Man City,Newcastle,D,1771704000,no,343497.0,0.18,0.19,0.19,0.2
KXEPLGAME-26FEB21MCINEW-NEW,20260221-MCI-NEW,Man City,Newcastle,A,1771704000,no,686307.0,0.16,0.17,0.16,0.17
KXEPLGAME-26FEB21MCINEW-MCI,20260221-MCI-NEW,Man City,Newcastle,H,1771704000,yes,2178638.0,0.65,0.66,0.65,0.66
KXEPLGAME-26FEB21WHUBOU-WHU,20260221-WHU-BOU,West Ham,Bournemouth,H,1771695000,no,311861.0,0.38,0.39,0.36,0.37
KXEPLGAME-26FEB21WHUBOU-TIE,20260221-WHU-BOU,West Ham,Bournemouth,D,1771695000,yes,201726.0,0.25,0.26,0.26,0.27
KXEPLGAME-26FEB21WHUBOU-BOU,20260221-WHU-BOU,West Ham,Bournemouth,A,1771695000,no,239648.0,0.35,0.37,0.37,0.38
KXEPLGAME-26FEB21CFCBUR-TIE,20260221-CHE-BUR,Chelsea,Burnley,D,1771686000,yes,318054.0,0.11,0.12,0.13,0.14
KXEPLGAME-26FEB21CFCBUR-CFC,20260221-CHE-BUR,Chelsea,Burnley,H,1771686000,no,982547.0,0.81,0.82,0.79,0.8
KXEPLGAME-26FEB21CFCBUR-BUR,20260221-CHE-BUR,Chelsea,Burnley,A,1771686000,no,396548.0,,,,
KXEPLGAME-26FEB21AVLLEE-TIE,20260221-AVL-LEE,Aston Villa,Leeds,D,1771686000,yes,351612.0,0.25,0.26,0.25,0.26
KXEPLGAME-26FEB21AVLLEE-LEE,20260221-AVL-LEE,Aston Villa,Leeds,A,1771686000,no,498776.0,0.2,0.21,0.21,0.22
KXEPLGAME-26FEB21AVLLEE-AVL,20260221-AVL-LEE,Aston Villa,Leeds,H,1771686000,no,1111612.0,0.52,0.54,0.52,0.54
KXEPLGAME-26FEB21BREBRI-TIE,20260221-BRE-BHA,Brentford,Brighton,D,1771686000,no,86019.0,0.25,0.26,0.27,0.28
KXEPLGAME-26FEB21BREBRI-BRI,20260221-BRE-BHA,Brentford,Brighton,A,1771686000,yes,270633.0,0.27,0.28,0.29,0.3
KXEPLGAME-26FEB21BREBRI-BRE,20260221-BRE-BHA,Brentford,Brighton,H,1771686000,no,387269.0,0.47,0.48,0.43,0.44
KXEPLGAME-26FEB12BREARS-TIE,20260212-BRE-ARS,Brentford,Arsenal,D,1770926400,yes,815211.0,0.23,0.24,0.24,0.25
KXEPLGAME-26FEB12BREARS-BRE,20260212-BRE-ARS,Brentford,Arsenal,H,1770926400,no,792392.0,0.18,0.19,0.17,0.18
KXEPLGAME-26FEB12BREARS-ARS,20260212-BRE-ARS,Brentford,Arsenal,A,1770926400,no,4338845.0,0.58,0.59,0.58,0.59
KXEPLGAME-26FEB11SUNLFC-TIE,20260211-SUN-LIV,Sunderland,Liverpool,D,1770840900,no,413039.0,0.24,0.25,0.25,0.26
KXEPLGAME-26FEB11SUNLFC-SUN,20260211-SUN-LIV,Sunderland,Liverpool,H,1770840900,no,526815.0,0.19,0.2,0.2,0.21
KXEPLGAME-26FEB11SUNLFC-LFC,20260211-SUN-LIV,Sunderland,Liverpool,A,1770840900,yes,1842224.0,0.55,0.57,0.54,0.55
KXEPLGAME-26FEB11CRYBUR-TIE,20260211-CRY-BUR,Crystal Palace,Burnley,D,1770838200,no,212489.0,0.21,0.22,0.22,0.23
KXEPLGAME-26FEB11CRYBUR-CRY,20260211-CRY-BUR,Crystal Palace,Burnley,H,1770838200,no,432932.0,0.64,0.65,0.63,0.65
KXEPLGAME-26FEB11CRYBUR-BUR,20260211-CRY-BUR,Crystal Palace,Burnley,A,1770838200,yes,448611.0,0.13,0.15,0.13,0.14
KXEPLGAME-26FEB11AVLBRI-TIE,20260211-AVL-BHA,Aston Villa,Brighton,D,1770838200,no,312067.0,0.26,0.27,0.25,0.26
KXEPLGAME-26FEB11AVLBRI-BRI,20260211-AVL-BHA,Aston Villa,Brighton,A,1770838200,no,215883.0,0.24,0.25,0.25,0.26
KXEPLGAME-26FEB11AVLBRI-AVL,20260211-AVL-BHA,Aston Villa,Brighton,H,1770838200,yes,1684761.0,,,,
KXEPLGAME-26FEB11MCIFUL-TIE,20260211-MCI-FUL,Man City,Fulham,D,1770838200,no,131001.0,0.16,0.17,0.17,0.18
KXEPLGAME-26FEB11MCIFUL-MCI,20260211-MCI-FUL,Man City,Fulham,H,1770838200,yes,1619575.0,,,,
KXEPLGAME-26FEB11MCIFUL-FUL,20260211-MCI-FUL,Man City,Fulham,A,1770838200,no,321811.0,0.1,0.11,0.1,0.12
KXEPLGAME-26FEB11NFOWOL-WOL,20260211-NFO-WOL,Nott'm Forest,Wolves,A,1770838200,no,195512.0,0.17,0.19,0.18,0.19
KXEPLGAME-26FEB11NFOWOL-TIE,20260211-NFO-WOL,Nott'm Forest,Wolves,D,1770838200,yes,190231.0,0.24,0.25,0.24,0.25
KXEPLGAME-26FEB11NFOWOL-NFO,20260211-NFO-WOL,Nott'm Forest,Wolves,H,1770838200,no,516537.0,0.57,0.58,0.56,0.58
KXEPLGAME-26FEB10WHUMUN-WHU,20260210-WHU-MUN,West Ham,Man United,H,1770754500,no,1311076.0,0.22,0.23,0.2,0.22
KXEPLGAME-26FEB10WHUMUN-TIE,20260210-WHU-MUN,West Ham,Man United,D,1770754500,yes,1034814.0,0.21,0.22,0.22,0.23
KXEPLGAME-26FEB10WHUMUN-MUN,20260210-WHU-MUN,West Ham,Man United,A,1770754500,no,4048960.0,0.56,0.57,0.56,0.57
KXEPLGAME-26FEB10TOTNEW-TOT,20260210-TOT-NEW,Tottenham,Newcastle,H,1770751800,no,659386.0,0.32,0.33,0.3,0.31
KXEPLGAME-26FEB10TOTNEW-TIE,20260210-TOT-NEW,Tottenham,Newcastle,D,1770751800,no,310283.0,0.27,0.28,0.26,0.27
KXEPLGAME-26FEB10TOTNEW-NEW,20260210-TOT-NEW,Tottenham,Newcastle,A,1770751800,yes,761341.0,0.41,0.42,0.43,0.45
KXEPLGAME-26FEB10EVEBOU-TIE,20260210-EVE-BOU,Everton,Bournemouth,D,1770751800,no,183062.0,0.28,0.29,0.28,0.29
KXEPLGAME-26FEB10EVEBOU-EVE,20260210-EVE-BOU,Everton,Bournemouth,H,1770751800,no,398566.0,0.4,0.41,0.39,0.4
KXEPLGAME-26FEB10EVEBOU-BOU,20260210-EVE-BOU,Everton,Bournemouth,A,1770751800,yes,411289.0,0.31,0.32,0.32,0.33
KXEPLGAME-26FEB10CFCLEE-TIE,20260210-CHE-LEE,Chelsea,Leeds,D,1770751800,yes,559363.0,0.2,0.21,0.2,0.21
KXEPLGAME-26FEB10CFCLEE-LEE,20260210-CHE-LEE,Chelsea,Leeds,A,1770751800,no,855615.0,0.15,0.16,0.15,0.16
KXEPLGAME-26FEB10CFCLEE-CFC,20260210-CHE-LEE,Chelsea,Leeds,H,1770751800,no,3367064.0,0.64,0.65,0.65,0.66
KXEPLGAME-26FEB08LFCMCI-TIE,20260208-LIV-MCI,Liverpool,Man City,D,1770568200,no,1053655.0,0.24,0.25,0.24,0.25
KXEPLGAME-26FEB08LFCMCI-MCI,20260208-LIV-MCI,Liverpool,Man City,A,1770568200,yes,2743466.0,0.34,0.35,0.31,0.32
KXEPLGAME-26FEB08LFCMCI-LFC,20260208-LIV-MCI,Liverpool,Man City,H,1770568200,no,1243227.0,0.41,0.42,0.44,0.45
KXEPLGAME-26FEB08BRICRY-TIE,20260208-BHA-CRY,Brighton,Crystal Palace,D,1770559200,no,215592.0,0.26,0.27,0.28,0.29
KXEPLGAME-26FEB08BRICRY-CRY,20260208-BHA-CRY,Brighton,Crystal Palace,A,1770559200,yes,256721.0,0.25,0.26,0.26,0.27
KXEPLGAME-26FEB08BRICRY-BRI,20260208-BHA-CRY,Brighton,Crystal Palace,H,1770559200,no,468464.0,0.48,0.49,0.44,0.45
KXEPLGAME-26FEB07NEWBRE-TIE,20260207-NEW-BRE,Newcastle,Brentford,D,1770485400,no,326784.0,0.26,0.27,0.26,0.27
KXEPLGAME-26FEB07NEWBRE-NEW,20260207-NEW-BRE,Newcastle,Brentford,H,1770485400,no,834494.0,0.47,0.48,0.46,0.47
KXEPLGAME-26FEB07NEWBRE-BRE,20260207-NEW-BRE,Newcastle,Brentford,A,1770485400,yes,767859.0,0.26,0.27,0.27,0.28
KXEPLGAME-26FEB07FULEVE-TIE,20260207-FUL-EVE,Fulham,Everton,D,1770476400,no,200974.0,0.29,0.3,0.29,0.3
KXEPLGAME-26FEB07FULEVE-FUL,20260207-FUL-EVE,Fulham,Everton,H,1770476400,no,176151.0,0.45,0.46,0.43,0.45
KXEPLGAME-26FEB07FULEVE-EVE,20260207-FUL-EVE,Fulham,Everton,A,1770476400,yes,206973.0,0.24,0.25,0.27,0.28
KXEPLGAME-26FEB07WOLCFC-WOL,20260207-WOL-CHE,Wolves,Chelsea,H,1770476400,no,211208.0,0.17,0.19,0.16,0.17
KXEPLGAME-26FEB07WOLCFC-TIE,20260207-WOL-CHE,Wolves,Chelsea,D,1770476400,no,79416.0,0.21,0.22,0.23,0.24
KXEPLGAME-26FEB07WOLCFC-CFC,20260207-WOL-CHE,Wolves,Chelsea,A,1770476400,yes,1389196.0,0.6,0.61,0.6,0.61
KXEPLGAME-26FEB07BURWHU-WHU,20260207-BUR-WHU,Burnley,West Ham,A,1770476400,yes,282255.0,0.44,0.45,0.43,0.44
KXEPLGAME-26FEB07BURWHU-TIE,20260207-BUR-WHU,Burnley,West Ham,D,1770476400,no,34409.0,0.26,0.27,0.26,0.27
KXEPLGAME-26FEB07BURWHU-BUR,20260207-BUR-WHU,Burnley,West Ham,H,1770476400,no,38717.0,0.27,0.29,0.29,0.3
KXEPLGAME-26FEB07ARSSUN-TIE,20260207-ARS-SUN,Arsenal,Sunderland,D,1770476400,no,245743.0,0.12,0.13,0.15,0.16
KXEPLGAME-26FEB07ARSSUN-SUN,20260207-ARS-SUN,Arsenal,Sunderland,A,1770476400,no,363782.0,0.05,0.06,0.07,0.08
KXEPLGAME-26FEB07ARSSUN-ARS,20260207-ARS-SUN,Arsenal,Sunderland,H,1770476400,yes,770354.0,0.8,0.81,0.76,0.77
KXEPLGAME-26FEB07MUNTOT-TOT,20260207-MUN-TOT,Man United,Tottenham,A,1770467400,no,577549.0,0.18,0.19,0.19,0.2
KXEPLGAME-26FEB07MUNTOT-TIE,20260207-MUN-TOT,Man United,Tottenham,D,1770467400,no,266060.0,0.19,0.2,0.21,0.22
KXEPLGAME-26FEB07MUNTOT-MUN,20260207-MUN-TOT,Man United,Tottenham,H,1770467400,yes,857168.0,0.62,0.63,0.6,0.61
KXEPLGAME-26FEB07BOUAVL-TIE,20260207-BOU-AVL,Bournemouth,Aston Villa,D,1770476400,yes,255466.0,0.25,0.26,0.26,0.27
KXEPLGAME-26FEB07BOUAVL-BOU,20260207-BOU-AVL,Bournemouth,Aston Villa,H,1770476400,no,263806.0,0.35,0.36,0.33,0.34
KXEPLGAME-26FEB07BOUAVL-AVL,20260207-BOU-AVL,Bournemouth,Aston Villa,A,1770476400,no,840633.0,0.38,0.39,0.39,0.41
KXEPLGAME-26FEB06LEENFO-TIE,20260206-LEE-NFO,Leeds,Nott'm Forest,D,1770408000,no,138591.0,0.28,0.29,0.28,0.29
KXEPLGAME-26FEB06LEENFO-NFO,20260206-LEE-NFO,Leeds,Nott'm Forest,A,1770408000,no,475508.0,0.27,0.28,0.27,0.28
KXEPLGAME-26FEB06LEENFO-LEE,20260206-LEE-NFO,Leeds,Nott'm Forest,H,1770408000,yes,724093.0,0.43,0.44,0.44,0.45
KXEPLGAME-26FEB02SUNBUR-TIE,20260202-SUN-BUR,Sunderland,Burnley,D,1770062400,no,134272.0,0.27,0.28,0.27,0.28
KXEPLGAME-26FEB02SUNBUR-SUN,20260202-SUN-BUR,Sunderland,Burnley,H,1770062400,yes,593996.0,0.55,0.56,0.52,0.53
KXEPLGAME-26FEB02SUNBUR-BUR,20260202-SUN-BUR,Sunderland,Burnley,A,1770062400,no,244054.0,0.17,0.18,0.19,0.2
KXEPLGAME-26FEB01TOTMCI-TOT,20260201-TOT-MCI,Tottenham,Man City,H,1769963400,no,946123.0,0.2,0.21,0.19,0.2
KXEPLGAME-26FEB01TOTMCI-TIE,20260201-TOT-MCI,Tottenham,Man City,D,1769963400,yes,567618.0,0.23,0.24,0.22,0.23
KXEPLGAME-26FEB01TOTMCI-MCI,20260201-TOT-MCI,Tottenham,Man City,A,1769963400,no,1868773.0,0.56,0.57,0.58,0.59
KXEPLGAME-26FEB01NFOCRY-TIE,20260201-NFO-CRY,Nott'm Forest,Crystal Palace,D,1769954400,yes,108619.0,0.26,0.27,0.28,0.29
KXEPLGAME-26FEB01NFOCRY-NFO,20260201-NFO-CRY,Nott'm Forest,Crystal Palace,H,1769954400,no,182825.0,0.48,0.49,0.46,0.47
KXEPLGAME-26FEB01NFOCRY-CRY,20260201-NFO-CRY,Nott'm Forest,Crystal Palace,A,1769954400,no,269880.0,0.23,0.25,0.24,0.25
KXEPLGAME-26JAN31WOLBOU-WOL,20260131-WOL-BOU,Wolves,Bournemouth,H,1769871600,no,131175.0,0.31,0.32,0.32,0.33
KXEPLGAME-26JAN31WOLBOU-TIE,20260131-WOL-BOU,Wolves,Bournemouth,D,1769871600,no,100579.0,0.26,0.27,0.27,0.29
KXEPLGAME-26JAN31WOLBOU-BOU,20260131-WOL-BOU,Wolves,Bournemouth,A,1769871600,yes,575788.0,0.41,0.42,0.41,0.42
KXEPLGAME-26JAN31LFCNEW-TIE,20260131-LIV-NEW,Liverpool,Newcastle,D,1769889600,no,325098.0,0.23,0.24,0.22,0.23
KXEPLGAME-26JAN31LFCNEW-NEW,20260131-LIV-NEW,Liverpool,Newcastle,A,1769889600,no,626662.0,0.22,0.23,0.18,0.19
KXEPLGAME-26JAN31LFCNEW-LFC,20260131-LIV-NEW,Liverpool,Newcastle,H,1769889600,yes,1097655.0,0.53,0.54,0.57,0.58
KXEPLGAME-26FEB01MUNFUL-TIE,20260201-MUN-FUL,Man United,Fulham,D,1769954400,no,276178.0,0.2,0.21,0.2,0.22
KXEPLGAME-26FEB01MUNFUL-MUN,20260201-MUN-FUL,Man United,Fulham,H,1769954400,yes,1205511.0,0.62,0.63,0.61,0.62
KXEPLGAME-26FEB01MUNFUL-FUL,20260201-MUN-FUL,Man United,Fulham,A,1769954400,no,330761.0,0.17,0.18,0.17,0.18
KXEPLGAME-26FEB01AVLBRE-TIE,20260201-AVL-BRE,Aston Villa,Brentford,D,1769954400,no,239083.0,0.27,0.28,0.27,0.28
KXEPLGAME-26FEB01AVLBRE-BRE,20260201-AVL-BRE,Aston Villa,Brentford,A,1769954400,yes,503763.0,0.26,0.27,0.28,0.29
KXEPLGAME-26FEB01AVLBRE-AVL,20260201-AVL-BRE,Aston Villa,Brentford,H,1769954400,no,1600112.0,0.47,0.48,0.44,0.45
KXEPLGAME-26JAN31CFCWHU-WHU,20260131-CHE-WHU,Chelsea,West Ham,A,1769880600,no,586390.0,0.14,0.15,0.17,0.18
KXEPLGAME-26JAN31CFCWHU-TIE,20260131-CHE-WHU,Chelsea,West Ham,D,1769880600,no,508793.0,0.2,0.21,0.2,0.21
KXEPLGAME-26JAN31CFCWHU-CFC,20260131-CHE-WHU,Chelsea,West Ham,H,1769880600,yes,2398552.0,0.65,0.66,0.62,0.63
KXEPLGAME-26JAN25ARSMUN-TIE,20260125-ARS-MUN,Arsenal,Man United,D,1769358600,no,923447.0,0.22,0.23,0.21,0.22
KXEPLGAME-26JAN25ARSMUN-MUN,20260125-ARS-MUN,Arsenal,Man United,A,1769358600,yes,3041994.0,0.15,0.16,0.17,0.18
KXEPLGAME-26JAN25ARSMUN-ARS,20260125-ARS-MUN,Arsenal,Man United,H,1769358600,no,1782402.0,0.61,0.62,0.61,0.63
KXEPLGAME-26JAN25BRENFO-TIE,20260125-BRE-NFO,Brentford,Nott'm Forest,D,1769349600,no,94917.0,0.25,0.27,0.27,0.28
KXEPLGAME-26JAN25BRENFO-NFO,20260125-BRE-NFO,Brentford,Nott'm Forest,A,1769349600,yes,247592.0,0.21,0.22,0.21,0.22
KXEPLGAME-26JAN25BRENFO-BRE,20260125-BRE-NFO,Brentford,Nott'm Forest,H,1769349600,no,299076.0,0.52,0.53,0.52,0.53
KXEPLGAME-26JAN25NEWAVL-TIE,20260125-NEW-AVL,Newcastle,Aston Villa,D,1769349600,no,134494.0,0.26,0.27,0.26,0.28
KXEPLGAME-26JAN25NEWAVL-NEW,20260125-NEW-AVL,Newcastle,Aston Villa,H,1769349600,no,274878.0,0.47,0.48,0.45,0.46
KXEPLGAME-26JAN25NEWAVL-AVL,20260125-NEW-AVL,Newcastle,Aston Villa,A,1769349600,yes,642568.0,0.26,0.27,0.28,0.29
KXEPLGAME-26JAN31LEEARS-TIE,20260131-LEE-ARS,Leeds,Arsenal,D,1769871600,no,74888.0,0.21,0.22,0.22,0.23
KXEPLGAME-26JAN31LEEARS-LEE,20260131-LEE-ARS,Leeds,Arsenal,H,1769871600,no,244637.0,0.14,0.15,0.13,0.14
KXEPLGAME-26JAN31LEEARS-ARS,20260131-LEE-ARS,Leeds,Arsenal,A,1769871600,yes,1547348.0,0.63,0.64,0.63,0.64
KXEPLGAME-26JAN26EVELEE-TIE,20260126-EVE-LEE,Everton,Leeds,D,1769457600,yes,324758.0,0.29,0.31,0.3,0.31
KXEPLGAME-26JAN26EVELEE-LEE,20260126-EVE-LEE,Everton,Leeds,A,1769457600,no,493094.0,0.31,0.32,0.32,0.33
KXEPLGAME-26JAN26EVELEE-EVE,20260126-EVE-LEE,Everton,Leeds,H,1769457600,no,962094.0,0.38,0.39,0.38,0.39
KXEPLGAME-26JAN31BRIEVE-TIE,20260131-BHA-EVE,Brighton,Everton,D,1769871600,yes,204638.0,0.26,0.27,0.26,0.28
KXEPLGAME-26JAN31BRIEVE-EVE,20260131-BHA-EVE,Brighton,Everton,A,1769871600,no,229907.0,0.22,0.23,0.23,0.24
KXEPLGAME-26JAN31BRIEVE-BRI,20260131-BHA-EVE,Brighton,Everton,H,1769871600,no,383390.0,0.51,0.52,0.5,0.51
KXEPLGAME-26JAN25CRYCFC-TIE,20260125-CRY-CHE,Crystal Palace,Chelsea,D,1769349600,no,98545.0,0.25,0.26,0.26,0.27
KXEPLGAME-26JAN25CRYCFC-CRY,20260125-CRY-CHE,Crystal Palace,Chelsea,H,1769349600,no,102161.0,0.26,0.27,0.28,0.29
KXEPLGAME-26JAN25CRYCFC-CFC,20260125-CRY-CHE,Crystal Palace,Chelsea,A,1769349600,yes,902469.0,0.48,0.49,0.44,0.46
KXEPLGAME-26JAN24BOULFC-TIE,20260124-BOU-LIV,Bournemouth,Liverpool,D,1769275800,no,504177.0,0.25,0.26,0.24,0.25
KXEPLGAME-26JAN24BOULFC-LFC,20260124-BOU-LIV,Bournemouth,Liverpool,A,1769275800,no,1348365.0,0.5,0.52,0.52,0.53
KXEPLGAME-26JAN24BOULFC-BOU,20260124-BOU-LIV,Bournemouth,Liverpool,H,1769275800,yes,623678.0,0.24,0.25,0.23,0.24
KXEPLGAME-26JAN24FULBRI-TIE,20260124-FUL-BHA,Fulham,Brighton,D,1769266800,no,298348.0,0.27,0.29,0.28,0.29
KXEPLGAME-26JAN24FULBRI-FUL,20260124-FUL-BHA,Fulham,Brighton,H,1769266800,yes,285081.0,0.36,0.38,0.36,0.38
KXEPLGAME-26JAN24FULBRI-BRI,20260124-FUL-BHA,Fulham,Brighton,A,1769266800,no,217009.0,0.34,0.36,0.33,0.35
KXEPLGAME-26JAN24MCIWOL-WOL,20260124-MCI-WOL,Man City,Wolves,A,1769266800,no,211312.0,0.07,0.08,0.09,0.1
KXEPLGAME-26JAN24MCIWOL-TIE,20260124-MCI-WOL,Man City,Wolves,D,1769266800,no,95459.0,0.13,0.14,0.15,0.16
KXEPLGAME-26JAN24MCIWOL-MCI,20260124-MCI-WOL,Man City,Wolves,H,1769266800,yes,465841.0,0.79,0.8,0.75,0.76
KXEPLGAME-26JAN24BURTOT-TOT,20260124-BUR-TOT,Burnley,Tottenham,A,1769266800,no,953745.0,0.46,0.48,0.45,0.46
KXEPLGAME-26JAN24BURTOT-TIE,20260124-BUR-TOT,Burnley,Tottenham,D,1769266800,yes,311049.0,0.27,0.29,0.28,0.29
KXEPLGAME-26JAN24BURTOT-BUR,20260124-BUR-TOT,Burnley,Tottenham,H,1769266800,no,290388.0,0.25,0.26,0.25,0.26
KXEPLGAME-26JAN24WHUSUN-WHU,20260124-WHU-SUN,West Ham,Sunderland,H,1769257800,yes,296651.0,0.37,0.39,0.39,0.4
KXEPLGAME-26JAN24WHUSUN-TIE,20260124-WHU-SUN,West Ham,Sunderland,D,1769257800,no,128276.0,0.29,0.31,0.29,0.3
KXEPLGAME-26JAN24WHUSUN-SUN,20260124-WHU-SUN,West Ham,Sunderland,A,1769257800,no,282281.0,0.32,0.33,0.32,0.33
KXEPLGAME-26JAN19BRIBOU-TIE,20260119-BHA-BOU,Brighton,Bournemouth,D,1768852800,yes,231241.0,0.23,0.24,0.24,0.25
KXEPLGAME-26JAN19BRIBOU-BRI,20260119-BHA-BOU,Brighton,Bournemouth,H,1768852800,no,423911.0,0.52,0.53,0.49,0.5
KXEPLGAME-26JAN19BRIBOU-BOU,20260119-BHA-BOU,Brighton,Bournemouth,A,1768852800,no,296478.0,0.23,0.24,0.25,0.27
KXEPLGAME-26JAN18AVLEVE-TIE,20260118-AVL-EVE,Aston Villa,Everton,D,1768753800,no,300745.0,0.24,0.25,0.23,0.24
KXEPLGAME-26JAN18AVLEVE-EVE,20260118-AVL-EVE,Aston Villa,Everton,A,1768753800,yes,502078.0,0.16,0.18,0.15,0.16
KXEPLGAME-26JAN18AVLEVE-AVL,20260118-AVL-EVE,Aston Villa,Everton,H,1768753800,no,851876.0,0.58,0.59,0.6,0.61
KXEPLGAME-26JAN18WOLNEW-WOL,20260118-WOL-NEW,Wolves,Newcastle,H,1768744800,no,248116.0,0.2,0.22,0.2,0.21
KXEPLGAME-26JAN18WOLNEW-TIE,20260118-WOL-NEW,Wolves,Newcastle,D,1768744800,yes,257218.0,0.23,0.25,0.24,0.25
KXEPLGAME-26JAN18WOLNEW-NEW,20260118-WOL-NEW,Wolves,Newcastle,A,1768744800,no,675932.0,0.56,0.57,0.56,0.57
KXEPLGAME-26JAN17LEEFUL-TIE,20260117-LEE-FUL,Leeds,Fulham,D,1768662000,no,93667.0,0.28,0.29,0.28,0.29
KXEPLGAME-26JAN17LEEFUL-LEE,20260117-LEE-FUL,Leeds,Fulham,H,1768662000,yes,190545.0,0.43,0.44,0.43,0.44
KXEPLGAME-26JAN17LEEFUL-FUL,20260117-LEE-FUL,Leeds,Fulham,A,1768662000,no,275756.0,0.26,0.28,0.27,0.28
KXEPLGAME-26JAN17LFCBUR-TIE,20260117-LIV-BUR,Liverpool,Burnley,D,1768662000,yes,300916.0,0.13,0.14,0.13,0.14
KXEPLGAME-26JAN17LFCBUR-LFC,20260117-LIV-BUR,Liverpool,Burnley,H,1768662000,no,543185.0,0.79,0.8,0.8,0.81
KXEPLGAME-26JAN17LFCBUR-BUR,20260117-LIV-BUR,Liverpool,Burnley,A,1768662000,no,312254.0,0.06,0.08,0.06,0.07
KXEPLGAME-26JAN17NFOARS-TIE,20260117-NFO-ARS,Nott'm Forest,Arsenal,D,1768671000,yes,246935.0,0.21,0.22,0.22,0.23
KXEPLGAME-26JAN17NFOARS-NFO,20260117-NFO-ARS,Nott'm Forest,Arsenal,H,1768671000,no,364123.0,0.14,0.15,0.14,0.15
KXEPLGAME-26JAN17NFOARS-ARS,20260117-NFO-ARS,Nott'm Forest,Arsenal,A,1768671000,no,2111128.0,0.64,0.65,0.63,0.64
KXEPLGAME-26JAN17TOTWHU-WHU,20260117-TOT-WHU,Tottenham,West Ham,A,1768662000,yes,327763.0,0.19,0.21,0.2,0.21
KXEPLGAME-26JAN17TOTWHU-TOT,20260117-TOT-WHU,Tottenham,West Ham,H,1768662000,no,461562.0,0.55,0.57,0.54,0.55
KXEPLGAME-26JAN17TOTWHU-TIE,20260117-TOT-WHU,Tottenham,West Ham,D,1768662000,no,227386.0,0.23,0.25,0.24,0.25
KXEPLGAME-26JAN17SUNCRY-TIE,20260117-SUN-CRY,Sunderland,Crystal Palace,D,1768662000,no,94919.0,0.29,0.31,0.3,0.31
KXEPLGAME-26JAN17SUNCRY-SUN,20260117-SUN-CRY,Sunderland,Crystal Palace,H,1768662000,yes,229221.0,0.36,0.37,0.4,0.41
KXEPLGAME-26JAN17SUNCRY-CRY,20260117-SUN-CRY,Sunderland,Crystal Palace,A,1768662000,no,91457.0,0.33,0.34,0.29,0.31
KXEPLGAME-26JAN17CFCBRE-TIE,20260117-CHE-BRE,Chelsea,Brentford,D,1768662000,no,111074.0,0.23,0.24,0.24,0.25
KXEPLGAME-26JAN17CFCBRE-CFC,20260117-CHE-BRE,Chelsea,Brentford,H,1768662000,yes,649620.0,0.56,0.57,0.52,0.53
KXEPLGAME-26JAN17CFCBRE-BRE,20260117-CHE-BRE,Chelsea,Brentford,A,1768662000,no,270352.0,0.19,0.2,0.23,0.24
KXEPLGAME-26JAN17MUNMCI-TIE,20260117-MUN-MCI,Man United,Man City,D,1768653000,no,329075.0,0.23,0.24,0.24,0.25
KXEPLGAME-26JAN17MUNMCI-MUN,20260117-MUN-MCI,Man United,Man City,H,1768653000,yes,549202.0,0.25,0.27,0.26,0.27
KXEPLGAME-26JAN17MUNMCI-MCI,20260117-MUN-MCI,Man United,Man City,A,1768653000,no,2140613.0,0.5,0.51,0.49,0.5
KXEPLGAME-26JAN08ARSLFC-TIE,20260108-ARS-LIV,Arsenal,Liverpool,D,1767902400,yes,779468.0,0.21,0.22,0.22,0.23
KXEPLGAME-26JAN08ARSLFC-LFC,20260108-ARS-LIV,Arsenal,Liverpool,A,1767902400,no,1363849.0,0.15,0.16,0.15,0.17
KXEPLGAME-26JAN08ARSLFC-ARS,20260108-ARS-LIV,Arsenal,Liverpool,H,1767902400,no,1386057.0,0.62,0.64,0.63,0.64
KXEPLGAME-26JAN07MCIBRI-TIE,20260107-MCI-BHA,Man City,Brighton,D,1767814200,yes,291624.0,,,,
KXEPLGAME-26JAN07MCIBRI-MCI,20260107-MCI-BHA,Man City,Brighton,H,1767814200,no,1432933.0,0.7,0.71,0.66,0.67
KXEPLGAME-26JAN07MCIBRI-BRI,20260107-MCI-BHA,Man City,Brighton,A,1767814200,no,495843.0,0.12,0.13,0.14,0.15
KXEPLGAME-26JAN07NEWLEE-TIE,20260107-NEW-LEE,Newcastle,Leeds,D,1767816900,no,661298.0,0.23,0.26,0.24,0.25
KXEPLGAME-26JAN07NEWLEE-NEW,20260107-NEW-LEE,Newcastle,Leeds,H,1767816900,yes,614887.0,0.55,0.58,0.58,0.59
KXEPLGAME-26JAN07NEWLEE-LEE,20260107-NEW-LEE,Newcastle,Leeds,A,1767816900,no,579269.0,0.17,0.2,0.16,0.18
KXEPLGAME-26JAN07FULCFC-TIE,20260107-FUL-CHE,Fulham,Chelsea,D,1767814200,no,214939.0,0.25,0.27,0.24,0.25
KXEPLGAME-26JAN07FULCFC-FUL,20260107-FUL-CHE,Fulham,Chelsea,H,1767814200,yes,430205.0,0.26,0.29,0.24,0.26
KXEPLGAME-26JAN07FULCFC-CFC,20260107-FUL-CHE,Fulham,Chelsea,A,1767814200,no,711093.0,0.45,0.47,0.49,0.5
KXEPLGAME-26JAN07BURMUN-TIE,20260107-BUR-MUN,Burnley,Man United,D,1767816900,yes,664251.0,0.23,0.25,0.25,0.26
KXEPLGAME-26JAN07BURMUN-MUN,20260107-BUR-MUN,Burnley,Man United,A,1767816900,no,1338423.0,0.57,0.59,0.55,0.56
KXEPLGAME-26JAN07BURMUN-BUR,20260107-BUR-MUN,Burnley,Man United,H,1767816900,no,393597.0,0.18,0.2,0.17,0.18
KXEPLGAME-26JAN07CRYAVL-TIE,20260107-CRY-AVL,Crystal Palace,Aston Villa,D,1767814200,yes,195921.0,0.27,0.3,0.28,0.3
KXEPLGAME-26JAN07CRYAVL-CRY,20260107-CRY-AVL,Crystal Palace,Aston Villa,H,1767814200,no,207969.0,0.28,0.31,0.29,0.3
KXEPLGAME-26JAN07CRYAVL-AVL,20260107-CRY-AVL,Crystal Palace,Aston Villa,A,1767814200,no,1301033.0,0.41,0.44,0.41,0.42
KXEPLGAME-26JAN07EVEWOL-WOL,20260107-EVE-WOL,Everton,Wolves,A,1767814200,no,167621.0,0.18,0.2,0.19,0.2
KXEPLGAME-26JAN07EVEWOL-TIE,20260107-EVE-WOL,Everton,Wolves,D,1767814200,yes,149252.0,0.26,0.27,0.27,0.29
KXEPLGAME-26JAN07EVEWOL-EVE,20260107-EVE-WOL,Everton,Wolves,H,1767814200,no,359376.0,0.53,0.56,0.53,0.54
KXEPLGAME-26JAN07BRESUN-TIE,20260107-BRE-SUN,Brentford,Sunderland,D,1767814200,no,102644.0,0.25,0.28,0.26,0.27
KXEPLGAME-26JAN07BRESUN-SUN,20260107-BRE-SUN,Brentford,Sunderland,A,1767814200,no,147315.0,0.2,0.22,0.2,0.21
KXEPLGAME-26JAN07BRESUN-BRE,20260107-BRE-SUN,Brentford,Sunderland,H,1767814200,yes,183466.0,0.52,0.53,0.52,0.53
KXEPLGAME-26JAN07BOUTOT-TOT,20260107-BOU-TOT,Bournemouth,Tottenham,A,1767814200,no,541891.0,0.29,0.3,0.29,0.3
KXEPLGAME-26JAN07BOUTOT-TIE,20260107-BOU-TOT,Bournemouth,Tottenham,D,1767814200,no,251052.0,0.25,0.28,0.25,0.26
KXEPLGAME-26JAN07BOUTOT-BOU,20260107-BOU-TOT,Bournemouth,Tottenham,H,1767814200,yes,371909.0,0.43,0.46,0.44,0.45
KXEPLGAME-26JAN06WHUNFO-WHU,20260106-WHU-NFO,West Ham,Nott'm Forest,H,1767729600,no,827965.0,0.29,0.31,0.31,0.33
KXEPLGAME-26JAN06WHUNFO-TIE,20260106-WHU-NFO,West Ham,Nott'm Forest,D,1767729600,no,666891.0,0.27,0.29,0.29,0.3
KXEPLGAME-26JAN06WHUNFO-NFO,20260106-WHU-NFO,West Ham,Nott'm Forest,A,1767729600,yes,930218.0,0.41,0.42,0.4,0.41
KXEPLGAME-26JAN04MCICFC-TIE,20260104-MCI-CHE,Man City,Chelsea,D,1767547800,yes,376673.0,0.2,0.22,0.2,0.21
KXEPLGAME-26JAN04MCICFC-MCI,20260104-MCI-CHE,Man City,Chelsea,H,1767547800,no,972840.0,0.59,0.6,0.63,0.64
KXEPLGAME-26JAN04MCICFC-CFC,20260104-MCI-CHE,Man City,Chelsea,A,1767547800,no,523995.0,0.18,0.2,0.16,0.17
KXEPLGAME-26JAN04TOTSUN-TOT,20260104-TOT-SUN,Tottenham,Sunderland,H,1767538800,no,338976.0,0.52,0.54,0.49,0.51
KXEPLGAME-26JAN04TOTSUN-TIE,20260104-TOT-SUN,Tottenham,Sunderland,D,1767538800,yes,164152.0,0.25,0.27,0.27,0.29
KXEPLGAME-26JAN04TOTSUN-SUN,20260104-TOT-SUN,Tottenham,Sunderland,A,1767538800,no,188993.0,0.2,0.22,0.22,0.24
KXEPLGAME-26JAN04NEWCRY-TIE,20260104-NEW-CRY,Newcastle,Crystal Palace,D,1767538800,no,105365.0,0.23,0.25,0.23,0.25
KXEPLGAME-26JAN04NEWCRY-NEW,20260104-NEW-CRY,Newcastle,Crystal Palace,H,1767538800,yes,325559.0,0.57,0.6,0.56,0.58
KXEPLGAME-26JAN04NEWCRY-CRY,20260104-NEW-CRY,Newcastle,Crystal Palace,A,1767538800,no,107868.0,0.17,0.19,0.18,0.2
KXEPLGAME-26JAN04LEEMUN-TIE,20260104-LEE-MUN,Leeds,Man United,D,1767529800,yes,264569.0,0.26,0.29,0.28,0.29
KXEPLGAME-26JAN04LEEMUN-MUN,20260104-LEE-MUN,Leeds,Man United,A,1767529800,no,839804.0,0.34,0.36,0.35,0.37
KXEPLGAME-26JAN04LEEMUN-LEE,20260104-LEE-MUN,Leeds,Man United,H,1767529800,no,276021.0,0.36,0.39,0.35,0.36
KXEPLGAME-26JAN04FULLFC-TIE,20260104-FUL-LIV,Fulham,Liverpool,D,1767539700,yes,457728.0,0.25,0.27,0.25,0.27
KXEPLGAME-26JAN04FULLFC-LFC,20260104-FUL-LIV,Fulham,Liverpool,A,1767539700,no,1222795.0,0.49,0.5,0.51,0.53
KXEPLGAME-26JAN04FULLFC-FUL,20260104-FUL-LIV,Fulham,Liverpool,H,1767539700,no,499952.0,0.24,0.27,0.23,0.24
KXEPLGAME-26JAN04EVEBRE-TIE,20260104-EVE-BRE,Everton,Brentford,D,1767538800,no,82322.0,0.29,0.31,0.3,0.31
KXEPLGAME-26JAN04EVEBRE-EVE,20260104-EVE-BRE,Everton,Brentford,H,1767538800,no,199749.0,0.4,0.42,0.39,0.4
KXEPLGAME-26JAN04EVEBRE-BRE,20260104-EVE-BRE,Everton,Brentford,A,1767538800,yes,192054.0,0.27,0.3,0.3,0.31
KXEPLGAME-26JAN03BOUARS-TIE,20260103-BOU-ARS,Bournemouth,Arsenal,D,1767461400,no,352767.0,0.19,0.21,0.2,0.21
KXEPLGAME-26JAN03BOUARS-BOU,20260103-BOU-ARS,Bournemouth,Arsenal,H,1767461400,no,396102.0,0.14,0.16,0.13,0.14
KXEPLGAME-26JAN03BOUARS-ARS,20260103-BOU-ARS,Bournemouth,Arsenal,A,1767461400,yes,2115092.0,0.66,0.67,0.67,0.68
KXEPLGAME-26JAN03WOLWHU-WOL,20260103-WOL-WHU,Wolves,West Ham,H,1767452400,yes,409644.0,0.37,0.39,0.37,0.38
KXEPLGAME-26JAN03WOLWHU-WHU,20260103-WOL-WHU,Wolves,West Ham,A,1767452400,no,314243.0,0.33,0.35,0.33,0.35
KXEPLGAME-26JAN03WOLWHU-TIE,20260103-WOL-WHU,Wolves,West Ham,D,1767452400,no,125742.0,0.28,0.3,0.28,0.29
KXEPLGAME-26JAN03BRIBUR-TIE,20260103-BHA-BUR,Brighton,Burnley,D,1767452400,no,116328.0,0.21,0.22,0.2,0.21
KXEPLGAME-26JAN03BRIBUR-BUR,20260103-BHA-BUR,Brighton,Burnley,A,1767452400,no,101449.0,0.13,0.14,0.12,0.13
KXEPLGAME-26JAN03BRIBUR-BRI,20260103-BHA-BUR,Brighton,Burnley,H,1767452400,yes,231091.0,0.65,0.67,0.66,0.67
KXEPLGAME-26JAN03AVLNFO-TIE,20260103-AVL-NFO,Aston Villa,Nott'm Forest,D,1767443400,no,122018.0,0.24,0.26,0.26,0.28
KXEPLGAME-26JAN03AVLNFO-NFO,20260103-AVL-NFO,Aston Villa,Nott'm Forest,A,1767443400,no,153851.0,0.19,0.21,0.22,0.23
KXEPLGAME-26JAN03AVLNFO-AVL,20260103-AVL-NFO,Aston Villa,Nott'm Forest,H,1767443400,yes,1657666.0,0.54,0.56,0.51,0.52
KXEPLGAME-26JAN01SUNMCI-TIE,20260101-SUN-MCI,Sunderland,Man City,D,1767297600,yes,451941.0,0.17,0.19,0.18,0.19
KXEPLGAME-26JAN01SUNMCI-SUN,20260101-SUN-MCI,Sunderland,Man City,H,1767297600,no,288146.0,0.11,0.12,0.12,0.13
KXEPLGAME-26JAN01SUNMCI-MCI,20260101-SUN-MCI,Sunderland,Man City,A,1767297600,no,1872248.0,,,,
KXEPLGAME-26JAN01LFCLEE-TIE,20260101-LIV-LEE,Liverpool,Leeds,D,1767288600,yes,331075.0,0.2,0.22,0.21,0.23
KXEPLGAME-26JAN01LFCLEE-LFC,20260101-LIV-LEE,Liverpool,Leeds,H,1767288600,no,1284890.0,0.64,0.65,0.63,0.64
KXEPLGAME-26JAN01LFCLEE-LEE,20260101-LIV-LEE,Liverpool,Leeds,A,1767288600,no,288376.0,0.14,0.16,0.15,0.16
KXEPLGAME-26JAN01BRETOT-TOT,20260101-BRE-TOT,Brentford,Tottenham,A,1767297600,no,603336.0,0.29,0.31,0.32,0.33
KXEPLGAME-26JAN01BRETOT-TIE,20260101-BRE-TOT,Brentford,Tottenham,D,1767297600,yes,271177.0,0.27,0.28,0.27,0.28
KXEPLGAME-26JAN01BRETOT-BRE,20260101-BRE-TOT,Brentford,Tottenham,H,1767297600,no,279891.0,0.42,0.45,0.41,0.42
KXEPLGAME-26JAN01CRYFUL-TIE,20260101-CRY-FUL,Crystal Palace,Fulham,D,1767288600,yes,264031.0,0.27,0.3,0.28,0.29
KXEPLGAME-26JAN01CRYFUL-FUL,20260101-CRY-FUL,Crystal Palace,Fulham,A,1767288600,no,314381.0,0.27,0.29,0.27,0.28
KXEPLGAME-26JAN01CRYFUL-CRY,20260101-CRY-FUL,Crystal Palace,Fulham,H,1767288600,no,399325.0,0.43,0.45,0.45,0.46
KXEPLGAME-25DEC30MUNWOL-WOL,20251230-MUN-WOL,Man United,Wolves,A,1767125700,no,350204.0,0.09,0.11,0.11,0.12
KXEPLGAME-25DEC30MUNWOL-TIE,20251230-MUN-WOL,Man United,Wolves,D,1767125700,yes,577994.0,0.16,0.18,0.17,0.18
KXEPLGAME-25DEC30MUNWOL-MUN,20251230-MUN-WOL,Man United,Wolves,H,1767125700,no,1020841.0,0.72,0.74,0.71,0.72
KXEPLGAME-25DEC30ARSAVL-TIE,20251230-ARS-AVL,Arsenal,Aston Villa,D,1767125700,no,279341.0,0.21,0.22,0.18,0.21
KXEPLGAME-25DEC30ARSAVL-AVL,20251230-ARS-AVL,Arsenal,Aston Villa,A,1767125700,no,1434133.0,0.13,0.14,0.13,0.14
KXEPLGAME-25DEC30ARSAVL-ARS,20251230-ARS-AVL,Arsenal,Aston Villa,H,1767125700,yes,510075.0,0.65,0.67,0.66,0.68
KXEPLGAME-25DEC30NFOEVE-TIE,20251230-NFO-EVE,Nott'm Forest,Everton,D,1767123000,no,83549.0,0.28,0.3,0.28,0.3
KXEPLGAME-25DEC30NFOEVE-NFO,20251230-NFO-EVE,Nott'm Forest,Everton,H,1767123000,no,179368.0,0.44,0.47,0.46,0.48
KXEPLGAME-25DEC30NFOEVE-EVE,20251230-NFO-EVE,Nott'm Forest,Everton,A,1767123000,yes,527342.0,0.25,0.27,0.23,0.24
KXEPLGAME-25DEC30CFCBOU-TIE,20251230-CHE-BOU,Chelsea,Bournemouth,D,1767123000,yes,409787.0,,,,
KXEPLGAME-25DEC30CFCBOU-CFC,20251230-CHE-BOU,Chelsea,Bournemouth,H,1767123000,no,1755337.0,0.63,0.64,0.64,0.65
KXEPLGAME-25DEC30CFCBOU-BOU,20251230-CHE-BOU,Chelsea,Bournemouth,A,1767123000,no,288896.0,0.15,0.17,0.16,0.17
KXEPLGAME-25DEC30WHUBRI-WHU,20251230-WHU-BHA,West Ham,Brighton,H,1767123000,no,213991.0,0.29,0.31,0.27,0.28
KXEPLGAME-25DEC30WHUBRI-TIE,20251230-WHU-BHA,West Ham,Brighton,D,1767123000,yes,148270.0,0.26,0.28,0.25,0.27
KXEPLGAME-25DEC30WHUBRI-BRI,20251230-WHU-BHA,West Ham,Brighton,A,1767123000,no,295438.0,0.42,0.45,0.47,0.48
KXEPLGAME-25DEC30BURNEW-TIE,20251230-BUR-NEW,Burnley,Newcastle,D,1767123000,no,125198.0,0.22,0.24,0.23,0.24
KXEPLGAME-25DEC30BURNEW-NEW,20251230-BUR-NEW,Burnley,Newcastle,A,1767123000,yes,463310.0,0.6,0.62,0.61,0.63
KXEPLGAME-25DEC30BURNEW-BUR,20251230-BUR-NEW,Burnley,Newcastle,H,1767123000,no,166503.0,0.16,0.18,0.16,0.17
KXEPLGAME-25DEC28CRYTOT-TOT,20251228-CRY-TOT,Crystal Palace,Tottenham,A,1766939400,yes,1048511.0,0.27,0.29,0.29,0.3
KXEPLGAME-25DEC28CRYTOT-TIE,20251228-CRY-TOT,Crystal Palace,Tottenham,D,1766939400,no,325263.0,0.28,0.29,0.27,0.29
KXEPLGAME-25DEC28CRYTOT-CRY,20251228-CRY-TOT,Crystal Palace,Tottenham,H,1766939400,no,622460.0,0.43,0.45,0.42,0.44
KXEPLGAME-25DEC28SUNLEE-TIE,20251228-SUN-LEE,Sunderland,Leeds,D,1766930400,yes,425078.0,0.29,0.31,0.3,0.31
KXEPLGAME-25DEC28SUNLEE-SUN,20251228-SUN-LEE,Sunderland,Leeds,H,1766930400,no,921813.0,0.35,0.37,0.33,0.34
KXEPLGAME-25DEC28SUNLEE-LEE,20251228-SUN-LEE,Sunderland,Leeds,A,1766930400,no,609394.0,0.34,0.35,0.35,0.36
KXEPLGAME-25DEC27CFCAVL-TIE,20251227-CHE-AVL,Chelsea,Aston Villa,D,1766856600,no,496707.0,,,,
KXEPLGAME-25DEC27CFCAVL-CFC,20251227-CHE-AVL,Chelsea,Aston Villa,H,1766856600,no,948627.0,0.51,0.54,0.53,0.56
KXEPLGAME-25DEC27CFCAVL-AVL,20251227-CHE-AVL,Chelsea,Aston Villa,A,1766856600,yes,1402598.0,0.23,0.24,0.21,0.22
KXEPLGAME-25DEC27WHUFUL-WHU,20251227-WHU-FUL,West Ham,Fulham,H,1766847600,no,146307.0,0.35,0.37,0.35,0.36
KXEPLGAME-25DEC27WHUFUL-TIE,20251227-WHU-FUL,West Ham,Fulham,D,1766847600,no,174510.0,0.27,0.29,0.28,0.29
KXEPLGAME-25DEC27WHUFUL-FUL,20251227-WHU-FUL,West Ham,Fulham,A,1766847600,yes,419864.0,0.36,0.38,0.36,0.38
KXEPLGAME-25DEC27ARSBRI-TIE,20251227-ARS-BHA,Arsenal,Brighton,D,1766847600,no,128129.0,0.18,0.2,0.17,0.18
KXEPLGAME-25DEC27ARSBRI-BRI,20251227-ARS-BHA,Arsenal,Brighton,A,1766847600,no,257677.0,0.1,0.12,0.1,0.11
KXEPLGAME-25DEC27ARSBRI-ARS,20251227-ARS-BHA,Arsenal,Brighton,H,1766847600,yes,797693.0,0.7,0.72,0.72,0.73
KXEPLGAME-25DEC27LFCWOL-WOL,20251227-LIV-WOL,Liverpool,Wolves,A,1766847600,no,261717.0,0.07,0.09,0.06,0.08
KXEPLGAME-25DEC27LFCWOL-TIE,20251227-LIV-WOL,Liverpool,Wolves,D,1766847600,no,97033.0,0.12,0.14,0.12,0.14
KXEPLGAME-25DEC27LFCWOL-LFC,20251227-LIV-WOL,Liverpool,Wolves,H,1766847600,yes,564476.0,0.79,0.8,0.79,0.8
KXEPLGAME-25DEC27BUREVE-TIE,20251227-BUR-EVE,Burnley,Everton,D,1766847600,yes,118136.0,0.27,0.3,0.29,0.3
KXEPLGAME-25DEC27BUREVE-EVE,20251227-BUR-EVE,Burnley,Everton,A,1766847600,no,347072.0,0.48,0.49,0.42,0.44
KXEPLGAME-25DEC27BUREVE-BUR,20251227-BUR-EVE,Burnley,Everton,H,1766847600,no,79500.0,0.22,0.25,0.26,0.27
KXEPLGAME-25DEC27BREBOU-TIE,20251227-BRE-BOU,Brentford,Bournemouth,D,1766847600,no,124737.0,,,,
KXEPLGAME-25DEC27BREBOU-BRE,20251227-BRE-BOU,Brentford,Bournemouth,H,1766847600,yes,226983.0,0.41,0.43,0.41,0.42
KXEPLGAME-25DEC27BREBOU-BOU,20251227-BRE-BOU,Brentford,Bournemouth,A,1766847600,no,104636.0,0.31,0.33,0.32,0.34
KXEPLGAME-25DEC27NFOMCI-TIE,20251227-NFO-MCI,Nott'm Forest,Man City,D,1766838600,no,297363.0,0.2,0.21,0.21,0.23
KXEPLGAME-25DEC27NFOMCI-NFO,20251227-NFO-MCI,Nott'm Forest,Man City,H,1766838600,no,275369.0,0.17,0.18,0.16,0.18
KXEPLGAME-25DEC27NFOMCI-MCI,20251227-NFO-MCI,Nott'm Forest,Man City,A,1766838600,yes,3006662.0,0.63,0.65,0.62,0.63
KXEPLGAME-25DEC26MUNNEW-TIE,20251226-MUN-NEW,Man United,Newcastle,D,1766779200,no,556270.0,0.25,0.28,0.26,0.27
KXEPLGAME-25DEC26MUNNEW-NEW,20251226-MUN-NEW,Man United,Newcastle,A,1766779200,no,1090656.0,0.36,0.38,0.36,0.37
KXEPLGAME-25DEC26MUNNEW-MUN,20251226-MUN-NEW,Man United,Newcastle,H,1766779200,yes,1546544.0,0.38,0.39,0.37,0.38
KXEPLGAME-25DEC22FULNFO-TIE,20251222-FUL-NFO,Fulham,Nott'm Forest,D,1766433600,no,216802.0,0.29,0.3,0.28,0.3
KXEPLGAME-25DEC22FULNFO-NFO,20251222-FUL-NFO,Fulham,Nott'm Forest,A,1766433600,no,292929.0,0.31,0.33,0.32,0.35
KXEPLGAME-25DEC22FULNFO-FUL,20251222-FUL-NFO,Fulham,Nott'm Forest,H,1766433600,yes,678461.0,0.38,0.4,0.38,0.39
KXEPLGAME-25DEC21AVLMUN-TIE,20251221-AVL-MUN,Aston Villa,Man United,D,1766334600,no,414850.0,0.24,0.26,0.25,0.27
KXEPLGAME-25DEC21AVLMUN-MUN,20251221-AVL-MUN,Aston Villa,Man United,A,1766334600,no,783721.0,0.27,0.3,0.29,0.3
KXEPLGAME-25DEC21AVLMUN-AVL,20251221-AVL-MUN,Aston Villa,Man United,H,1766334600,yes,1062096.0,0.46,0.47,0.46,0.47
KXEPLGAME-25DEC20LEECRY-TIE,20251220-LEE-CRY,Leeds,Crystal Palace,D,1766260800,no,99017.0,0.28,0.31,0.3,0.31
KXEPLGAME-25DEC20LEECRY-LEE,20251220-LEE-CRY,Leeds,Crystal Palace,H,1766260800,yes,153978.0,,,,
KXEPLGAME-25DEC20LEECRY-CRY,20251220-LEE-CRY,Leeds,Crystal Palace,A,1766260800,no,354568.0,0.35,0.36,0.35,0.36
KXEPLGAME-25DEC20TOTLFC-TOT,20251220-TOT-LIV,Tottenham,Liverpool,H,1766251800,no,375694.0,0.27,0.29,0.26,0.28
KXEPLGAME-25DEC20TOTLFC-TIE,20251220-TOT-LIV,Tottenham,Liverpool,D,1766251800,no,253558.0,0.24,0.26,0.26,0.27
KXEPLGAME-25DEC20TOTLFC-LFC,20251220-TOT-LIV,Tottenham,Liverpool,A,1766251800,yes,1030365.0,0.48,0.49,0.46,0.48
KXEPLGAME-25DEC20EVEARS-TIE,20251220-EVE-ARS,Everton,Arsenal,D,1766260800,no,154072.0,0.22,0.24,0.23,0.24
KXEPLGAME-25DEC20EVEARS-EVE,20251220-EVE-ARS,Everton,Arsenal,H,1766260800,no,190431.0,,,,
KXEPLGAME-25DEC20EVEARS-ARS,20251220-EVE-ARS,Everton,Arsenal,A,1766260800,yes,874510.0,0.62,0.63,0.63,0.64
KXEPLGAME-25DEC20WOLBRE-WOL,20251220-WOL-BRE,Wolves,Brentford,H,1766242800,no,121980.0,,,,
KXEPLGAME-25DEC20WOLBRE-TIE,20251220-WOL-BRE,Wolves,Brentford,D,1766242800,no,57667.0,0.26,0.28,0.28,0.29
KXEPLGAME-25DEC20WOLBRE-BRE,20251220-WOL-BRE,Wolves,Brentford,A,1766242800,yes,424749.0,0.46,0.48,0.45,0.46
KXEPLGAME-25DEC20BRISUN-TIE,20251220-BHA-SUN,Brighton,Sunderland,D,1766242800,yes,247282.0,0.22,0.25,0.25,0.26
KXEPLGAME-25DEC20BRISUN-SUN,20251220-BHA-SUN,Brighton,Sunderland,A,1766242800,no,395820.0,0.17,0.19,0.19,0.2
KXEPLGAME-25DEC20BRISUN-BRI,20251220-BHA-SUN,Brighton,Sunderland,H,1766242800,no,316991.0,0.57,0.59,0.55,0.57
KXEPLGAME-25DEC20MCIWHU-WHU,20251220-MCI-WHU,Man City,West Ham,A,1766242800,no,203158.0,0.06,0.08,0.06,0.07
KXEPLGAME-25DEC20MCIWHU-TIE,20251220-MCI-WHU,Man City,West Ham,D,1766242800,no,75964.0,0.11,0.12,0.11,0.13
KXEPLGAME-25DEC20MCIWHU-MCI,20251220-MCI-WHU,Man City,West Ham,H,1766242800,yes,627769.0,0.81,0.83,0.82,0.83
KXEPLGAME-25DEC20BOUBUR-TIE,20251220-BOU-BUR,Bournemouth,Burnley,D,1766242800,yes,176199.0,0.2,0.22,0.21,0.22
KXEPLGAME-25DEC20BOUBUR-BUR,20251220-BOU-BUR,Bournemouth,Burnley,A,1766242800,no,102322.0,0.12,0.15,0.14,0.15
KXEPLGAME-25DEC20BOUBUR-BOU,20251220-BOU-BUR,Bournemouth,Burnley,H,1766242800,no,440063.0,0.65,0.67,0.65,0.66
KXEPLGAME-25DEC20NEWCFC-TIE,20251220-NEW-CHE,Newcastle,Chelsea,D,1766233800,yes,450842.0,0.26,0.28,0.26,0.28
KXEPLGAME-25DEC20NEWCFC-NEW,20251220-NEW-CHE,Newcastle,Chelsea,H,1766233800,no,528497.0,0.35,0.36,0.35,0.36
KXEPLGAME-25DEC20NEWCFC-CFC,20251220-NEW-CHE,Newcastle,Chelsea,A,1766233800,no,1074773.0,0.38,0.4,0.38,0.39
KXEPLGAME-25DEC15MUNBOU-TIE,20251215-MUN-BOU,Man United,Bournemouth,D,1765828800,yes,722569.0,0.22,0.23,0.22,0.24
KXEPLGAME-25DEC15MUNBOU-MUN,20251215-MUN-BOU,Man United,Bournemouth,H,1765828800,no,2123011.0,0.53,0.55,0.55,0.56
KXEPLGAME-25DEC15MUNBOU-BOU,20251215-MUN-BOU,Man United,Bournemouth,A,1765828800,no,983849.0,0.24,0.25,0.23,0.24
KXEPLGAME-25DEC14WHUAVL-WHU,20251214-WHU-AVL,West Ham,Aston Villa,H,1765720800,no,174053.0,0.24,0.27,0.26,0.27
KXEPLGAME-25DEC14WHUAVL-TIE,20251214-WHU-AVL,West Ham,Aston Villa,D,1765720800,no,129209.0,0.26,0.28,0.27,0.29
KXEPLGAME-25DEC14WHUAVL-AVL,20251214-WHU-AVL,West Ham,Aston Villa,A,1765720800,yes,889066.0,0.48,0.49,0.45,0.46
KXEPLGAME-25DEC14NFOTOT-TOT,20251214-NFO-TOT,Nott'm Forest,Tottenham,A,1765720800,no,451599.0,0.34,0.35,0.35,0.37
KXEPLGAME-25DEC14NFOTOT-TIE,20251214-NFO-TOT,Nott'm Forest,Tottenham,D,1765720800,no,62784.0,0.27,0.3,0.28,0.3
KXEPLGAME-25DEC14NFOTOT-NFO,20251214-NFO-TOT,Nott'm Forest,Tottenham,H,1765720800,yes,157591.0,0.36,0.38,0.35,0.37
KXEPLGAME-25DEC14SUNNEW-TIE,20251214-SUN-NEW,Sunderland,Newcastle,D,1765720800,no,85184.0,0.28,0.3,0.28,0.29
KXEPLGAME-25DEC14SUNNEW-SUN,20251214-SUN-NEW,Sunderland,Newcastle,H,1765720800,yes,230996.0,0.27,0.3,0.27,0.29
KXEPLGAME-25DEC14SUNNEW-NEW,20251214-SUN-NEW,Sunderland,Newcastle,A,1765720800,no,179573.0,0.41,0.43,0.44,0.45
KXEPLGAME-25DEC14BRELEE-TIE,20251214-BRE-LEE,Brentford,Leeds,D,1765729800,yes,168350.0,0.26,0.28,0.27,0.29
KXEPLGAME-25DEC14BRELEE-LEE,20251214-BRE-LEE,Brentford,Leeds,A,1765729800,no,292531.0,0.24,0.26,0.24,0.25
KXEPLGAME-25DEC14BRELEE-BRE,20251214-BRE-LEE,Brentford,Leeds,H,1765729800,no,504688.0,0.47,0.49,0.49,0.5
KXEPLGAME-25DEC14CRYMCI-TIE,20251214-CRY-MCI,Crystal Palace,Man City,D,1765720800,no,80068.0,0.23,0.25,0.24,0.26
KXEPLGAME-25DEC14CRYMCI-MCI,20251214-CRY-MCI,Crystal Palace,Man City,A,1765720800,yes,968123.0,0.51,0.53,0.52,0.53
KXEPLGAME-25DEC14CRYMCI-CRY,20251214-CRY-MCI,Crystal Palace,Man City,H,1765720800,no,145408.0,0.23,0.25,0.22,0.24
KXEPLGAME-25DEC13BURFUL-TIE,20251213-BUR-FUL,Burnley,Fulham,D,1765647000,no,137012.0,0.26,0.28,0.27,0.29
KXEPLGAME-25DEC13BURFUL-FUL,20251213-BUR-FUL,Burnley,Fulham,A,1765647000,yes,481697.0,0.49,0.5,0.47,0.49
KXEPLGAME-25DEC13BURFUL-BUR,20251213-BUR-FUL,Burnley,Fulham,H,1765647000,no,233064.0,0.22,0.24,0.25,0.26
KXEPLGAME-25DEC13ARSWOL-WOL,20251213-ARS-WOL,Arsenal,Wolves,A,1765656000,no,488133.0,0.03,0.04,0.03,0.04
KXEPLGAME-25DEC13ARSWOL-TIE,20251213-ARS-WOL,Arsenal,Wolves,D,1765656000,no,291414.0,0.08,0.11,0.09,0.11
KXEPLGAME-25DEC13ARSWOL-ARS,20251213-ARS-WOL,Arsenal,Wolves,H,1765656000,yes,1261501.0,,,,
KXEPLGAME-25DEC13LFCBRI-TIE,20251213-LIV-BHA,Liverpool,Brighton,D,1765638000,no,107192.0,0.21,0.24,0.22,0.24
KXEPLGAME-25DEC13LFCBRI-LFC,20251213-LIV-BHA,Liverpool,Brighton,H,1765638000,yes,830137.0,0.56,0.58,0.55,0.57
KXEPLGAME-25DEC13LFCBRI-BRI,20251213-LIV-BHA,Liverpool,Brighton,A,1765638000,no,237130.0,0.2,0.22,0.21,0.22
KXEPLGAME-25DEC13CFCEVE-TIE,20251213-CHE-EVE,Chelsea,Everton,D,1765638000,no,124619.0,0.23,0.25,0.23,0.25
KXEPLGAME-25DEC13CFCEVE-EVE,20251213-CHE-EVE,Chelsea,Everton,A,1765638000,no,263081.0,0.17,0.19,0.19,0.2
KXEPLGAME-25DEC13CFCEVE-CFC,20251213-CHE-EVE,Chelsea,Everton,H,1765638000,yes,671243.0,0.57,0.59,0.55,0.57
KXEPLGAME-25DEC08WOLMUN-WOL,20251208-WOL-MUN,Wolves,Man United,H,1765224000,no,378691.0,0.18,0.21,0.17,0.19
KXEPLGAME-25DEC08WOLMUN-TIE,20251208-WOL-MUN,Wolves,Man United,D,1765224000,no,356831.0,0.22,0.23,0.22,0.24
KXEPLGAME-25DEC08WOLMUN-MUN,20251208-WOL-MUN,Wolves,Man United,A,1765224000,yes,1511679.0,0.58,0.6,0.59,0.6
KXEPLGAME-25DEC07FULCRY-TIE,20251207-FUL-CRY,Fulham,Crystal Palace,D,1765125000,no,238269.0,0.28,0.31,0.28,0.3
KXEPLGAME-25DEC07FULCRY-FUL,20251207-FUL-CRY,Fulham,Crystal Palace,H,1765125000,no,261117.0,0.36,0.38,0.37,0.38
KXEPLGAME-25DEC07FULCRY-CRY,20251207-FUL-CRY,Fulham,Crystal Palace,A,1765125000,yes,446248.0,0.33,0.36,0.34,0.35
KXEPLGAME-25DEC07BRIWHU-WHU,20251207-BHA-WHU,Brighton,West Ham,A,1765116000,no,350411.0,0.16,0.18,0.17,0.18
KXEPLGAME-25DEC07BRIWHU-TIE,20251207-BHA-WHU,Brighton,West Ham,D,1765116000,yes,318885.0,0.2,0.22,0.22,0.23
KXEPLGAME-25DEC07BRIWHU-BRI,20251207-BHA-WHU,Brighton,West Ham,H,1765116000,no,417239.0,0.61,0.64,0.6,0.62
KXEPLGAME-25DEC06LEELFC-TIE,20251206-LEE-LIV,Leeds,Liverpool,D,1765042200,yes,314250.0,0.23,0.25,0.24,0.26
KXEPLGAME-25DEC06LEELFC-LFC,20251206-LEE-LIV,Leeds,Liverpool,A,1765042200,no,1110830.0,0.52,0.54,0.52,0.54
KXEPLGAME-25DEC06LEELFC-LEE,20251206-LEE-LIV,Leeds,Liverpool,H,1765042200,no,380345.0,0.22,0.24,0.22,0.24
KXEPLGAME-25DEC06TOTBRE-TOT,20251206-TOT-BRE,Tottenham,Brentford,H,1765033200,yes,263788.0,0.41,0.43,0.4,0.41
KXEPLGAME-25DEC06TOTBRE-TIE,20251206-TOT-BRE,Tottenham,Brentford,D,1765033200,no,40702.0,0.27,0.29,0.28,0.29
KXEPLGAME-25DEC06TOTBRE-BRE,20251206-TOT-BRE,Tottenham,Brentford,A,1765033200,no,51236.0,0.31,0.33,0.31,0.33
KXEPLGAME-25DEC06NEWBUR-TIE,20251206-NEW-BUR,Newcastle,Burnley,D,1765033200,no,30910.0,0.15,0.16,0.17,0.18
KXEPLGAME-25DEC06NEWBUR-NEW,20251206-NEW-BUR,Newcastle,Burnley,H,1765033200,yes,113892.0,0.76,0.78,0.74,0.75
KXEPLGAME-25DEC06NEWBUR-BUR,20251206-NEW-BUR,Newcastle,Burnley,A,1765033200,no,65843.0,0.08,0.09,0.08,0.1
KXEPLGAME-25DEC06EVENFO-TIE,20251206-EVE-NFO,Everton,Nott'm Forest,D,1765033200,no,35172.0,0.28,0.3,0.28,0.3
KXEPLGAME-25DEC06EVENFO-NFO,20251206-EVE-NFO,Everton,Nott'm Forest,A,1765033200,no,48791.0,0.26,0.27,0.25,0.26
KXEPLGAME-25DEC06EVENFO-EVE,20251206-EVE-NFO,Everton,Nott'm Forest,H,1765033200,yes,205629.0,0.45,0.46,0.45,0.47
KXEPLGAME-25DEC06MCISUN-TIE,20251206-MCI-SUN,Man City,Sunderland,D,1765033200,no,56453.0,0.13,0.15,0.16,0.17
KXEPLGAME-25DEC06MCISUN-SUN,20251206-MCI-SUN,Man City,Sunderland,A,1765033200,no,238334.0,0.08,0.09,0.08,0.1
KXEPLGAME-25DEC06MCISUN-MCI,20251206-MCI-SUN,Man City,Sunderland,H,1765033200,yes,297889.0,0.78,0.79,0.76,0.77
KXEPLGAME-25DEC06BOUCFC-TIE,20251206-BOU-CHE,Bournemouth,Chelsea,D,1765033200,yes,235719.0,0.24,0.26,0.25,0.26
KXEPLGAME-25DEC06BOUCFC-CFC,20251206-BOU-CHE,Bournemouth,Chelsea,A,1765033200,no,909579.0,0.45,0.46,0.46,0.48
KXEPLGAME-25DEC06BOUCFC-BOU,20251206-BOU-CHE,Bournemouth,Chelsea,H,1765033200,no,227839.0,0.29,0.31,0.28,0.29
KXEPLGAME-25DEC06AVLARS-TIE,20251206-AVL-ARS,Aston Villa,Arsenal,D,1765024200,no,303662.0,0.27,0.28,0.28,0.29
KXEPLGAME-25DEC06AVLARS-AVL,20251206-AVL-ARS,Aston Villa,Arsenal,H,1765024200,yes,522420.0,0.21,0.23,0.21,0.23
KXEPLGAME-25DEC06AVLARS-ARS,20251206-AVL-ARS,Aston Villa,Arsenal,A,1765024200,no,912219.0,0.5,0.52,0.52,0.53
KXEPLGAME-25DEC04MUNWHU-WHU,20251204-MUN-WHU,Man United,West Ham,A,1764878400,no,577973.0,0.14,0.15,0.11,0.13
KXEPLGAME-25DEC04MUNWHU-TIE,20251204-MUN-WHU,Man United,West Ham,D,1764878400,yes,497364.0,0.19,0.21,0.19,0.2
KXEPLGAME-25DEC04MUNWHU-MUN,20251204-MUN-WHU,Man United,West Ham,H,1764878400,no,1212668.0,0.66,0.68,0.69,0.7
KXEPLGAME-25DEC03LEECFC-TIE,20251203-LEE-CHE,Leeds,Chelsea,D,1764792900,no,276491.0,0.22,0.24,0.25,0.26
KXEPLGAME-25DEC03LEECFC-LEE,20251203-LEE-CHE,Leeds,Chelsea,H,1764792900,yes,603709.0,0.2,0.22,0.22,0.24
KXEPLGAME-25DEC03LEECFC-CFC,20251203-LEE-CHE,Leeds,Chelsea,A,1764792900,no,2029752.0,0.55,0.57,0.51,0.52
KXEPLGAME-25DEC03LFCSUN-TIE,20251203-LIV-SUN,Liverpool,Sunderland,D,1764792900,yes,472233.0,0.17,0.18,0.17,0.18
KXEPLGAME-25DEC03LFCSUN-SUN,20251203-LIV-SUN,Liverpool,Sunderland,A,1764792900,no,737329.0,0.12,0.13,0.11,0.12
KXEPLGAME-25DEC03LFCSUN-LFC,20251203-LIV-SUN,Liverpool,Sunderland,H,1764792900,no,728993.0,0.71,0.72,0.71,0.73
KXEPLGAME-25DEC03WOLNFO-WOL,20251203-WOL-NFO,Wolves,Nott'm Forest,H,1764790200,no,96743.0,0.28,0.31,0.29,0.3
KXEPLGAME-25DEC03WOLNFO-TIE,20251203-WOL-NFO,Wolves,Nott'm Forest,D,1764790200,no,83920.0,0.27,0.3,0.28,0.3
KXEPLGAME-25DEC03WOLNFO-NFO,20251203-WOL-NFO,Wolves,Nott'm Forest,A,1764790200,yes,581164.0,0.43,0.44,0.41,0.42
KXEPLGAME-25DEC03BURCRY-TIE,20251203-BUR-CRY,Burnley,Crystal Palace,D,1764790200,no,80340.0,0.24,0.26,0.25,0.27
KXEPLGAME-25DEC03BURCRY-CRY,20251203-BUR-CRY,Burnley,Crystal Palace,A,1764790200,yes,533819.0,0.55,0.57,0.56,0.57
KXEPLGAME-25DEC03BURCRY-BUR,20251203-BUR-CRY,Burnley,Crystal Palace,H,1764790200,no,84419.0,0.18,0.21,0.18,0.2
KXEPLGAME-25DEC03BRIAVL-TIE,20251203-BHA-AVL,Brighton,Aston Villa,D,1764790200,no,258783.0,0.26,0.28,0.27,0.28
KXEPLGAME-25DEC03BRIAVL-BRI,20251203-BHA-AVL,Brighton,Aston Villa,H,1764790200,no,553007.0,0.46,0.47,0.44,0.45
KXEPLGAME-25DEC03BRIAVL-AVL,20251203-BHA-AVL,Brighton,Aston Villa,A,1764790200,yes,749689.0,0.27,0.29,0.29,0.3
KXEPLGAME-25DEC03ARSBRE-TIE,20251203-ARS-BRE,Arsenal,Brentford,D,1764790200,no,142796.0,0.18,0.19,0.2,0.21
KXEPLGAME-25DEC03ARSBRE-BRE,20251203-ARS-BRE,Arsenal,Brentford,A,1764790200,no,262088.0,0.09,0.11,0.11,0.12
KXEPLGAME-25DEC03ARSBRE-ARS,20251203-ARS-BRE,Arsenal,Brentford,H,1764790200,yes,1635609.0,0.71,0.73,0.7,0.71
KXEPLGAME-25DEC02BOUEVE-TIE,20251202-BOU-EVE,Bournemouth,Everton,D,1764703800,no,135460.0,0.27,0.29,0.28,0.29
KXEPLGAME-25DEC02BOUEVE-EVE,20251202-BOU-EVE,Bournemouth,Everton,A,1764703800,yes,287662.0,0.25,0.27,0.27,0.28
KXEPLGAME-25DEC02BOUEVE-BOU,20251202-BOU-EVE,Bournemouth,Everton,H,1764703800,no,442313.0,0.46,0.47,0.46,0.47
KXEPLGAME-25DEC02FULMCI-TIE,20251202-FUL-MCI,Fulham,Man City,D,1764703800,no,345211.0,0.21,0.22,0.22,0.23
KXEPLGAME-25DEC02FULMCI-MCI,20251202-FUL-MCI,Fulham,Man City,A,1764703800,yes,2022705.0,0.6,0.61,0.59,0.6
KXEPLGAME-25DEC02FULMCI-FUL,20251202-FUL-MCI,Fulham,Man City,H,1764703800,no,336886.0,0.18,0.2,0.18,0.19
KXEPLGAME-25DEC02NEWTOT-TOT,20251202-NEW-TOT,Newcastle,Tottenham,A,1764706500,no,454889.0,0.19,0.21,0.23,0.24
KXEPLGAME-25DEC02NEWTOT-TIE,20251202-NEW-TOT,Newcastle,Tottenham,D,1764706500,yes,511160.0,0.22,0.23,0.24,0.25
KXEPLGAME-25DEC02NEWTOT-NEW,20251202-NEW-TOT,Newcastle,Tottenham,H,1764706500,no,1216927.0,0.56,0.58,0.53,0.54
KXEPLGAME-25NOV30CFCARS-TIE,20251130-CHE-ARS,Chelsea,Arsenal,D,1764520200,yes,413379.0,0.28,0.31,0.3,0.31
KXEPLGAME-25NOV30CFCARS-CFC,20251130-CHE-ARS,Chelsea,Arsenal,H,1764520200,no,991690.0,0.28,0.3,0.28,0.29
KXEPLGAME-25NOV30CFCARS-ARS,20251130-CHE-ARS,Chelsea,Arsenal,A,1764520200,no,1338965.0,0.43,0.44,0.41,0.43
KXEPLGAME-25NOV30WHULFC-WHU,20251130-WHU-LIV,West Ham,Liverpool,H,1764511500,no,169082.0,0.21,0.23,0.19,0.2
KXEPLGAME-25NOV30WHULFC-TIE,20251130-WHU-LIV,West Ham,Liverpool,D,1764511500,no,101424.0,0.22,0.23,0.21,0.22
KXEPLGAME-25NOV30WHULFC-LFC,20251130-WHU-LIV,West Ham,Liverpool,A,1764511500,yes,568507.0,0.56,0.58,0.6,0.61
KXEPLGAME-25NOV30CRYMUN-TIE,20251130-CRY-MUN,Crystal Palace,Man United,D,1764504000,no,136125.0,0.26,0.27,0.26,0.27
KXEPLGAME-25NOV30CRYMUN-MUN,20251130-CRY-MUN,Crystal Palace,Man United,A,1764504000,yes,652141.0,0.32,0.33,0.29,0.3
KXEPLGAME-25NOV30CRYMUN-CRY,20251130-CRY-MUN,Crystal Palace,Man United,H,1764504000,no,364335.0,0.42,0.43,0.43,0.45
KXEPLGAME-25NOV30AVLWOL-WOL,20251130-AVL-WOL,Aston Villa,Wolves,A,1764511500,no,199977.0,0.13,0.15,0.13,0.14
KXEPLGAME-25NOV30AVLWOL-TIE,20251130-AVL-WOL,Aston Villa,Wolves,D,1764511500,no,111419.0,0.19,0.21,0.2,0.22
KXEPLGAME-25NOV30AVLWOL-AVL,20251130-AVL-WOL,Aston Villa,Wolves,H,1764511500,yes,934209.0,0.66,0.67,0.65,0.67
KXEPLGAME-25NOV30NFOBRI-TIE,20251130-NFO-BHA,Nott'm Forest,Brighton,D,1764511500,no,59729.0,0.27,0.28,0.27,0.28
KXEPLGAME-25NOV30NFOBRI-NFO,20251130-NFO-BHA,Nott'm Forest,Brighton,H,1764511500,no,196269.0,0.35,0.37,0.35,0.37
KXEPLGAME-25NOV30NFOBRI-BRI,20251130-NFO-BHA,Nott'm Forest,Brighton,A,1764511500,yes,233110.0,,,,
KXEPLGAME-25NOV29TOTFUL-TOT,20251129-TOT-FUL,Tottenham,Fulham,H,1764446400,no,818334.0,0.42,0.44,0.4,0.41
KXEPLGAME-25NOV29TOTFUL-TIE,20251129-TOT-FUL,Tottenham,Fulham,D,1764446400,no,198215.0,0.28,0.3,0.27,0.29
KXEPLGAME-25NOV29TOTFUL-FUL,20251129-TOT-FUL,Tottenham,Fulham,A,1764446400,yes,407043.0,0.27,0.29,0.31,0.32
KXEPLGAME-25NOV29BREBUR-TIE,20251129-BRE-BUR,Brentford,Burnley,D,1764428400,no,94249.0,0.19,0.2,0.2,0.22
KXEPLGAME-25NOV29BREBUR-BUR,20251129-BRE-BUR,Brentford,Burnley,A,1764428400,no,90308.0,0.12,0.14,0.13,0.14
KXEPLGAME-25NOV29BREBUR-BRE,20251129-BRE-BUR,Brentford,Burnley,H,1764428400,yes,268404.0,0.67,0.68,0.65,0.66
KXEPLGAME-25NOV29MCILEE-TIE,20251129-MCI-LEE,Man City,Leeds,D,1764428400,no,255589.0,0.12,0.13,0.13,0.14
KXEPLGAME-25NOV29MCILEE-MCI,20251129-MCI-LEE,Man City,Leeds,H,1764428400,yes,1023144.0,0.8,0.81,0.79,0.8
KXEPLGAME-25NOV29MCILEE-LEE,20251129-MCI-LEE,Man City,Leeds,A,1764428400,no,286546.0,0.07,0.09,0.07,0.08
KXEPLGAME-25NOV29EVENEW-TIE,20251129-EVE-NEW,Everton,Newcastle,D,1764437400,no,97533.0,0.28,0.3,0.28,0.3
KXEPLGAME-25NOV29EVENEW-NEW,20251129-EVE-NEW,Everton,Newcastle,A,1764437400,yes,482829.0,0.36,0.37,0.37,0.38
KXEPLGAME-25NOV29EVENEW-EVE,20251129-EVE-NEW,Everton,Newcastle,H,1764437400,no,242010.0,0.35,0.36,0.35,0.36
KXEPLGAME-25NOV29SUNBOU-TIE,20251129-SUN-BOU,Sunderland,Bournemouth,D,1764428400,no,206406.0,0.27,0.29,0.28,0.3
KXEPLGAME-25NOV29SUNBOU-SUN,20251129-SUN-BOU,Sunderland,Bournemouth,H,1764428400,yes,457565.0,0.31,0.32,0.3,0.31
KXEPLGAME-25NOV29SUNBOU-BOU,20251129-SUN-BOU,Sunderland,Bournemouth,A,1764428400,no,388898.0,0.4,0.41,0.4,0.42
KXEPLGAME-25NOV24MUNEVE-TIE,20251124-MUN-EVE,Man United,Everton,D,1764014400,no,294490.0,0.24,0.26,0.24,0.26
KXEPLGAME-25NOV24MUNEVE-MUN,20251124-MUN-EVE,Man United,Everton,H,1764014400,no,1235525.0,0.55,0.57,0.53,0.54
KXEPLGAME-25NOV24MUNEVE-EVE,20251124-MUN-EVE,Man United,Everton,A,1764014400,yes,506542.0,0.19,0.21,0.21,0.22
KXEPLGAME-25NOV23LEEAVL-TIE,20251123-LEE-AVL,Leeds,Aston Villa,D,1763906400,no,134840.0,0.29,0.3,0.28,0.29
KXEPLGAME-25NOV23LEEAVL-LEE,20251123-LEE-AVL,Leeds,Aston Villa,H,1763906400,no,205848.0,0.31,0.33,0.3,0.31
KXEPLGAME-25NOV23LEEAVL-AVL,20251123-LEE-AVL,Leeds,Aston Villa,A,1763906400,yes,895601.0,0.39,0.4,0.4,0.41
KXEPLGAME-25NOV23ARSTOT-TOT,20251123-ARS-TOT,Arsenal,Tottenham,A,1763915400,no,355852.0,0.12,0.13,0.12,0.13
KXEPLGAME-25NOV23ARSTOT-TIE,20251123-ARS-TOT,Arsenal,Tottenham,D,1763915400,no,192551.0,0.18,0.2,0.2,0.21
KXEPLGAME-25NOV23ARSTOT-ARS,20251123-ARS-TOT,Arsenal,Tottenham,H,1763915400,yes,679128.0,0.68,0.7,0.67,0.69
KXEPLGAME-25NOV22NEWMCI-TIE,20251122-NEW-MCI,Newcastle,Man City,D,1763832600,no,193352.0,,,,
KXEPLGAME-25NOV22NEWMCI-NEW,20251122-NEW-MCI,Newcastle,Man City,H,1763832600,yes,379354.0,0.24,0.26,0.25,0.26
KXEPLGAME-25NOV22NEWMCI-MCI,20251122-NEW-MCI,Newcastle,Man City,A,1763832600,no,1663003.0,0.49,0.5,0.49,0.51
KXEPLGAME-25NOV22WOLCRY-WOL,20251122-WOL-CRY,Wolves,Crystal Palace,H,1763823600,no,41689.0,0.23,0.24,0.2,0.21
KXEPLGAME-25NOV22WOLCRY-TIE,20251122-WOL-CRY,Wolves,Crystal Palace,D,1763823600,no,28845.0,0.25,0.27,0.26,0.27
KXEPLGAME-25NOV22WOLCRY-CRY,20251122-WOL-CRY,Wolves,Crystal Palace,A,1763823600,yes,304168.0,0.5,0.51,0.53,0.54
KXEPLGAME-25NOV22FULSUN-TIE,20251122-FUL-SUN,Fulham,Sunderland,D,1763823600,no,68439.0,,,,
KXEPLGAME-25NOV22FULSUN-SUN,20251122-FUL-SUN,Fulham,Sunderland,A,1763823600,no,524300.0,0.26,0.27,0.26,0.27
KXEPLGAME-25NOV22FULSUN-FUL,20251122-FUL-SUN,Fulham,Sunderland,H,1763823600,yes,238024.0,0.44,0.46,0.44,0.45
KXEPLGAME-25NOV22LFCNFO-TIE,20251122-LIV-NFO,Liverpool,Nott'm Forest,D,1763823600,no,108521.0,,,,
KXEPLGAME-25NOV22LFCNFO-NFO,20251122-LIV-NFO,Liverpool,Nott'm Forest,A,1763823600,yes,360514.0,,,,
KXEPLGAME-25NOV22LFCNFO-LFC,20251122-LIV-NFO,Liverpool,Nott'm Forest,H,1763823600,no,746188.0,0.68,0.69,0.69,0.7
KXEPLGAME-25NOV22BOUWHU-WHU,20251122-BOU-WHU,Bournemouth,West Ham,A,1763823600,no,342532.0,,,,
KXEPLGAME-25NOV22BOUWHU-TIE,20251122-BOU-WHU,Bournemouth,West Ham,D,1763823600,yes,109810.0,,,,
KXEPLGAME-25NOV22BOUWHU-BOU,20251122-BOU-WHU,Bournemouth,West Ham,H,1763823600,no,230081.0,0.59,0.6,0.56,0.58
KXEPLGAME-25NOV22BRIBRE-TIE,20251122-BHA-BRE,Brighton,Brentford,D,1763823600,no,66313.0,0.26,0.27,0.26,0.28
KXEPLGAME-25NOV22BRIBRE-BRI,20251122-BHA-BRE,Brighton,Brentford,H,1763823600,yes,150426.0,0.49,0.51,0.47,0.48
KXEPLGAME-25NOV22BRIBRE-BRE,20251122-BHA-BRE,Brighton,Brentford,A,1763823600,no,98241.0,0.23,0.25,0.26,0.27
KXEPLGAME-25NOV22BURCFC-TIE,20251122-BUR-CHE,Burnley,Chelsea,D,1763814600,no,48141.0,0.19,0.2,0.21,0.22
KXEPLGAME-25NOV22BURCFC-CFC,20251122-BUR-CHE,Burnley,Chelsea,A,1763814600,yes,680069.0,0.66,0.68,0.65,0.66
KXEPLGAME-25NOV22BURCFC-BUR,20251122-BUR-CHE,Burnley,Chelsea,H,1763814600,no,107206.0,0.13,0.14,0.13,0.14
KXEPLGAME-25NOV09CRYBRI-TIE,20251109-CRY-BHA,Crystal Palace,Brighton,D,1762696800,yes,122809.0,0.27,0.28,0.28,0.29
KXEPLGAME-25NOV09CRYBRI-CRY,20251109-CRY-BHA,Crystal Palace,Brighton,H,1762696800,no,221699.0,0.44,0.45,0.4,0.41
KXEPLGAME-25NOV09CRYBRI-BRI,20251109-CRY-BHA,Crystal Palace,Brighton,A,1762696800,no,93179.0,0.28,0.29,0.31,0.32
KXEPLGAME-25NOV09MCILFC-TIE,20251109-MCI-LIV,Man City,Liverpool,D,1762705800,no,264935.0,0.23,0.24,0.24,0.25
KXEPLGAME-25NOV09MCILFC-MCI,20251109-MCI-LIV,Man City,Liverpool,H,1762705800,yes,663317.0,0.51,0.52,0.51,0.52
KXEPLGAME-25NOV09MCILFC-LFC,20251109-MCI-LIV,Man City,Liverpool,A,1762705800,no,496874.0,0.24,0.26,0.25,0.26
KXEPLGAME-25NOV09NFOLEE-TIE,20251109-NFO-LEE,Nott'm Forest,Leeds,D,1762696800,no,66390.0,0.27,0.29,0.29,0.3
KXEPLGAME-25NOV09NFOLEE-NFO,20251109-NFO-LEE,Nott'm Forest,Leeds,H,1762696800,yes,193285.0,0.4,0.42,0.43,0.44
KXEPLGAME-25NOV09NFOLEE-LEE,20251109-NFO-LEE,Nott'm Forest,Leeds,A,1762696800,no,74147.0,0.29,0.31,0.26,0.27
KXEPLGAME-25NOV09BRENEW-TIE,20251109-BRE-NEW,Brentford,Newcastle,D,1762696800,no,70159.0,0.27,0.29,0.28,0.29
KXEPLGAME-25NOV09BRENEW-NEW,20251109-BRE-NEW,Brentford,Newcastle,A,1762696800,no,158684.0,,,,
KXEPLGAME-25NOV09BRENEW-BRE,20251109-BRE-NEW,Brentford,Newcastle,H,1762696800,yes,161959.0,0.33,0.34,0.33,0.34
KXEPLGAME-25NOV09AVLBOU-TIE,20251109-AVL-BOU,Aston Villa,Bournemouth,D,1762696800,no,73691.0,0.28,0.29,0.27,0.28
KXEPLGAME-25NOV09AVLBOU-BOU,20251109-AVL-BOU,Aston Villa,Bournemouth,A,1762696800,no,113413.0,0.31,0.32,0.3,0.32
KXEPLGAME-25NOV09AVLBOU-AVL,20251109-AVL-BOU,Aston Villa,Bournemouth,H,1762696800,yes,298276.0,0.41,0.42,0.41,0.43
KXEPLGAME-25NOV08WHUBUR-WHU,20251108-WHU-BUR,West Ham,Burnley,H,1762614000,yes,378055.0,0.5,0.51,0.52,0.53
KXEPLGAME-25NOV08WHUBUR-TIE,20251108-WHU-BUR,West Ham,Burnley,D,1762614000,no,136620.0,0.26,0.28,0.26,0.28
KXEPLGAME-25NOV08WHUBUR-BUR,20251108-WHU-BUR,West Ham,Burnley,A,1762614000,no,134017.0,0.22,0.24,0.21,0.22
KXEPLGAME-25NOV08EVEFUL-TIE,20251108-EVE-FUL,Everton,Fulham,D,1762614000,no,80778.0,0.28,0.29,0.28,0.3
KXEPLGAME-25NOV08EVEFUL-FUL,20251108-EVE-FUL,Everton,Fulham,A,1762614000,no,152853.0,0.27,0.29,0.28,0.29
KXEPLGAME-25NOV08EVEFUL-EVE,20251108-EVE-FUL,Everton,Fulham,H,1762614000,yes,310521.0,0.43,0.45,0.43,0.44
KXEPLGAME-25NOV08CFCWOL-WOL,20251108-CHE-WOL,Chelsea,Wolves,A,1762632000,no,146432.0,0.1,0.11,0.1,0.12
KXEPLGAME-25NOV08CFCWOL-TIE,20251108-CHE-WOL,Chelsea,Wolves,D,1762632000,no,106246.0,0.17,0.18,0.17,0.18
KXEPLGAME-25NOV08CFCWOL-CFC,20251108-CHE-WOL,Chelsea,Wolves,H,1762632000,yes,882468.0,0.72,0.74,0.72,0.73
KXEPLGAME-25NOV08TOTMUN-TOT,20251108-TOT-MUN,Tottenham,Man United,H,1762605000,no,304865.0,0.35,0.36,0.32,0.34
KXEPLGAME-25NOV08TOTMUN-TIE,20251108-TOT-MUN,Tottenham,Man United,D,1762605000,yes,241052.0,0.26,0.28,0.27,0.29
KXEPLGAME-25NOV08TOTMUN-MUN,20251108-TOT-MUN,Tottenham,Man United,A,1762605000,no,438835.0,,,,
KXEPLGAME-25NOV08SUNARS-TIE,20251108-SUN-ARS,Sunderland,Arsenal,D,1762623000,yes,296145.0,0.18,0.19,0.2,0.21
KXEPLGAME-25NOV08SUNARS-SUN,20251108-SUN-ARS,Sunderland,Arsenal,H,1762623000,no,437967.0,0.1,0.12,0.12,0.13
KXEPLGAME-25NOV08SUNARS-ARS,20251108-SUN-ARS,Sunderland,Arsenal,A,1762623000,no,1145042.0,,,,
KXEPLGAME-25NOV03SUNEVE-TIE,20251103-SUN-EVE,Sunderland,Everton,D,1762200000,yes,246797.0,0.29,0.31,0.3,0.31
KXEPLGAME-25NOV03SUNEVE-SUN,20251103-SUN-EVE,Sunderland,Everton,H,1762200000,no,1063400.0,0.36,0.37,0.33,0.34
KXEPLGAME-25NOV03SUNEVE-EVE,20251103-SUN-EVE,Sunderland,Everton,A,1762200000,no,373985.0,0.33,0.34,0.37,0.38
KXEPLGAME-25NOV02MCIBOU-TIE,20251102-MCI-BOU,Man City,Bournemouth,D,1762101000,no,118967.0,0.2,0.21,0.19,0.2
KXEPLGAME-25NOV02MCIBOU-MCI,20251102-MCI-BOU,Man City,Bournemouth,H,1762101000,yes,838487.0,0.64,0.65,0.66,0.68
KXEPLGAME-25NOV02MCIBOU-BOU,20251102-MCI-BOU,Man City,Bournemouth,A,1762101000,no,299256.0,0.15,0.17,0.15,0.16
KXEPLGAME-25NOV02WHUNEW-WHU,20251102-WHU-NEW,West Ham,Newcastle,H,1762092000,yes,357803.0,0.16,0.19,0.18,0.19
KXEPLGAME-25NOV02WHUNEW-TIE,20251102-WHU-NEW,West Ham,Newcastle,D,1762092000,no,244976.0,0.21,0.22,0.21,0.22
KXEPLGAME-25NOV02WHUNEW-NEW,20251102-WHU-NEW,West Ham,Newcastle,A,1762092000,no,645492.0,0.61,0.62,0.59,0.61
KXEPLGAME-25NOV01LFCAVL-TIE,20251101-LIV-AVL,Liverpool,Aston Villa,D,1762027200,no,131871.0,0.22,0.23,0.2,0.21
KXEPLGAME-25NOV01LFCAVL-LFC,20251101-LIV-AVL,Liverpool,Aston Villa,H,1762027200,yes,714018.0,0.59,0.6,0.58,0.6
KXEPLGAME-25NOV01LFCAVL-AVL,20251101-LIV-AVL,Liverpool,Aston Villa,A,1762027200,no,257110.0,0.19,0.2,0.2,0.21
KXEPLGAME-25NOV01TOTCFC-TOT,20251101-TOT-CHE,Tottenham,Chelsea,H,1762018200,no,211922.0,0.34,0.36,0.32,0.33
KXEPLGAME-25NOV01TOTCFC-TIE,20251101-TOT-CHE,Tottenham,Chelsea,D,1762018200,no,149803.0,0.26,0.28,0.27,0.28
KXEPLGAME-25NOV01TOTCFC-CFC,20251101-TOT-CHE,Tottenham,Chelsea,A,1762018200,yes,634803.0,0.38,0.4,0.4,0.41
KXEPLGAME-25NOV01NFOMUN-TIE,20251101-NFO-MUN,Nott'm Forest,Man United,D,1762009200,yes,244370.0,0.24,0.25,0.26,0.27
KXEPLGAME-25NOV01NFOMUN-NFO,20251101-NFO-MUN,Nott'm Forest,Man United,H,1762009200,no,259694.0,0.26,0.27,0.27,0.28
KXEPLGAME-25NOV01NFOMUN-MUN,20251101-NFO-MUN,Nott'm Forest,Man United,A,1762009200,no,1386490.0,,,,
KXEPLGAME-25NOV01FULWOL-WOL,20251101-FUL-WOL,Fulham,Wolves,A,1762009200,no,49199.0,0.21,0.22,0.19,0.21
KXEPLGAME-25NOV01FULWOL-TIE,20251101-FUL-WOL,Fulham,Wolves,D,1762009200,no,21460.0,0.26,0.28,0.24,0.25
KXEPLGAME-25NOV01FULWOL-FUL,20251101-FUL-WOL,Fulham,Wolves,H,1762009200,yes,162477.0,,,,
KXEPLGAME-25NOV01CRYBRE-TIE,20251101-CRY-BRE,Crystal Palace,Brentford,D,1762009200,no,26402.0,0.25,0.27,0.26,0.27
KXEPLGAME-25NOV01CRYBRE-CRY,20251101-CRY-BRE,Crystal Palace,Brentford,H,1762009200,yes,132985.0,0.49,0.51,0.47,0.48
KXEPLGAME-25NOV01CRYBRE-BRE,20251101-CRY-BRE,Crystal Palace,Brentford,A,1762009200,no,61900.0,0.24,0.26,0.26,0.27
KXEPLGAME-25NOV01BURARS-TIE,20251101-BUR-ARS,Burnley,Arsenal,D,1762009200,no,41126.0,0.14,0.15,0.14,0.15
KXEPLGAME-25NOV01BURARS-BUR,20251101-BUR-ARS,Burnley,Arsenal,H,1762009200,no,73531.0,0.07,0.09,0.05,0.07
KXEPLGAME-25NOV01BURARS-ARS,20251101-BUR-ARS,Burnley,Arsenal,A,1762009200,yes,429719.0,0.78,0.79,0.78,0.79
KXEPLGAME-25NOV01BRILEE-TIE,20251101-BHA-LEE,Brighton,Leeds,D,1762009200,no,31641.0,0.25,0.27,0.25,0.26
KXEPLGAME-25NOV01BRILEE-LEE,20251101-BHA-LEE,Brighton,Leeds,A,1762009200,no,49419.0,0.23,0.24,0.23,0.25
KXEPLGAME-25NOV01BRILEE-BRI,20251101-BHA-LEE,Brighton,Leeds,H,1762009200,yes,326648.0,0.5,0.52,0.5,0.51
KXEPLGAME-25OCT26EVETOT-TOT,20251026-EVE-TOT,Everton,Tottenham,A,1761496200,yes,477354.0,0.31,0.32,0.29,0.31
KXEPLGAME-25OCT26EVETOT-TIE,20251026-EVE-TOT,Everton,Tottenham,D,1761496200,no,143751.0,,,,
KXEPLGAME-25OCT26EVETOT-EVE,20251026-EVE-TOT,Everton,Tottenham,H,1761496200,no,143444.0,0.4,0.41,0.41,0.42
KXEPLGAME-25OCT26WOLBUR-WOL,20251026-WOL-BUR,Wolves,Burnley,H,1761487200,no,125831.0,0.47,0.49,0.5,0.51
KXEPLGAME-25OCT26WOLBUR-TIE,20251026-WOL-BUR,Wolves,Burnley,D,1761487200,no,71180.0,0.28,0.3,0.28,0.29
KXEPLGAME-25OCT26WOLBUR-BUR,20251026-WOL-BUR,Wolves,Burnley,A,1761487200,yes,175913.0,0.22,0.24,0.21,0.23
KXEPLGAME-25OCT26AVLMCI-TIE,20251026-AVL-MCI,Aston Villa,Man City,D,1761487200,no,169250.0,0.22,0.23,0.24,0.25
KXEPLGAME-25OCT26AVLMCI-MCI,20251026-AVL-MCI,Aston Villa,Man City,A,1761487200,no,1132806.0,0.56,0.57,0.55,0.57
KXEPLGAME-25OCT26AVLMCI-AVL,20251026-AVL-MCI,Aston Villa,Man City,H,1761487200,yes,288696.0,0.21,0.22,0.2,0.21
KXEPLGAME-25OCT26ARSCRY-TIE,20251026-ARS-CRY,Arsenal,Crystal Palace,D,1761487200,no,52216.0,0.18,0.19,0.18,0.19
KXEPLGAME-25OCT26ARSCRY-CRY,20251026-ARS-CRY,Arsenal,Crystal Palace,A,1761487200,no,198161.0,0.11,0.12,0.1,0.11
KXEPLGAME-25OCT26ARSCRY-ARS,20251026-ARS-CRY,Arsenal,Crystal Palace,H,1761487200,yes,808661.0,,,,
KXEPLGAME-25OCT26BOUNFO-TIE,20251026-BOU-NFO,Bournemouth,Nott'm Forest,D,1761487200,no,51737.0,0.24,0.25,0.25,0.27
KXEPLGAME-25OCT26BOUNFO-NFO,20251026-BOU-NFO,Bournemouth,Nott'm Forest,A,1761487200,no,74766.0,0.22,0.23,0.23,0.24
KXEPLGAME-25OCT26BOUNFO-BOU,20251026-BOU-NFO,Bournemouth,Nott'm Forest,H,1761487200,yes,475905.0,0.54,0.55,0.49,0.5
KXEPLGAME-25OCT25BRELFC-TIE,20251025-BRE-LIV,Brentford,Liverpool,D,1761418800,no,331016.0,0.22,0.23,0.22,0.24
KXEPLGAME-25OCT25BRELFC-LFC,20251025-BRE-LIV,Brentford,Liverpool,A,1761418800,no,1695664.0,0.56,0.58,0.54,0.55
KXEPLGAME-25OCT25BRELFC-BRE,20251025-BRE-LIV,Brentford,Liverpool,H,1761418800,yes,548574.0,0.21,0.23,0.22,0.23
KXEPLGAME-25OCT25MUNBRI-TIE,20251025-MUN-BHA,Man United,Brighton,D,1761409800,no,225122.0,0.23,0.24,0.23,0.25
KXEPLGAME-25OCT25MUNBRI-MUN,20251025-MUN-BHA,Man United,Brighton,H,1761409800,yes,1155138.0,0.49,0.5,0.48,0.49
KXEPLGAME-25OCT25MUNBRI-BRI,20251025-MUN-BHA,Man United,Brighton,A,1761409800,no,298869.0,0.26,0.27,0.28,0.29
KXEPLGAME-25OCT25NEWFUL-TIE,20251025-NEW-FUL,Newcastle,Fulham,D,1761400800,no,230175.0,0.23,0.25,0.23,0.24
KXEPLGAME-25OCT25NEWFUL-NEW,20251025-NEW-FUL,Newcastle,Fulham,H,1761400800,yes,504116.0,0.59,0.61,0.6,0.62
KXEPLGAME-25OCT25NEWFUL-FUL,20251025-NEW-FUL,Newcastle,Fulham,A,1761400800,no,132023.0,0.16,0.18,0.16,0.17
KXEPLGAME-25OCT25CFCSUN-TIE,20251025-CHE-SUN,Chelsea,Sunderland,D,1761400800,no,264986.0,0.17,0.18,0.2,0.21
KXEPLGAME-25OCT25CFCSUN-SUN,20251025-CHE-SUN,Chelsea,Sunderland,A,1761400800,yes,235125.0,0.11,0.12,0.12,0.13
KXEPLGAME-25OCT25CFCSUN-CFC,20251025-CHE-SUN,Chelsea,Sunderland,H,1761400800,no,1353399.0,0.72,0.73,0.69,0.7
KXEPLGAME-25OCT24LEEWHU-WHU,20251024-LEE-WHU,Leeds,West Ham,A,1761332400,no,298822.0,0.21,0.23,0.2,0.21
KXEPLGAME-25OCT24LEEWHU-TIE,20251024-LEE-WHU,Leeds,West Ham,D,1761332400,no,224689.0,0.25,0.27,0.25,0.26
KXEPLGAME-25OCT24LEEWHU-LEE,20251024-LEE-WHU,Leeds,West Ham,H,1761332400,yes,830277.0,0.53,0.54,0.54,0.56
KXEPLGAME-25OCT20WHUBRE-WHU,20251020-WHU-BRE,West Ham,Brentford,H,1760986800,no,315921.0,0.37,0.39,0.33,0.35
KXEPLGAME-25OCT20WHUBRE-TIE,20251020-WHU-BRE,West Ham,Brentford,D,1760986800,no,206739.0,0.27,0.29,0.28,0.29
KXEPLGAME-25OCT20WHUBRE-BRE,20251020-WHU-BRE,West Ham,Brentford,A,1760986800,yes,453880.0,0.33,0.35,0.37,0.39
KXEPLGAME-25OCT19LFCMUN-TIE,20251019-LIV-MUN,Liverpool,Man United,D,1760887800,no,482585.0,0.2,0.22,0.2,0.21
KXEPLGAME-25OCT19LFCMUN-MUN,20251019-LIV-MUN,Liverpool,Man United,A,1760887800,yes,744747.0,0.18,0.2,0.18,0.19
KXEPLGAME-25OCT19LFCMUN-LFC,20251019-LIV-MUN,Liverpool,Man United,H,1760887800,no,1129456.0,0.6,0.61,0.61,0.62
KXEPLGAME-25OCT19TOTAVL-TOT,20251019-TOT-AVL,Tottenham,Aston Villa,H,1760878800,no,527875.0,0.46,0.48,0.44,0.45
KXEPLGAME-25OCT19TOTAVL-TIE,20251019-TOT-AVL,Tottenham,Aston Villa,D,1760878800,no,173755.0,0.26,0.27,0.28,0.29
KXEPLGAME-25OCT19TOTAVL-AVL,20251019-TOT-AVL,Tottenham,Aston Villa,A,1760878800,yes,250810.0,0.26,0.28,0.26,0.28
KXEPLGAME-25OCT18FULARS-TIE,20251018-FUL-ARS,Fulham,Arsenal,D,1760805000,no,131472.0,0.2,0.21,0.22,0.23
KXEPLGAME-25OCT18FULARS-FUL,20251018-FUL-ARS,Fulham,Arsenal,H,1760805000,no,180182.0,0.14,0.16,0.12,0.13
KXEPLGAME-25OCT18FULARS-ARS,20251018-FUL-ARS,Fulham,Arsenal,A,1760805000,yes,1233995.0,0.64,0.65,0.65,0.66
KXEPLGAME-25OCT18SUNWOL-WOL,20251018-SUN-WOL,Sunderland,Wolves,A,1760796000,no,60515.0,0.29,0.3,0.31,0.32
KXEPLGAME-25OCT18SUNWOL-TIE,20251018-SUN-WOL,Sunderland,Wolves,D,1760796000,no,53884.0,0.3,0.32,0.3,0.32
KXEPLGAME-25OCT18SUNWOL-SUN,20251018-SUN-WOL,Sunderland,Wolves,H,1760796000,yes,217950.0,0.39,0.41,0.37,0.39
KXEPLGAME-25OCT18MCIEVE-TIE,20251018-MCI-EVE,Man City,Everton,D,1760796000,no,91582.0,0.17,0.18,0.2,0.21
KXEPLGAME-25OCT18MCIEVE-MCI,20251018-MCI-EVE,Man City,Everton,H,1760796000,yes,825250.0,0.7,0.72,0.67,0.69
KXEPLGAME-25OCT18MCIEVE-EVE,20251018-MCI-EVE,Man City,Everton,A,1760796000,no,108746.0,0.11,0.12,0.1,0.12
KXEPLGAME-25OCT18CRYBOU-TIE,20251018-CRY-BOU,Crystal Palace,Bournemouth,D,1760796000,yes,180193.0,0.27,0.29,0.27,0.29
KXEPLGAME-25OCT18CRYBOU-CRY,20251018-CRY-BOU,Crystal Palace,Bournemouth,H,1760796000,no,276128.0,0.42,0.44,0.45,0.47
KXEPLGAME-25OCT18CRYBOU-BOU,20251018-CRY-BOU,Crystal Palace,Bournemouth,A,1760796000,no,283750.0,0.27,0.29,0.27,0.28
KXEPLGAME-25OCT18BURLEE-TIE,20251018-BUR-LEE,Burnley,Leeds,D,1760796000,no,39637.0,0.28,0.3,0.28,0.3
KXEPLGAME-25OCT18BURLEE-LEE,20251018-BUR-LEE,Burnley,Leeds,A,1760796000,no,108113.0,0.42,0.44,0.45,0.47
KXEPLGAME-25OCT18BURLEE-BUR,20251018-BUR-LEE,Burnley,Leeds,H,1760796000,yes,106861.0,0.26,0.28,0.25,0.26
KXEPLGAME-25OCT18BRINEW-TIE,20251018-BHA-NEW,Brighton,Newcastle,D,1760796000,no,132606.0,0.26,0.28,0.27,0.29
KXEPLGAME-25OCT18BRINEW-NEW,20251018-BHA-NEW,Brighton,Newcastle,A,1760796000,no,202000.0,0.36,0.38,0.39,0.41
KXEPLGAME-25OCT18BRINEW-BRI,20251018-BHA-NEW,Brighton,Newcastle,H,1760796000,yes,217123.0,0.35,0.37,0.32,0.33
KXEPLGAME-25OCT18NFOCFC-TIE,20251018-NFO-CHE,Nott'm Forest,Chelsea,D,1760787000,no,61118.0,0.25,0.26,0.25,0.27
KXEPLGAME-25OCT18NFOCFC-NFO,20251018-NFO-CHE,Nott'm Forest,Chelsea,H,1760787000,no,135227.0,0.24,0.25,0.27,0.28
KXEPLGAME-25OCT18NFOCFC-CFC,20251018-NFO-CHE,Nott'm Forest,Chelsea,A,1760787000,yes,963364.0,0.5,0.51,0.46,0.47
KXEPLGAME-25OCT05BREMCI-TIE,20251005-BRE-MCI,Brentford,Man City,D,1759678200,no,202554.0,0.2,0.22,0.21,0.23
KXEPLGAME-25OCT05BREMCI-MCI,20251005-BRE-MCI,Brentford,Man City,A,1759678200,yes,1302080.0,0.59,0.62,0.61,0.62
KXEPLGAME-25OCT05BREMCI-BRE,20251005-BRE-MCI,Brentford,Man City,H,1759678200,no,125821.0,0.17,0.19,0.17,0.18
KXEPLGAME-25OCT05WOLBRI-TIE,20251005-WOL-BHA,Wolves,Brighton,D,1759669200,yes,128592.0,,,,
KXEPLGAME-25OCT05WOLBRI-BRI,20251005-WOL-BHA,Wolves,Brighton,A,1759669200,no,288345.0,0.47,0.48,0.46,0.48
KXEPLGAME-25OCT05WOLBRI-WOL,20251005-WOL-BHA,Wolves,Brighton,H,1759669200,no,156475.0,0.25,0.27,0.25,0.27
KXEPLGAME-25OCT05NEWNFO-TIE,20251005-NEW-NFO,Newcastle,Nott'm Forest,D,1759669200,no,134395.0,0.2,0.22,0.2,0.21
KXEPLGAME-25OCT05NEWNFO-NFO,20251005-NEW-NFO,Newcastle,Nott'm Forest,A,1759669200,no,59783.0,0.15,0.16,0.14,0.15
KXEPLGAME-25OCT05NEWNFO-NEW,20251005-NEW-NFO,Newcastle,Nott'm Forest,H,1759669200,yes,394089.0,0.63,0.64,0.65,0.66
KXEPLGAME-25OCT05EVECRY-TIE,20251005-EVE-CRY,Everton,Crystal Palace,D,1759669200,no,125101.0,0.29,0.3,0.3,0.32
KXEPLGAME-25OCT05EVECRY-EVE,20251005-EVE-CRY,Everton,Crystal Palace,H,1759669200,yes,139119.0,0.37,0.38,0.34,0.36
KXEPLGAME-25OCT05EVECRY-CRY,20251005-EVE-CRY,Everton,Crystal Palace,A,1759669200,no,396259.0,0.33,0.34,0.34,0.35
KXEPLGAME-25OCT05AVLBUR-TIE,20251005-AVL-BUR,Aston Villa,Burnley,D,1759669200,no,48247.0,0.23,0.24,0.23,0.25
KXEPLGAME-25OCT05AVLBUR-BUR,20251005-AVL-BUR,Aston Villa,Burnley,A,1759669200,no,42811.0,0.14,0.16,0.15,0.17
KXEPLGAME-25OCT05AVLBUR-AVL,20251005-AVL-BUR,Aston Villa,Burnley,H,1759669200,yes,225458.0,0.61,0.62,0.6,0.61
KXEPLGAME-25OCT04CHELFC-TIE,20251004-CHE-LIV,Chelsea,Liverpool,D,1759595400,no,481695.0,0.25,0.27,0.25,0.27
KXEPLGAME-25OCT04CHELFC-LFC,20251004-CHE-LIV,Chelsea,Liverpool,A,1759595400,no,1164925.0,0.42,0.44,0.41,0.43
KXEPLGAME-25OCT04CHELFC-CHE,20251004-CHE-LIV,Chelsea,Liverpool,H,1759595400,yes,530225.0,0.32,0.34,0.32,0.34
KXEPLGAME-25OCT04MUNSUN-TIE,20251004-MUN-SUN,Man United,Sunderland,D,1759586400,no,160114.0,0.19,0.21,0.21,0.22
KXEPLGAME-25OCT04MUNSUN-SUN,20251004-MUN-SUN,Man United,Sunderland,A,1759586400,no,356505.0,0.15,0.17,0.17,0.18
KXEPLGAME-25OCT04MUNSUN-MUN,20251004-MUN-SUN,Man United,Sunderland,H,1759586400,yes,576371.0,0.64,0.65,0.6,0.62
KXEPLGAME-25OCT04ARSWHU-WHU,20251004-ARS-WHU,Arsenal,West Ham,A,1759586400,no,221339.0,0.05,0.07,0.05,0.06
KXEPLGAME-25OCT04ARSWHU-TIE,20251004-ARS-WHU,Arsenal,West Ham,D,1759586400,no,109874.0,0.11,0.12,0.12,0.13
KXEPLGAME-25OCT04ARSWHU-ARS,20251004-ARS-WHU,Arsenal,West Ham,H,1759586400,yes,542255.0,0.82,0.84,0.82,0.83
KXEPLGAME-25OCT04LEETOT-TOT,20251004-LEE-TOT,Leeds,Tottenham,A,1759577400,yes,782476.0,0.39,0.4,0.37,0.38
KXEPLGAME-25OCT04LEETOT-TIE,20251004-LEE-TOT,Leeds,Tottenham,D,1759577400,no,143411.0,0.26,0.28,0.27,0.29
KXEPLGAME-25OCT04LEETOT-LEE,20251004-LEE-TOT,Leeds,Tottenham,H,1759577400,no,213923.0,0.33,0.35,0.34,0.35
KXEPLGAME-25OCT03BOUFUL-TIE,20251003-BOU-FUL,Bournemouth,Fulham,D,1759518000,no,493910.0,0.25,0.26,0.25,0.29
KXEPLGAME-25OCT03BOUFUL-FUL,20251003-BOU-FUL,Bournemouth,Fulham,A,1759518000,no,424229.0,0.21,0.23,0.21,0.25
KXEPLGAME-25OCT03BOUFUL-BOU,20251003-BOU-FUL,Bournemouth,Fulham,H,1759518000,yes,1409768.0,0.51,0.53,0.5,0.51
KXEPLGAME-25SEP29EVEWHU-WHU,20250929-EVE-WHU,Everton,West Ham,A,1759172400,no,568666.0,0.17,0.2,0.16,0.18
KXEPLGAME-25SEP29EVEWHU-TIE,20250929-EVE-WHU,Everton,West Ham,D,1759172400,yes,484593.0,0.23,0.25,0.23,0.25
KXEPLGAME-25SEP29EVEWHU-EVE,20250929-EVE-WHU,Everton,West Ham,H,1759172400,no,723560.0,0.56,0.58,0.58,0.59
KXEPLGAME-25SEP28NEWARS-TIE,20250928-NEW-ARS,Newcastle,Arsenal,D,1759073400,no,379741.0,0.28,0.29,0.28,0.29
KXEPLGAME-25SEP28NEWARS-NEW,20250928-NEW-ARS,Newcastle,Arsenal,H,1759073400,no,451238.0,0.25,0.27,0.25,0.26
KXEPLGAME-25SEP28NEWARS-ARS,20250928-NEW-ARS,Newcastle,Arsenal,A,1759073400,yes,1707256.0,0.46,0.47,0.46,0.47
KXEPLGAME-25SEP28AVLFUL-TIE,20250928-AVL-FUL,Aston Villa,Fulham,D,1759064400,no,78054.0,0.29,0.31,0.29,0.3
KXEPLGAME-25SEP28AVLFUL-FUL,20250928-AVL-FUL,Aston Villa,Fulham,A,1759064400,no,218935.0,0.28,0.29,0.28,0.29
KXEPLGAME-25SEP28AVLFUL-AVL,20250928-AVL-FUL,Aston Villa,Fulham,H,1759064400,yes,214698.0,0.4,0.42,0.41,0.43
KXEPLGAME-25SEP27TOTWOL-WOL,20250927-TOT-WOL,Tottenham,Wolves,A,1758999600,no,327771.0,0.15,0.16,0.13,0.14
KXEPLGAME-25SEP27TOTWOL-TOT,20250927-TOT-WOL,Tottenham,Wolves,H,1758999600,no,1275510.0,0.66,0.67,0.64,0.65
KXEPLGAME-25SEP27TOTWOL-TIE,20250927-TOT-WOL,Tottenham,Wolves,D,1758999600,yes,290981.0,0.19,0.2,0.21,0.22
KXEPLGAME-25SEP27NFOSUN-TIE,20250927-NFO-SUN,Nott'm Forest,Sunderland,D,1758990600,no,124260.0,,,,
KXEPLGAME-25SEP27NFOSUN-SUN,20250927-NFO-SUN,Nott'm Forest,Sunderland,A,1758990600,yes,352942.0,0.19,0.21,0.18,0.2
KXEPLGAME-25SEP27NFOSUN-NFO,20250927-NFO-SUN,Nott'm Forest,Sunderland,H,1758990600,no,198049.0,0.54,0.56,0.56,0.58
KXEPLGAME-25SEP27MCIBUR-TIE,20250927-MCI-BUR,Man City,Burnley,D,1758981600,no,77592.0,0.09,0.11,0.11,0.12
KXEPLGAME-25SEP27MCIBUR-MCI,20250927-MCI-BUR,Man City,Burnley,H,1758981600,yes,574711.0,0.84,0.85,0.83,0.84
KXEPLGAME-25SEP27MCIBUR-BUR,20250927-MCI-BUR,Man City,Burnley,A,1758981600,no,115358.0,0.04,0.06,0.04,0.05
KXEPLGAME-25SEP27LEEBOU-TIE,20250927-LEE-BOU,Leeds,Bournemouth,D,1758981600,yes,96043.0,0.28,0.3,0.28,0.29
KXEPLGAME-25SEP27LEEBOU-LEE,20250927-LEE-BOU,Leeds,Bournemouth,H,1758981600,no,171633.0,0.3,0.32,0.32,0.33
KXEPLGAME-25SEP27LEEBOU-BOU,20250927-LEE-BOU,Leeds,Bournemouth,A,1758981600,no,162944.0,0.39,0.41,0.39,0.4
KXEPLGAME-25SEP27CRYLFC-TIE,20250927-CRY-LIV,Crystal Palace,Liverpool,D,1758981600,no,414279.0,0.24,0.26,0.24,0.26
KXEPLGAME-25SEP27CRYLFC-LFC,20250927-CRY-LIV,Crystal Palace,Liverpool,A,1758981600,no,1447392.0,0.51,0.52,0.53,0.54
KXEPLGAME-25SEP27CRYLFC-CRY,20250927-CRY-LIV,Crystal Palace,Liverpool,H,1758981600,yes,355347.0,0.23,0.25,0.21,0.22
KXEPLGAME-25SEP27CHEBRI-TIE,20250927-CHE-BHA,Chelsea,Brighton,D,1758981600,no,209123.0,0.23,0.24,0.23,0.25
KXEPLGAME-25SEP27CHEBRI-CHE,20250927-CHE-BHA,Chelsea,Brighton,H,1758981600,no,840177.0,0.51,0.53,0.52,0.53
KXEPLGAME-25SEP27CHEBRI-BRI,20250927-CHE-BHA,Chelsea,Brighton,A,1758981600,yes,338365.0,0.23,0.25,0.23,0.24
KXEPLGAME-25SEP27BREMUN-TIE,20250927-BRE-MUN,Brentford,Man United,D,1758972600,no,164111.0,0.24,0.25,0.24,0.26
KXEPLGAME-25SEP27BREMUN-MUN,20250927-BRE-MUN,Brentford,Man United,A,1758972600,no,609232.0,0.47,0.49,0.46,0.48
KXEPLGAME-25SEP27BREMUN-BRE,20250927-BRE-MUN,Brentford,Man United,H,1758972600,yes,335930.0,0.26,0.28,0.28,0.3
KXEPLGAME-25SEP21ARSMCI-TIE,20250921-ARS-MCI,Arsenal,Man City,D,1758468600,yes,437331.0,0.24,0.25,0.24,0.25
KXEPLGAME-25SEP21ARSMCI-MCI,20250921-ARS-MCI,Arsenal,Man City,A,1758468600,no,1420591.0,0.24,0.25,0.24,0.26
KXEPLGAME-25SEP21ARSMCI-ARS,20250921-ARS-MCI,Arsenal,Man City,H,1758468600,no,1134799.0,0.51,0.52,0.5,0.51
KXEPLGAME-25SEP21SUNAVL-TIE,20250921-SUN-AVL,Sunderland,Aston Villa,D,1758459600,yes,217073.0,0.27,0.29,0.28,0.29
KXEPLGAME-25SEP21SUNAVL-SUN,20250921-SUN-AVL,Sunderland,Aston Villa,H,1758459600,no,243279.0,0.26,0.28,0.26,0.27
KXEPLGAME-25SEP21SUNAVL-AVL,20250921-SUN-AVL,Sunderland,Aston Villa,A,1758459600,no,482606.0,0.45,0.47,0.45,0.46
KXEPLGAME-25SEP21BOUNEW-TIE,20250921-BOU-NEW,Bournemouth,Newcastle,D,1758459600,yes,199371.0,0.26,0.28,0.28,0.3
KXEPLGAME-25SEP21BOUNEW-NEW,20250921-BOU-NEW,Bournemouth,Newcastle,A,1758459600,no,213488.0,0.32,0.34,0.27,0.29
KXEPLGAME-25SEP21BOUNEW-BOU,20250921-BOU-NEW,Bournemouth,Newcastle,H,1758459600,no,485826.0,0.39,0.41,0.41,0.43
KXEPLGAME-25SEP20FULBRE-TIE,20250920-FUL-BRE,Fulham,Brentford,D,1758394800,no,139290.0,0.27,0.29,0.27,0.29
KXEPLGAME-25SEP20FULBRE-BRE,20250920-FUL-BRE,Fulham,Brentford,A,1758394800,no,117177.0,,,,
KXEPLGAME-25SEP20FULBRE-FUL,20250920-FUL-BRE,Fulham,Brentford,H,1758394800,yes,470444.0,0.47,0.49,0.45,0.47
KXEPLGAME-25SEP20MUNCHE-TIE,20250920-MUN-CHE,Man United,Chelsea,D,1758385800,no,364382.0,,,,
KXEPLGAME-25SEP20MUNCHE-MUN,20250920-MUN-CHE,Man United,Chelsea,H,1758385800,yes,1064245.0,0.34,0.36,0.35,0.37
KXEPLGAME-25SEP20MUNCHE-CHE,20250920-MUN-CHE,Man United,Chelsea,A,1758385800,no,1299379.0,0.39,0.41,0.38,0.39
KXEPLGAME-25SEP20WOLLEE-WOL,20250920-WOL-LEE,Wolves,Leeds,H,1758376800,no,130376.0,0.34,0.36,0.33,0.34
KXEPLGAME-25SEP20WOLLEE-TIE,20250920-WOL-LEE,Wolves,Leeds,D,1758376800,no,93466.0,0.29,0.31,0.29,0.31
KXEPLGAME-25SEP20WOLLEE-LEE,20250920-WOL-LEE,Wolves,Leeds,A,1758376800,yes,299352.0,0.33,0.35,0.36,0.37
KXEPLGAME-25SEP20WHUCRY-WHU,20250920-WHU-CRY,West Ham,Crystal Palace,H,1758376800,no,116205.0,0.3,0.31,0.3,0.32
KXEPLGAME-25SEP20WHUCRY-TIE,20250920-WHU-CRY,West Ham,Crystal Palace,D,1758376800,no,87392.0,0.27,0.29,0.28,0.3
KXEPLGAME-25SEP20WHUCRY-CRY,20250920-WHU-CRY,West Ham,Crystal Palace,A,1758376800,yes,357153.0,0.41,0.42,0.4,0.41
KXEPLGAME-25SEP20BURNFO-TIE,20250920-BUR-NFO,Burnley,Nott'm Forest,D,1758376800,yes,76628.0,0.26,0.28,0.27,0.29
KXEPLGAME-25SEP20BURNFO-NFO,20250920-BUR-NFO,Burnley,Nott'm Forest,A,1758376800,no,259292.0,0.45,0.47,0.43,0.45
KXEPLGAME-25SEP20BURNFO-BUR,20250920-BUR-NFO,Burnley,Nott'm Forest,H,1758376800,no,84655.0,0.26,0.28,0.27,0.29
KXEPLGAME-25SEP20BRITOT-TOT,20250920-BHA-TOT,Brighton,Tottenham,A,1758376800,no,850511.0,0.32,0.33,0.3,0.32
KXEPLGAME-25SEP20BRITOT-TIE,20250920-BHA-TOT,Brighton,Tottenham,D,1758376800,yes,255072.0,0.26,0.28,0.24,0.26
KXEPLGAME-25SEP20BRITOT-BRI,20250920-BHA-TOT,Brighton,Tottenham,H,1758376800,no,382558.0,,,,
KXEPLGAME-25SEP20LFCEVE-TIE,20250920-LIV-EVE,Liverpool,Everton,D,1758367800,no,106227.0,0.19,0.2,0.19,0.21
KXEPLGAME-25SEP20LFCEVE-LFC,20250920-LIV-EVE,Liverpool,Everton,H,1758367800,yes,992785.0,0.68,0.7,0.67,0.68
KXEPLGAME-25SEP20LFCEVE-EVE,20250920-LIV-EVE,Liverpool,Everton,A,1758367800,no,76238.0,0.11,0.13,0.12,0.14
KXEPLGAME-25SEP14MCIMUN-TIE,20250914-MCI-MUN,Man City,Man United,D,1757863800,no,273627.0,0.23,0.24,0.23,0.24
KXEPLGAME-25SEP14MCIMUN-MUN,20250914-MCI-MUN,Man City,Man United,A,1757863800,no,376893.0,0.2,0.22,0.21,0.22
KXEPLGAME-25SEP14MCIMUN-MCI,20250914-MCI-MUN,Man City,Man United,H,1757863800,yes,867659.0,0.54,0.56,0.54,0.56
KXEPLGAME-25SEP14BURLFC-TIE,20250914-BUR-LIV,Burnley,Liverpool,D,1757854800,no,156834.0,0.15,0.16,0.15,0.16
KXEPLGAME-25SEP14BURLFC-LFC,20250914-BUR-LIV,Burnley,Liverpool,A,1757854800,yes,1639057.0,0.74,0.75,0.74,0.75
KXEPLGAME-25SEP14BURLFC-BUR,20250914-BUR-LIV,Burnley,Liverpool,H,1757854800,no,148361.0,0.09,0.1,0.09,0.1
KXEPLGAME-25SEP13BRECHE-TIE,20250913-BRE-CHE,Brentford,Chelsea,D,1757790000,yes,256342.0,0.24,0.25,0.24,0.26
KXEPLGAME-25SEP13BRECHE-CHE,20250913-BRE-CHE,Brentford,Chelsea,A,1757790000,no,1411554.0,0.54,0.56,0.53,0.54
KXEPLGAME-25SEP13BRECHE-BRE,20250913-BRE-CHE,Brentford,Chelsea,H,1757790000,no,226997.0,0.2,0.21,0.21,0.22
KXEPLGAME-25SEP13WHUTOT-WHU,20250913-WHU-TOT,West Ham,Tottenham,H,1757781000,no,78295.0,0.26,0.27,0.27,0.29
KXEPLGAME-25SEP13WHUTOT-TOT,20250913-WHU-TOT,West Ham,Tottenham,A,1757781000,yes,569106.0,0.47,0.48,0.44,0.45
KXEPLGAME-25SEP13WHUTOT-TIE,20250913-WHU-TOT,West Ham,Tottenham,D,1757781000,no,70728.0,0.25,0.27,0.27,0.28
KXEPLGAME-25SEP13NEWWOL-WOL,20250913-NEW-WOL,Newcastle,Wolves,A,1757772000,no,82497.0,0.11,0.13,0.11,0.12
KXEPLGAME-25SEP13NEWWOL-TIE,20250913-NEW-WOL,Newcastle,Wolves,D,1757772000,no,67716.0,0.18,0.2,0.18,0.2
KXEPLGAME-25SEP13NEWWOL-NEW,20250913-NEW-WOL,Newcastle,Wolves,H,1757772000,yes,379002.0,0.68,0.7,0.69,0.71
KXEPLGAME-25SEP13FULLEE-TIE,20250913-FUL-LEE,Fulham,Leeds,D,1757772000,no,90124.0,0.25,0.27,0.28,0.29
KXEPLGAME-25SEP13FULLEE-LEE,20250913-FUL-LEE,Fulham,Leeds,A,1757772000,no,63200.0,0.23,0.25,0.24,0.25
KXEPLGAME-25SEP13FULLEE-FUL,20250913-FUL-LEE,Fulham,Leeds,H,1757772000,yes,208910.0,0.49,0.51,0.47,0.48
KXEPLGAME-25SEP13EVEAVL-TIE,20250913-EVE-AVL,Everton,Aston Villa,D,1757772000,yes,69825.0,0.28,0.3,0.28,0.29
KXEPLGAME-25SEP13EVEAVL-AVL,20250913-EVE-AVL,Everton,Aston Villa,A,1757772000,no,58062.0,0.32,0.33,0.33,0.34
KXEPLGAME-25SEP13EVEAVL-EVE,20250913-EVE-AVL,Everton,Aston Villa,H,1757772000,no,305375.0,0.38,0.39,0.37,0.38
KXEPLGAME-25SEP13CRYSUN-TIE,20250913-CRY-SUN,Crystal Palace,Sunderland,D,1757772000,yes,91894.0,0.23,0.24,0.24,0.25
KXEPLGAME-25SEP13CRYSUN-SUN,20250913-CRY-SUN,Crystal Palace,Sunderland,A,1757772000,no,88331.0,0.16,0.17,0.17,0.18
KXEPLGAME-25SEP13CRYSUN-CRY,20250913-CRY-SUN,Crystal Palace,Sunderland,H,1757772000,no,153868.0,0.59,0.6,0.57,0.58
KXEPLGAME-25SEP13BOUBRI-TIE,20250913-BOU-BHA,Bournemouth,Brighton,D,1757772000,no,69917.0,0.26,0.28,0.26,0.27
KXEPLGAME-25SEP13BOUBRI-BRI,20250913-BOU-BHA,Bournemouth,Brighton,A,1757772000,no,79462.0,0.33,0.34,0.32,0.33
KXEPLGAME-25SEP13BOUBRI-BOU,20250913-BOU-BHA,Bournemouth,Brighton,H,1757772000,yes,187145.0,0.39,0.4,0.4,0.41
KXEPLGAME-25SEP13ARSNFO-TIE,20250913-ARS-NFO,Arsenal,Nott'm Forest,D,1757763000,no,105287.0,0.17,0.18,0.17,0.19
KXEPLGAME-25SEP13ARSNFO-NFO,20250913-ARS-NFO,Arsenal,Nott'm Forest,A,1757763000,no,75818.0,0.1,0.12,0.1,0.12
KXEPLGAME-25SEP13ARSNFO-ARS,20250913-ARS-NFO,Arsenal,Nott'm Forest,H,1757763000,yes,822183.0,0.71,0.73,0.7,0.72
KXEPLGAME-25AUG31AVLCRY-TIE,20250831-AVL-CRY,Aston Villa,Crystal Palace,D,1756663200,no,197671.0,0.26,0.27,0.27,0.28
KXEPLGAME-25AUG31AVLCRY-CRY,20250831-AVL-CRY,Aston Villa,Crystal Palace,A,1756663200,yes,536273.0,0.22,0.23,0.24,0.25
KXEPLGAME-25AUG31AVLCRY-AVL,20250831-AVL-CRY,Aston Villa,Crystal Palace,H,1756663200,no,332087.0,0.51,0.52,0.46,0.48
KXEPLGAME-25AUG31LFCARS-TIE,20250831-LIV-ARS,Liverpool,Arsenal,D,1756654200,no,347506.0,0.27,0.28,0.28,0.29
KXEPLGAME-25AUG31LFCARS-LFC,20250831-LIV-ARS,Liverpool,Arsenal,H,1756654200,yes,938056.0,0.42,0.44,0.4,0.42
KXEPLGAME-25AUG31LFCARS-ARS,20250831-LIV-ARS,Liverpool,Arsenal,A,1756654200,no,400226.0,0.29,0.31,0.32,0.33
KXEPLGAME-25AUG31NFOWHU-WHU,20250831-NFO-WHU,Nott'm Forest,West Ham,A,1756645200,yes,160405.0,0.17,0.19,0.17,0.18
KXEPLGAME-25AUG31NFOWHU-TIE,20250831-NFO-WHU,Nott'm Forest,West Ham,D,1756645200,no,193017.0,0.23,0.24,0.23,0.25
KXEPLGAME-25AUG31NFOWHU-NFO,20250831-NFO-WHU,Nott'm Forest,West Ham,H,1756645200,no,474799.0,0.58,0.6,0.58,0.59
KXEPLGAME-25AUG31BRIMCI-TIE,20250831-BHA-MCI,Brighton,Man City,D,1756645200,no,228263.0,0.23,0.24,0.25,0.26
KXEPLGAME-25AUG31BRIMCI-MCI,20250831-BHA-MCI,Brighton,Man City,A,1756645200,no,1939397.0,0.52,0.53,0.49,0.5
KXEPLGAME-25AUG31BRIMCI-BRI,20250831-BHA-MCI,Brighton,Man City,H,1756645200,yes,318844.0,0.23,0.24,0.25,0.26
KXEPLGAME-25AUG30LEENEW-TIE,20250830-LEE-NEW,Leeds,Newcastle,D,1756571400,yes,240945.0,0.26,0.28,0.26,0.28
KXEPLGAME-25AUG30LEENEW-NEW,20250830-LEE-NEW,Leeds,Newcastle,A,1756571400,no,694987.0,0.46,0.47,0.43,0.45
KXEPLGAME-25AUG30LEENEW-LEE,20250830-LEE-NEW,Leeds,Newcastle,H,1756571400,no,150993.0,0.26,0.28,0.28,0.3
KXEPLGAME-25AUG30WOLEVE-WOL,20250830-WOL-EVE,Wolves,Everton,H,1756562400,no,47660.0,0.33,0.35,0.28,0.3
KXEPLGAME-25AUG30WOLEVE-TIE,20250830-WOL-EVE,Wolves,Everton,D,1756562400,no,41661.0,0.29,0.31,0.29,0.31
KXEPLGAME-25AUG30WOLEVE-EVE,20250830-WOL-EVE,Wolves,Everton,A,1756562400,yes,224595.0,0.35,0.36,0.4,0.42
KXEPLGAME-25AUG30TOTBOU-TOT,20250830-TOT-BOU,Tottenham,Bournemouth,H,1756562400,no,905892.0,0.57,0.58,0.51,0.53
KXEPLGAME-25AUG30TOTBOU-TIE,20250830-TOT-BOU,Tottenham,Bournemouth,D,1756562400,no,108457.0,0.21,0.23,0.25,0.26
KXEPLGAME-25AUG30TOTBOU-BOU,20250830-TOT-BOU,Tottenham,Bournemouth,A,1756562400,yes,286947.0,0.2,0.22,0.22,0.24
KXEPLGAME-25AUG30SUNBRE-TIE,20250830-SUN-BRE,Sunderland,Brentford,D,1756562400,no,66045.0,0.28,0.3,0.28,0.29
KXEPLGAME-25AUG30SUNBRE-SUN,20250830-SUN-BRE,Sunderland,Brentford,H,1756562400,yes,73307.0,0.31,0.33,0.31,0.33
KXEPLGAME-25AUG30SUNBRE-BRE,20250830-SUN-BRE,Sunderland,Brentford,A,1756562400,no,143141.0,0.37,0.39,0.4,0.41
KXEPLGAME-25AUG30MUNBUR-TIE,20250830-MUN-BUR,Man United,Burnley,D,1756562400,no,272094.0,0.17,0.18,0.17,0.18
KXEPLGAME-25AUG30MUNBUR-MUN,20250830-MUN-BUR,Man United,Burnley,H,1756562400,yes,773570.0,,,,
KXEPLGAME-25AUG30MUNBUR-BUR,20250830-MUN-BUR,Man United,Burnley,A,1756562400,no,218052.0,0.11,0.12,0.12,0.13
KXEPLGAME-25AUG30CHEFUL-TIE,20250830-CHE-FUL,Chelsea,Fulham,D,1756553400,no,76972.0,0.2,0.22,0.22,0.24
KXEPLGAME-25AUG30CHEFUL-FUL,20250830-CHE-FUL,Chelsea,Fulham,A,1756553400,no,201173.0,,,,
KXEPLGAME-25AUG30CHEFUL-CHE,20250830-CHE-FUL,Chelsea,Fulham,H,1756553400,yes,1040911.0,0.63,0.64,0.61,0.62
KXEPLGAME-25AUG25NEWLFC-TIE,20250825-NEW-LIV,Newcastle,Liverpool,D,1756148400,no,735724.0,0.22,0.24,0.25,0.26
KXEPLGAME-25AUG25NEWLFC-NEW,20250825-NEW-LIV,Newcastle,Liverpool,H,1756148400,no,734524.0,0.27,0.28,0.3,0.31
KXEPLGAME-25AUG25NEWLFC-LFC,20250825-NEW-LIV,Newcastle,Liverpool,A,1756148400,yes,2970079.0,0.48,0.5,0.44,0.45
KXEPLGAME-25AUG24FULMUN-TIE,20250824-FUL-MUN,Fulham,Man United,D,1756049400,yes,598396.0,0.26,0.28,0.25,0.27
KXEPLGAME-25AUG24FULMUN-MUN,20250824-FUL-MUN,Fulham,Man United,A,1756049400,no,2459650.0,0.44,0.47,0.46,0.47
KXEPLGAME-25AUG24FULMUN-FUL,20250824-FUL-MUN,Fulham,Man United,H,1756049400,no,210017.0,0.27,0.29,0.26,0.28
KXEPLGAME-25AUG24EVEBRI-TIE,20250824-EVE-BHA,Everton,Brighton,D,1756040400,no,13125.0,0.28,0.3,0.27,0.29
KXEPLGAME-25AUG24EVEBRI-EVE,20250824-EVE-BHA,Everton,Brighton,H,1756040400,yes,115459.0,0.31,0.33,0.3,0.31
KXEPLGAME-25AUG24EVEBRI-BRI,20250824-EVE-BHA,Everton,Brighton,A,1756040400,no,41307.0,0.38,0.4,0.4,0.42
KXEPLGAME-25AUG24CRYNFO-TIE,20250824-CRY-NFO,Crystal Palace,Nott'm Forest,D,1756040400,yes,62036.0,0.28,0.3,0.28,0.3
KXEPLGAME-25AUG24CRYNFO-NFO,20250824-CRY-NFO,Crystal Palace,Nott'm Forest,A,1756040400,no,57652.0,0.28,0.3,0.31,0.32
KXEPLGAME-25AUG24CRYNFO-CRY,20250824-CRY-NFO,Crystal Palace,Nott'm Forest,H,1756040400,no,56031.0,0.41,0.42,0.38,0.4
KXEPLGAME-25AUG23ARSLEE-TIE,20250823-ARS-LEE,Arsenal,Leeds,D,1755966600,no,183064.0,0.13,0.14,0.15,0.17
KXEPLGAME-25AUG23ARSLEE-LEE,20250823-ARS-LEE,Arsenal,Leeds,A,1755966600,no,79924.0,0.07,0.09,0.08,0.1
KXEPLGAME-25AUG23ARSLEE-ARS,20250823-ARS-LEE,Arsenal,Leeds,H,1755966600,yes,1361039.0,0.77,0.78,0.75,0.76
KXEPLGAME-25AUG23BURSUN-TIE,20250823-BUR-SUN,Burnley,Sunderland,D,1755957600,no,19734.0,0.3,0.31,0.3,0.31
KXEPLGAME-25AUG23BURSUN-SUN,20250823-BUR-SUN,Burnley,Sunderland,A,1755957600,no,39348.0,0.28,0.3,0.29,0.3
KXEPLGAME-25AUG23BURSUN-BUR,20250823-BUR-SUN,Burnley,Sunderland,H,1755957600,yes,37090.0,0.4,0.42,0.39,0.41
KXEPLGAME-25AUG23BREAVL-TIE,20250823-BRE-AVL,Brentford,Aston Villa,D,1755957600,no,13475.0,0.25,0.27,0.26,0.28
KXEPLGAME-25AUG23BREAVL-BRE,20250823-BRE-AVL,Brentford,Aston Villa,H,1755957600,yes,63074.0,0.3,0.31,0.3,0.31
KXEPLGAME-25AUG23BREAVL-AVL,20250823-BRE-AVL,Brentford,Aston Villa,A,1755957600,no,113478.0,0.42,0.44,0.43,0.44
KXEPLGAME-25AUG23BOUWOL-WOL,20250823-BOU-WOL,Bournemouth,Wolves,A,1755957600,no,10474.0,0.2,0.21,0.2,0.21
KXEPLGAME-25AUG23BOUWOL-TIE,20250823-BOU-WOL,Bournemouth,Wolves,D,1755957600,no,7061.0,0.23,0.24,0.25,0.26
KXEPLGAME-25AUG23BOUWOL-BOU,20250823-BOU-WOL,Bournemouth,Wolves,H,1755957600,yes,58978.0,0.55,0.57,0.54,0.55
KXEPLGAME-25AUG23MCITOT-TOT,20250823-MCI-TOT,Man City,Tottenham,A,1755948600,yes,920309.0,0.14,0.16,0.14,0.16
KXEPLGAME-25AUG23MCITOT-TIE,20250823-MCI-TOT,Man City,Tottenham,D,1755948600,no,400330.0,0.18,0.2,0.18,0.2
KXEPLGAME-25AUG23MCITOT-MCI,20250823-MCI-TOT,Man City,Tottenham,H,1755948600,no,1003064.0,0.66,0.67,0.65,0.66
KXEPLGAME-25AUG22WHUCHE-WHU,20250822-WHU-CHE,West Ham,Chelsea,H,1755889200,no,310541.0,0.18,0.19,0.17,0.18
KXEPLGAME-25AUG22WHUCHE-TIE,20250822-WHU-CHE,West Ham,Chelsea,D,1755889200,no,184865.0,0.21,0.22,0.24,0.25
KXEPLGAME-25AUG22WHUCHE-CHE,20250822-WHU-CHE,West Ham,Chelsea,A,1755889200,yes,2074599.0,0.6,0.61,0.58,0.59
KXEPLGAME-25AUG18LEEEVE-TIE,20250818-LEE-EVE,Leeds,Everton,D,1755543600,no,77984.0,0.28,0.29,0.29,0.3
KXEPLGAME-25AUG18LEEEVE-EVE,20250818-LEE-EVE,Leeds,Everton,A,1755543600,no,71232.0,0.3,0.32,0.3,0.31
KXEPLGAME-25AUG18LEEEVE-LEE,20250818-LEE-EVE,Leeds,Everton,H,1755543600,yes,86112.0,0.39,0.41,0.4,0.41
KXEPLGAME-25AUG17MUNARS-TIE,20250817-MUN-ARS,Man United,Arsenal,D,1755444600,no,506182.0,0.24,0.25,0.25,0.26
KXEPLGAME-25AUG17MUNARS-ARS,20250817-MUN-ARS,Man United,Arsenal,A,1755444600,yes,1547145.0,0.51,0.52,0.5,0.51
KXEPLGAME-25AUG17MUNARS-MUN,20250817-MUN-ARS,Man United,Arsenal,H,1755444600,no,779119.0,0.23,0.25,0.23,0.25
KXEPLGAME-25AUG17CHECRY-TIE,20250817-CHE-CRY,Chelsea,Crystal Palace,D,1755435600,yes,488309.0,0.21,0.22,0.23,0.24
KXEPLGAME-25AUG17CHECRY-CRY,20250817-CHE-CRY,Chelsea,Crystal Palace,A,1755435600,no,264884.0,0.16,0.18,0.18,0.19
KXEPLGAME-25AUG17CHECRY-CHE,20250817-CHE-CRY,Chelsea,Crystal Palace,H,1755435600,no,1927927.0,0.62,0.63,0.56,0.57
KXEPLGAME-25AUG17NFOBRE-TIE,20250817-NFO-BRE,Nott'm Forest,Brentford,D,1755435600,no,11309.0,0.27,0.29,0.26,0.28
KXEPLGAME-25AUG17NFOBRE-NFO,20250817-NFO-BRE,Nott'm Forest,Brentford,H,1755435600,yes,64285.0,0.45,0.46,0.48,0.49
KXEPLGAME-25AUG17NFOBRE-BRE,20250817-NFO-BRE,Nott'm Forest,Brentford,A,1755435600,no,34415.0,0.25,0.27,0.23,0.24
KXEPLGAME-25AUG16WOLMCI-WOL,20250816-WOL-MCI,Wolves,Man City,H,1755361800,no,201847.0,0.12,0.14,0.13,0.15
KXEPLGAME-25AUG16WOLMCI-TIE,20250816-WOL-MCI,Wolves,Man City,D,1755361800,no,141346.0,0.17,0.19,0.18,0.19
KXEPLGAME-25AUG16WOLMCI-MCI,20250816-WOL-MCI,Wolves,Man City,A,1755361800,yes,1890152.0,0.68,0.7,0.68,0.69
KXEPLGAME-25AUG16TOTBUR-TOT,20250816-TOT-BUR,Tottenham,Burnley,H,1755352800,yes,92152.0,0.7,0.71,0.64,0.65
KXEPLGAME-25AUG16TOTBUR-TIE,20250816-TOT-BUR,Tottenham,Burnley,D,1755352800,no,11364.0,0.18,0.2,0.21,0.22
KXEPLGAME-25AUG16TOTBUR-BUR,20250816-TOT-BUR,Tottenham,Burnley,A,1755352800,no,23256.0,0.1,0.11,0.13,0.14
KXEPLGAME-25AUG16SUNWHU-WHU,20250816-SUN-WHU,Sunderland,West Ham,A,1755352800,no,44341.0,0.43,0.45,0.43,0.44
KXEPLGAME-25AUG16SUNWHU-TIE,20250816-SUN-WHU,Sunderland,West Ham,D,1755352800,no,24425.0,0.27,0.28,0.29,0.31
KXEPLGAME-25AUG16SUNWHU-SUN,20250816-SUN-WHU,Sunderland,West Ham,H,1755352800,yes,32822.0,0.28,0.29,0.26,0.27
KXEPLGAME-25AUG16BRIFUL-TIE,20250816-BHA-FUL,Brighton,Fulham,D,1755352800,yes,35300.0,0.24,0.26,0.25,0.27
KXEPLGAME-25AUG16BRIFUL-FUL,20250816-BHA-FUL,Brighton,Fulham,A,1755352800,no,19364.0,0.22,0.24,0.22,0.23
KXEPLGAME-25AUG16BRIFUL-BRI,20250816-BHA-FUL,Brighton,Fulham,H,1755352800,no,40286.0,0.5,0.52,0.5,0.52
KXEPLGAME-25AUG16AVLNEW-TIE,20250816-AVL-NEW,Aston Villa,Newcastle,D,1755343800,yes,47374.0,0.25,0.27,0.25,0.26
KXEPLGAME-25AUG16AVLNEW-NEW,20250816-AVL-NEW,Aston Villa,Newcastle,A,1755343800,no,48870.0,0.31,0.32,0.3,0.31
KXEPLGAME-25AUG16AVLNEW-AVL,20250816-AVL-NEW,Aston Villa,Newcastle,H,1755343800,no,97307.0,0.41,0.42,0.43,0.45
KXEPLGAME-25AUG15LFCBOU-TIE,20250815-LIV-BOU,Liverpool,Bournemouth,D,1755284400,no,285514.0,0.13,0.15,0.13,0.15
KXEPLGAME-25AUG15LFCBOU-LFC,20250815-LIV-BOU,Liverpool,Bournemouth,H,1755284400,yes,1417950.0,0.77,0.78,0.76,0.77
KXEPLGAME-25AUG15LFCBOU-BOU,20250815-LIV-BOU,Liverpool,Bournemouth,A,1755284400,no,170235.0,0.08,0.1,0.09,0.1
KXEPLGAME-26SEP20FULMUN-MUN,20260920-FUL-MUN,Fulham,Man United,A,1789918200,no,2942187.41,,,,
KXEPLGAME-26SEP20FULMUN-FUL,20260920-FUL-MUN,Fulham,Man United,H,1789918200,no,1269704.5,,,,
KXEPLGAME-26SEP20MCISUN-SUN,20260920-MCI-SUN,Man City,Sunderland,A,1789909200,no,1211532.72,,,,
KXEPLGAME-26SEP20MCISUN-MCI,20260920-MCI-SUN,Man City,Sunderland,H,1789909200,yes,3928828.15,,,,
KXEPLGAME-26SEP20LEECRY-LEE,20260920-LEE-CRY,Leeds,Crystal Palace,H,1789909200,no,576960.44,,,,
KXEPLGAME-26SEP20LEECRY-CRY,20260920-LEE-CRY,Leeds,Crystal Palace,A,1789909200,no,354239.58,,,,
KXEPLGAME-26SEP20BOULFC-LFC,20260920-BOU-LIV,Bournemouth,Liverpool,A,1789909200,yes,1916811.08,,,,
KXEPLGAME-26SEP20BOULFC-BOU,20260920-BOU-LIV,Bournemouth,Liverpool,H,1789909200,no,360484.77,,,,
KXEPLGAME-26SEP19NFOCOV-NFO,20260919-NFO-COV,Nott'm Forest,Coventry,H,1789835400,no,1480399.86,,,,
KXEPLGAME-26SEP19NFOCOV-COV,20260919-NFO-COV,Nott'm Forest,Coventry,A,1789835400,yes,1576482.17,,,,
KXEPLGAME-26SEP19NEWHUL-NEW,20260919-NEW-HUL,Newcastle,Hull,H,1789826400,yes,970787.89,,,,
KXEPLGAME-26SEP19NEWHUL-HUL,20260919-NEW-HUL,Newcastle,Hull,A,1789826400,no,1125474.49,,,,
KXEPLGAME-26SEP19EVEIPS-IPS,20260919-EVE-IPS,Everton,Ipswich,A,1789826400,no,375357.43,,,,
KXEPLGAME-26SEP19EVEIPS-EVE,20260919-EVE-IPS,Everton,Ipswich,H,1789826400,yes,712683.95,,,,
KXEPLGAME-26SEP19BRIARS-BRI,20260919-BHA-ARS,Brighton,Arsenal,H,1789826400,yes,1664127.41,,,,
KXEPLGAME-26SEP19BRIARS-ARS,20260919-BHA-ARS,Brighton,Arsenal,A,1789826400,no,4731966.14,,,,
KXEPLGAME-26SEP19TOTAVL-TOT,20260919-TOT-AVL,Tottenham,Aston Villa,H,1789817400,no,1107980.47,,,,
KXEPLGAME-26SEP19TOTAVL-AVL,20260919-TOT-AVL,Tottenham,Aston Villa,A,1789817400,yes,1859729.3,,,,
KXEPLGAME-26SEP18BRECFC-CFC,20260918-BRE-CHE,Brentford,Chelsea,A,1789758000,no,5190933.24,,,,
KXEPLGAME-26SEP18BRECFC-BRE,20260918-BRE-CHE,Brentford,Chelsea,H,1789758000,yes,2325159.46,,,,
KXEPLGAME-26SEP14LEENEW-NEW,20260914-LEE-NEW,Leeds,Newcastle,A,1789412400,no,1015182.66,,,,
KXEPLGAME-26SEP14LEENEW-LEE,20260914-LEE-NEW,Leeds,Newcastle,H,1789412400,yes,774710.54,,,,
KXEPLGAME-26SEP13MUNMCI-MUN,20260913-MUN-MCI,Man United,Man City,H,1789313400,no,2789968.53,,,,
KXEPLGAME-26SEP13MUNMCI-MCI,20260913-MUN-MCI,Man United,Man City,A,1789313400,yes,6695965.31,,,,
KXEPLGAME-26SEP13COVBRI-COV,20260913-COV-BHA,Coventry,Brighton,H,1789304400,no,338972.5,,,,
KXEPLGAME-26SEP13COVBRI-BRI,20260913-COV-BHA,Coventry,Brighton,A,1789304400,yes,894749.55,,,,
KXEPLGAME-26SEP12SUNARS-SUN,20260912-SUN-ARS,Sunderland,Arsenal,H,1789239600,no,1026133.16,,,,
KXEPLGAME-26SEP12SUNARS-ARS,20260912-SUN-ARS,Sunderland,Arsenal,A,1789239600,yes,4994000.79,,,,
KXEPLGAME-26SEP12TOTEVE-TOT,20260912-TOT-EVE,Tottenham,Everton,H,1789230600,no,1625245.22,,,,
KXEPLGAME-26SEP12TOTEVE-EVE,20260912-TOT-EVE,Tottenham,Everton,A,1789230600,no,777503.81,,,,
KXEPLGAME-26SEP12LFCFUL-LFC,20260912-LIV-FUL,Liverpool,Fulham,H,1789221600,no,2964308.37,,,,
KXEPLGAME-26SEP12LFCFUL-FUL,20260912-LIV-FUL,Liverpool,Fulham,A,1789221600,no,594639.75,,,,
KXEPLGAME-26SEP12CRYIPS-IPS,20260912-CRY-IPS,Crystal Palace,Ipswich,A,1789221600,yes,411009.82,,,,
KXEPLGAME-26SEP12CRYIPS-CRY,20260912-CRY-IPS,Crystal Palace,Ipswich,H,1789221600,no,810509.23,,,,
KXEPLGAME-26SEP12CFCHUL-HUL,20260912-CHE-HUL,Chelsea,Hull,A,1789221600,no,1984758.86,,,,
KXEPLGAME-26SEP12CFCHUL-CFC,20260912-CHE-HUL,Chelsea,Hull,H,1789221600,no,2071224.1,,,,
KXEPLGAME-26SEP12BOUBRE-BRE,20260912-BOU-BRE,Bournemouth,Brentford,A,1789221600,no,262257.36,,,,
KXEPLGAME-26SEP12BOUBRE-BOU,20260912-BOU-BRE,Bournemouth,Brentford,H,1789221600,no,391358.39,,,,
KXEPLGAME-26SEP12AVLNFO-NFO,20260912-AVL-NFO,Aston Villa,Nott'm Forest,A,1789221600,yes,584770.4,,,,
KXEPLGAME-26SEP12AVLNFO-AVL,20260912-AVL-NFO,Aston Villa,Nott'm Forest,H,1789221600,no,988622.81,,,,
KXEPLGAME-26SEP06ARSCFC-CFC,20260906-ARS-CHE,Arsenal,Chelsea,A,1788708600,no,4725408.75,,,,
KXEPLGAME-26SEP06ARSCFC-ARS,20260906-ARS-CHE,Arsenal,Chelsea,H,1788708600,yes,3924268.63,,,,
KXEPLGAME-26SEP06EVEMUN-MUN,20260906-EVE-MUN,Everton,Man United,A,1788699600,no,3722389.57,,,,
KXEPLGAME-26SEP06EVEMUN-EVE,20260906-EVE-MUN,Everton,Man United,H,1788699600,no,814974.66,,,,
KXEPLGAME-26SEP05HULAVL-HUL,20260905-HUL-AVL,Hull,Aston Villa,H,1788625800,no,1220790.99,,,,
KXEPLGAME-26SEP05HULAVL-AVL,20260905-HUL-AVL,Hull,Aston Villa,A,1788625800,no,913928.92,,,,
KXEPLGAME-26SEP05NFOTOT-TOT,20260905-NFO-TOT,Nott'm Forest,Tottenham,A,1788616800,no,895478.06,,,,
KXEPLGAME-26SEP05NFOTOT-NFO,20260905-NFO-TOT,Nott'm Forest,Tottenham,H,1788616800,no,693525.88,,,,
KXEPLGAME-26SEP05MCICOV-MCI,20260905-MCI-COV,Man City,Coventry,H,1788616800,yes,3842201.43,,,,
KXEPLGAME-26SEP05MCICOV-COV,20260905-MCI-COV,Man City,Coventry,A,1788616800,no,1361316.25,,,,
KXEPLGAME-26SEP05FULCRY-FUL,20260905-FUL-CRY,Fulham,Crystal Palace,H,1788616800,no,439214.33,,,,
KXEPLGAME-26SEP05FULCRY-CRY,20260905-FUL-CRY,Fulham,Crystal Palace,A,1788616800,yes,580351.95,,,,
KXEPLGAME-26SEP05BRILEE-LEE,20260905-BHA-LEE,Brighton,Leeds,A,1788616800,no,340940.99,,,,
KXEPLGAME-26SEP05BRILEE-BRI,20260905-BHA-LEE,Brighton,Leeds,H,1788616800,no,628375.84,,,,
KXEPLGAME-26SEP05BRESUN-SUN,20260905-BRE-SUN,Brentford,Sunderland,A,1788616800,no,403822.13,,,,
KXEPLGAME-26SEP05BRESUN-BRE,20260905-BRE-SUN,Brentford,Sunderland,H,1788616800,no,438094.45,,,,
KXEPLGAME-26SEP05NEWBOU-NEW,20260905-NEW-BOU,Newcastle,Bournemouth,H,1788607800,no,1687649.67,,,,
KXEPLGAME-26SEP05NEWBOU-BOU,20260905-NEW-BOU,Newcastle,Bournemouth,A,1788607800,no,618146.3,,,,
KXEPLGAME-26SEP04IPSLFC-LFC,20260904-IPS-LIV,Ipswich,Liverpool,A,1788548400,yes,2948783.56,,,,
KXEPLGAME-26SEP04IPSLFC-IPS,20260904-IPS-LIV,Ipswich,Liverpool,H,1788548400,no,473273.85,,,,
KXEPLGAME-26AUG31AVLARS-AVL,20260831-AVL-ARS,Aston Villa,Arsenal,H,1788202800,no,1379637.48,,,,
KXEPLGAME-26AUG31AVLARS-ARS,20260831-AVL-ARS,Aston Villa,Arsenal,A,1788202800,yes,7332953.52,,,,
KXEPLGAME-26AUG30MUNIPS-MUN,20260830-MUN-IPS,Man United,Ipswich,H,1788103800,yes,3150046.97,,,,
KXEPLGAME-26AUG30MUNIPS-IPS,20260830-MUN-IPS,Man United,Ipswich,A,1788103800,no,1181741.74,,,,
KXEPLGAME-26AUG30SUNFUL-SUN,20260830-SUN-FUL,Sunderland,Fulham,H,1788094800,yes,697654.56,,,,
KXEPLGAME-26AUG30SUNFUL-FUL,20260830-SUN-FUL,Sunderland,Fulham,A,1788094800,no,492414.83,,,,
KXEPLGAME-26AUG30LEEBRE-LEE,20260830-LEE-BRE,Leeds,Brentford,H,1788094800,no,535404.73,,,,
KXEPLGAME-26AUG30LEEBRE-BRE,20260830-LEE-BRE,Leeds,Brentford,A,1788094800,no,1394480.9,,,,
KXEPLGAME-26AUG30CFCBRI-CFC,20260830-CHE-BHA,Chelsea,Brighton,H,1788094800,yes,3329512.48,,,,
KXEPLGAME-26AUG30CFCBRI-BRI,20260830-CHE-BHA,Chelsea,Brighton,A,1788094800,no,1043434.26,,,,
KXEPLGAME-26AUG29TOTNEW-TOT,20260829-TOT-NEW,Tottenham,Newcastle,H,1788021000,no,1377565.61,,,,
KXEPLGAME-26AUG29TOTNEW-NEW,20260829-TOT-NEW,Tottenham,Newcastle,A,1788021000,yes,1727965.88,,,,
KXEPLGAME-26AUG29COVHUL-HUL,20260829-COV-HUL,Coventry,Hull,A,1788012000,yes,1422247.7,,,,
KXEPLGAME-26AUG29COVHUL-COV,20260829-COV-HUL,Coventry,Hull,H,1788012000,no,628627.37,,,,
KXEPLGAME-26AUG29BOUEVE-EVE,20260829-BOU-EVE,Bournemouth,Everton,A,1788012000,no,699787.11,,,,
KXEPLGAME-26AUG29BOUEVE-BOU,20260829-BOU-EVE,Bournemouth,Everton,H,1788012000,no,894836.57,,,,
KXEPLGAME-26AUG29LFCNFO-NFO,20260829-LIV-NFO,Liverpool,Nott'm Forest,A,1788003000,no,2134703.67,,,,
KXEPLGAME-26AUG29LFCNFO-LFC,20260829-LIV-NFO,Liverpool,Nott'm Forest,H,1788003000,no,4730363.44,,,,
KXEPLGAME-26AUG28CRYMCI-MCI,20260828-CRY-MCI,Crystal Palace,Man City,A,1787943600,yes,4102937.93,,,,
KXEPLGAME-26AUG28CRYMCI-CRY,20260828-CRY-MCI,Crystal Palace,Man City,H,1787943600,no,588520.95,,,,
KXEPLGAME-26AUG24FULCFC-FUL,20260824-FUL-CHE,Fulham,Chelsea,H,1787598000,no,1547978.57,,,,
KXEPLGAME-26AUG24FULCFC-CFC,20260824-FUL-CHE,Fulham,Chelsea,A,1787598000,yes,5342375.48,,,,
KXEPLGAME-26AUG23NEWLFC-NEW,20260823-NEW-LIV,Newcastle,Liverpool,H,1787499000,no,1935195.95,,,,
KXEPLGAME-26AUG23NEWLFC-LFC,20260823-NEW-LIV,Newcastle,Liverpool,A,1787499000,no,3851033.6,,,,
KXEPLGAME-26AUG23MCIBOU-MCI,20260823-MCI-BOU,Man City,Bournemouth,H,1787490000,yes,4389972.57,,,,
KXEPLGAME-26AUG23MCIBOU-BOU,20260823-MCI-BOU,Man City,Bournemouth,A,1787490000,no,1422044.4,,,,
KXEPLGAME-26AUG23BRIAVL-BRI,20260823-BHA-AVL,Brighton,Aston Villa,H,1787490000,yes,547723.28,,,,
KXEPLGAME-26AUG23BRIAVL-AVL,20260823-BHA-AVL,Brighton,Aston Villa,A,1787490000,no,636250.65,,,,
KXEPLGAME-26AUG22BRETOT-TOT,20260822-BRE-TOT,Brentford,Tottenham,A,1787416200,no,1704038.91,,,,
KXEPLGAME-26AUG22BRETOT-BRE,20260822-BRE-TOT,Brentford,Tottenham,H,1787416200,yes,1286417.48,,,,
KXEPLGAME-26AUG22NFOLEE-NFO,20260822-NFO-LEE,Nott'm Forest,Leeds,H,1787407200,no,353106.36,,,,
KXEPLGAME-26AUG22NFOLEE-LEE,20260822-NFO-LEE,Nott'm Forest,Leeds,A,1787407200,yes,631763.62,,,,
KXEPLGAME-26AUG22IPSSUN-SUN,20260822-IPS-SUN,Ipswich,Sunderland,A,1787407200,no,440639.08,,,,
KXEPLGAME-26AUG22IPSSUN-IPS,20260822-IPS-SUN,Ipswich,Sunderland,H,1787407200,yes,313796.81,,,,
KXEPLGAME-26AUG22EVECRY-EVE,20260822-EVE-CRY,Everton,Crystal Palace,H,1787407200,yes,1076729.21,,,,
KXEPLGAME-26AUG22EVECRY-CRY,20260822-EVE-CRY,Everton,Crystal Palace,A,1787407200,no,259669.92,,,,
KXEPLGAME-26AUG22HULMUN-MUN,20260822-HUL-MUN,Hull,Man United,A,1787398200,no,2199072.34,,,,
KXEPLGAME-26AUG22HULMUN-HUL,20260822-HUL-MUN,Hull,Man United,H,1787398200,yes,1996169.37,,,,
KXEPLGAME-26AUG21ARSCOV-COV,20260821-ARS-COV,Arsenal,Coventry,A,1787338800,no,932907.28,,,,
KXEPLGAME-26AUG21ARSCOV-ARS,20260821-ARS-COV,Arsenal,Coventry,H,1787338800,yes,2474488.58,,,,
KXEPLGAME-26SEP20FULMUN-TIE,20260920-FUL-MUN,Fulham,Man United,D,1789918200,yes,1131905.27,,,,
KXEPLGAME-26SEP20MCISUN-TIE,20260920-MCI-SUN,Man City,Sunderland,D,1789909200,no,490134.19,,,,
KXEPLGAME-26SEP20LEECRY-TIE,20260920-LEE-CRY,Leeds,Crystal Palace,D,1789909200,yes,250236.11,,,,
KXEPLGAME-26SEP20BOULFC-TIE,20260920-BOU-LIV,Bournemouth,Liverpool,D,1789909200,no,238041.75,,,,
KXEPLGAME-26SEP19NFOCOV-TIE,20260919-NFO-COV,Nott'm Forest,Coventry,D,1789835400,no,541672.15,,,,
KXEPLGAME-26SEP19NEWHUL-TIE,20260919-NEW-HUL,Newcastle,Hull,D,1789826400,no,482473.01,,,,
KXEPLGAME-26SEP19EVEIPS-TIE,20260919-EVE-IPS,Everton,Ipswich,D,1789826400,no,268398.95,,,,
KXEPLGAME-26SEP19BRIARS-TIE,20260919-BHA-ARS,Brighton,Arsenal,D,1789826400,no,814102.62,,,,
KXEPLGAME-26SEP19TOTAVL-TIE,20260919-TOT-AVL,Tottenham,Aston Villa,D,1789817400,no,558736.28,,,,
KXEPLGAME-26SEP18BRECFC-TIE,20260918-BRE-CHE,Brentford,Chelsea,D,1789758000,no,1323056.88,,,,
KXEPLGAME-26SEP14LEENEW-TIE,20260914-LEE-NEW,Leeds,Newcastle,D,1789412400,no,475790.97,,,,
KXEPLGAME-26SEP13MUNMCI-TIE,20260913-MUN-MCI,Man United,Man City,D,1789313400,no,1570494.65,,,,
KXEPLGAME-26SEP13COVBRI-TIE,20260913-COV-BHA,Coventry,Brighton,D,1789304400,no,181347.17,,,,
KXEPLGAME-26SEP12SUNARS-TIE,20260912-SUN-ARS,Sunderland,Arsenal,D,1789239600,no,649154.45,,,,
KXEPLGAME-26SEP12TOTEVE-TIE,20260912-TOT-EVE,Tottenham,Everton,D,1789230600,yes,633472.59,,,,
KXEPLGAME-26SEP12LFCFUL-TIE,20260912-LIV-FUL,Liverpool,Fulham,D,1789221600,yes,531981.07,,,,
KXEPLGAME-26SEP12CRYIPS-TIE,20260912-CRY-IPS,Crystal Palace,Ipswich,D,1789221600,no,354473.53,,,,
KXEPLGAME-26SEP12CFCHUL-TIE,20260912-CHE-HUL,Chelsea,Hull,D,1789221600,yes,1190439.9,,,,
KXEPLGAME-26SEP12BOUBRE-TIE,20260912-BOU-BRE,Bournemouth,Brentford,D,1789221600,yes,289407.95,,,,
KXEPLGAME-26SEP12AVLNFO-TIE,20260912-AVL-NFO,Aston Villa,Nott'm Forest,D,1789221600,no,478511.08,,,,
KXEPLGAME-26SEP06ARSCFC-TIE,20260906-ARS-CHE,Arsenal,Chelsea,D,1788708600,no,1418300.53,,,,
KXEPLGAME-26SEP06EVEMUN-TIE,20260906-EVE-MUN,Everton,Man United,D,1788699600,yes,1197223.19,,,,
KXEPLGAME-26SEP05HULAVL-TIE,20260905-HUL-AVL,Hull,Aston Villa,D,1788625800,yes,435036.76,,,,
KXEPLGAME-26SEP05NFOTOT-TIE,20260905-NFO-TOT,Nott'm Forest,Tottenham,D,1788616800,yes,471232.61,,,,
KXEPLGAME-26SEP05MCICOV-TIE,20260905-MCI-COV,Man City,Coventry,D,1788616800,no,637075.64,,,,
KXEPLGAME-26SEP05FULCRY-TIE,20260905-FUL-CRY,Fulham,Crystal Palace,D,1788616800,no,190199.47,,,,
KXEPLGAME-26SEP05BRILEE-TIE,20260905-BHA-LEE,Brighton,Leeds,D,1788616800,yes,289221.02,,,,
KXEPLGAME-26SEP05BRESUN-TIE,20260905-BRE-SUN,Brentford,Sunderland,D,1788616800,yes,265644.98,,,,
KXEPLGAME-26SEP05NEWBOU-TIE,20260905-NEW-BOU,Newcastle,Bournemouth,D,1788607800,yes,554475.44,,,,
KXEPLGAME-26SEP04IPSLFC-TIE,20260904-IPS-LIV,Ipswich,Liverpool,D,1788548400,no,224950.16,,,,
KXEPLGAME-26AUG31AVLARS-TIE,20260831-AVL-ARS,Aston Villa,Arsenal,D,1788202800,no,772027.03,,,,
KXEPLGAME-26AUG30MUNIPS-TIE,20260830-MUN-IPS,Man United,Ipswich,D,1788103800,no,524834.48,,,,
KXEPLGAME-26AUG30SUNFUL-TIE,20260830-SUN-FUL,Sunderland,Fulham,D,1788094800,no,278586.16,,,,
KXEPLGAME-26AUG30LEEBRE-TIE,20260830-LEE-BRE,Leeds,Brentford,D,1788094800,yes,535916.52,,,,
KXEPLGAME-26AUG30CFCBRI-TIE,20260830-CHE-BHA,Chelsea,Brighton,D,1788094800,no,433472.05,,,,
KXEPLGAME-26AUG29TOTNEW-TIE,20260829-TOT-NEW,Tottenham,Newcastle,D,1788021000,no,640696.66,,,,
KXEPLGAME-26AUG29COVHUL-TIE,20260829-COV-HUL,Coventry,Hull,D,1788012000,no,477129.49,,,,
KXEPLGAME-26AUG29BOUEVE-TIE,20260829-BOU-EVE,Bournemouth,Everton,D,1788012000,yes,412720.7,,,,
KXEPLGAME-26AUG29LFCNFO-TIE,20260829-LIV-NFO,Liverpool,Nott'm Forest,D,1788003000,yes,1538830.35,,,,
KXEPLGAME-26AUG28CRYMCI-TIE,20260828-CRY-MCI,Crystal Palace,Man City,D,1787943600,no,248905.71,,,,
KXEPLGAME-26AUG24FULCFC-TIE,20260824-FUL-CHE,Fulham,Chelsea,D,1787598000,no,880585.56,,,,
KXEPLGAME-26AUG23NEWLFC-TIE,20260823-NEW-LIV,Newcastle,Liverpool,D,1787499000,yes,1198062.74,,,,
KXEPLGAME-26AUG23MCIBOU-TIE,20260823-MCI-BOU,Man City,Bournemouth,D,1787490000,no,1138272.06,,,,
KXEPLGAME-26AUG23BRIAVL-TIE,20260823-BHA-AVL,Brighton,Aston Villa,D,1787490000,no,171885.65,,,,
KXEPLGAME-26AUG22BRETOT-TIE,20260822-BRE-TOT,Brentford,Tottenham,D,1787416200,no,531079.84,,,,
KXEPLGAME-26AUG22NFOLEE-TIE,20260822-NFO-LEE,Nott'm Forest,Leeds,D,1787407200,no,184107.86,,,,
KXEPLGAME-26AUG22IPSSUN-TIE,20260822-IPS-SUN,Ipswich,Sunderland,D,1787407200,no,240322.03,,,,
KXEPLGAME-26AUG22EVECRY-TIE,20260822-EVE-CRY,Everton,Crystal Palace,D,1787407200,no,142686.37,,,,
KXEPLGAME-26AUG22HULMUN-TIE,20260822-HUL-MUN,Hull,Man United,D,1787398200,no,332018.99,,,,
KXEPLGAME-26AUG21ARSCOV-TIE,20260821-ARS-COV,Arsenal,Coventry,D,1787338800,no,430378.27,,,,
