token,match_id,home,away,selection,kickoff_ts,result,volume,fee_rate,price_24h,price_1h
85267897788071406800513999494826888035904600564113100546976967938069738327067,20251204-MUN-WHU,Man United,West Ham,H,1764878400,no,1765262.698342,,0.665,0.695
100659475562181033166836424510314553461671805968412866890768398418479828089659,20251204-MUN-WHU,Man United,West Ham,D,1764878400,yes,392933.627254,,0.19,0.185
35817385011946663665302930727196200139821450419688522846357025262327359271362,20251204-MUN-WHU,Man United,West Ham,A,1764878400,no,424619.910451,,0.145,0.125
91381047527843887564171655771910516707636580877488199249646165493277710334569,20251206-AVL-ARS,Aston Villa,Arsenal,H,1765024200,yes,727968.567101,,0.215,0.215
104735180858165640922495415187869731302970929675330636887553329634159935736203,20251206-AVL-ARS,Aston Villa,Arsenal,D,1765024200,no,257387.222225,,0.275,0.275
31524876295458950286970439039863849986299639345794217691082532853134662479599,20251206-AVL-ARS,Aston Villa,Arsenal,A,1765024200,no,1439680.204597,,0.505,0.505
18746476986977037098087867572650610270400741407436058265540551951354437932092,20251206-BOU-CHE,Bournemouth,Chelsea,H,1765033200,no,515057.059641,,0.295,0.275
110433249027839682994236478746065634314296602090073226363016994526168685543465,20251206-BOU-CHE,Bournemouth,Chelsea,D,1765033200,yes,107578.732929,,0.255,0.245
66250402789419380532287588963385390567850832034514336790273482239420714137347,20251206-BOU-CHE,Bournemouth,Chelsea,A,1765033200,no,728183.959329,,0.455,0.475
85828552911410572075666698243304118902146969511381246168575383068991736208072,20251206-NEW-BUR,Newcastle,Burnley,H,1765033200,yes,659754.977449,,0.765,0.745
19842699976276062194801855873170129889556720471487019582352253213188474033516,20251206-NEW-BUR,Newcastle,Burnley,D,1765033200,no,10643.411297,,0.145,0.165
84904451878662236396768214285029248577861703652473348451771496743093442694223,20251206-NEW-BUR,Newcastle,Burnley,A,1765033200,no,64604.582063,,0.085,0.09
104161275517574330281353476967705360496879723839115839790800266928224054599120,20251206-MCI-SUN,Man City,Sunderland,H,1765033200,yes,470818.504621,,0.78,0.765
75122393052355521466283936842164714542408069470040348879768974729608104984564,20251206-MCI-SUN,Man City,Sunderland,D,1765033200,no,27460.059041,,0.135,0.155
70036612289531178453529520062483335282550927629037549717004853073519516938599,20251206-MCI-SUN,Man City,Sunderland,A,1765033200,no,279249.117176,,0.075,0.085
106588792581725367403543007344929579679696804688998185917280188181581543742405,20251206-EVE-NFO,Everton,Nott'm Forest,H,1765033200,yes,166134.591824,,0.445,0.445
78239718269593091897884987591776623704983092348404835218919530028840106011998,20251206-EVE-NFO,Everton,Nott'm Forest,D,1765033200,no,15273.976828,,0.295,0.295
2074558518981197065520011067774412519297610050319357323404369438894060883877,20251206-EVE-NFO,Everton,Nott'm Forest,A,1765033200,no,62554.978735,,0.265,0.255
74704637006353399622621144559197191259623306685564872471678808873457574242466,20251206-TOT-BRE,Tottenham,Brentford,H,1765033200,yes,400820.231088,,0.415,0.405
27636110653426986873576365296274103047794480328213504766264530623845866538016,20251206-TOT-BRE,Tottenham,Brentford,D,1765033200,no,43931.209393,,0.275,0.285
39986717203425808186504358949346441468759842934073468218146355875257032093542,20251206-TOT-BRE,Tottenham,Brentford,A,1765033200,no,85943.416528,,0.315,0.315
90331560691000397455749837546714300811838934855830219519691057161587674555443,20251206-LEE-LIV,Leeds,Liverpool,H,1765042200,no,281476.676902,,0.235,0.225
78900772628146195132533133933887823784439928488825451634838737013622239489715,20251206-LEE-LIV,Leeds,Liverpool,D,1765042200,yes,128986.131935,,0.245,0.245
24580326974482394779156716161025137123273126675247091861529532153773112093905,20251206-LEE-LIV,Leeds,Liverpool,A,1765042200,no,1093121.925963,,0.525,0.525
92117267915320926399881672453015339959918309365273899216398653776846773774985,20251207-BHA-WHU,Brighton,West Ham,H,1765116000,no,403509.66595,,0.625,0.605
91862787576663593110828004018389198028372657447052365064742910695901241302500,20251207-BHA-WHU,Brighton,West Ham,D,1765116000,yes,120673.257716,,0.215,0.215
25075253696725511930635743683319848295432947418295991212388362018388075099395,20251207-BHA-WHU,Brighton,West Ham,A,1765116000,no,206515.664832,,0.165,0.175
21863669464869493151380958094989813982124428858570602957478585687245986047214,20251207-FUL-CRY,Fulham,Crystal Palace,H,1765125000,no,328353.604959,,0.37,0.365
14572018423978260743046443666170953968870630640056937690613314913455455892034,20251207-FUL-CRY,Fulham,Crystal Palace,D,1765125000,no,125933.702921,,0.295,0.295
39077265727514998671736385692660694429156862823204483889493391039382898884104,20251207-FUL-CRY,Fulham,Crystal Palace,A,1765125000,yes,243740.445826,,0.345,0.335
75443456495295999381737432978149980281492389529807273374691622050052920824261,20251208-WOL-MUN,Wolves,Man United,H,1765224000,no,1053152.330716,,0.195,0.175
93383097431849435610351921794180094356831470672091597712347761665715029137440,20251208-WOL-MUN,Wolves,Man United,D,1765224000,no,118318.532114,,0.225,0.215
99605167769840724122914107499339666394190064110509380632543089888182919470349,20251208-WOL-MUN,Wolves,Man United,A,1765224000,yes,3601031.387604,,0.585,0.605
50304571220619662003834893635443339686718750339545803229680401995853190168974,20251213-LIV-BHA,Liverpool,Brighton,H,1765638000,yes,946386.709366,,0.575,0.565
82233405556557213500266595153790675061669414201958017407189189090491215772037,20251213-LIV-BHA,Liverpool,Brighton,D,1765638000,no,100023.584726,,0.225,0.235
44221661354837874807340977038531361503010506778864338646769178285953713375695,20251213-LIV-BHA,Liverpool,Brighton,A,1765638000,no,298771.497545,,0.2,0.205
22600883523922603308940035208026990679526921469657948846028347319771527250598,20251213-CHE-EVE,Chelsea,Everton,H,1765638000,yes,867952.276262,,0.585,0.565
94922202412104626777299761569630984877938503017987571195260584298576967777455,20251213-CHE-EVE,Chelsea,Everton,D,1765638000,no,69375.88031,,0.235,0.245
97227601866204767837107793630595053097638701635718613744458058428067407250768,20251213-CHE-EVE,Chelsea,Everton,A,1765638000,no,122226.696627,,0.184,0.1955
75199684284733512516844175779913426128436050316515238252776114580702430811084,20251213-BUR-FUL,Burnley,Fulham,H,1765647000,no,407426.919416,,0.235,0.245
90664964327420170339557424434886022719555039468821339381776037026857328673764,20251213-BUR-FUL,Burnley,Fulham,D,1765647000,no,147692.989941,,0.265,0.285
483525005495263570809257755794988523487195869368068136910276639971931986565,20251213-BUR-FUL,Burnley,Fulham,A,1765647000,yes,386355.660248,,0.5,0.475
89448093092231532166757549541579677037688683966355384278884223063561207453811,20251213-ARS-WOL,Arsenal,Wolves,H,1765656000,yes,2475825.332699,,0.875,0.865
35876171916763056390811860845735235034036735691767309582880608536378089844580,20251213-ARS-WOL,Arsenal,Wolves,D,1765656000,no,152356.98065,,0.095,0.1
58076627159188793986261956017870176201254001320745812684757941114549656396488,20251213-ARS-WOL,Arsenal,Wolves,A,1765656000,no,237455.395753,,0.036,0.0425
113564732721351882714344713951768981224270175520771882809686617602020852936243,20251214-CRY-MCI,Crystal Palace,Man City,H,1765720800,no,551565.414074,,0.235,0.215
111254312808711221064696580863314665944134057869888755432872183487934582092481,20251214-CRY-MCI,Crystal Palace,Man City,D,1765720800,no,185850.153587,,0.245,0.245
86014728506574092566638170680360386846112538063418066128656797993539879609886,20251214-CRY-MCI,Crystal Palace,Man City,A,1765720800,yes,1124400.142072,,0.515,0.535
59876926606093008945136791163891060036373544321918575852035914972497213815441,20251214-WHU-AVL,West Ham,Aston Villa,H,1765720800,no,912300.789727,,0.255,0.265
27250546368615999832450187411214630945794675701076354818601317775731845674861,20251214-WHU-AVL,West Ham,Aston Villa,D,1765720800,no,41565.324527,,0.27,0.275
95326900566680877086998118350459941618389865369404247161778900680335336911713,20251214-WHU-AVL,West Ham,Aston Villa,A,1765720800,yes,984047.951989,,0.475,0.455
3838160958121268791504516619013110541177310649234711053362143483918853107476,20251214-NFO-TOT,Nott'm Forest,Tottenham,H,1765720800,yes,492523.444503,,0.375,0.365
90353485451725591449926333505720183279036900865362655175526555270684140997336,20251214-NFO-TOT,Nott'm Forest,Tottenham,D,1765720800,no,52684.377255,,0.285,0.29
15855588213632943053474674662418651075906423076570842523901209570063496124982,20251214-NFO-TOT,Nott'm Forest,Tottenham,A,1765720800,no,392695.992524,,0.335,0.345
100433835383839152579163206609585846694191230774068167201027023492369508576089,20251214-SUN-NEW,Sunderland,Newcastle,H,1765720800,yes,608550.445147,,0.285,0.265
12257731754403607282785122303671196398044596919115832154392967641405830689787,20251214-SUN-NEW,Sunderland,Newcastle,D,1765720800,no,42648.795546,,0.295,0.285
86019885091576766858273567954225500644945380147238571262467512605618037318061,20251214-SUN-NEW,Sunderland,Newcastle,A,1765720800,no,247155.014161,,0.425,0.445
53877395547261276028587999149099171760203157251473338196228781844500464137997,20251214-BRE-LEE,Brentford,Leeds,H,1765729800,no,777851.609169,,0.475,0.495
27188871504306850679930618481766026001311498397584025788823576213679953345891,20251214-BRE-LEE,Brentford,Leeds,D,1765729800,yes,154922.209313,,0.27,0.285
87171814898628593926893206018363533707181147095352797852555961971760719431836,20251214-BRE-LEE,Brentford,Leeds,A,1765729800,no,264920.919037,,0.245,0.23
20387724082707318617178113756475351151791165923441042105128317692007186106169,20251215-MUN-BOU,Man United,Bournemouth,H,1765828800,no,1887218.584729,,0.545,0.545
44011934650140306975538782725542537592029985775361144416165707341546962785813,20251215-MUN-BOU,Man United,Bournemouth,D,1765828800,yes,444072.131337,,0.225,0.225
45663170239821514315878710453899953694285518501541936614587016505181641685361,20251215-MUN-BOU,Man United,Bournemouth,A,1765828800,no,512162.846375,,0.235,0.235
39459932554469136292229286811063293956072372772234360927617348927641499691147,20251220-NEW-CHE,Newcastle,Chelsea,H,1766233800,no,571300.293082,,0.345,0.345
23508920018018948817929932712667347967787089607552441188804142282258339628011,20251220-NEW-CHE,Newcastle,Chelsea,D,1766233800,yes,282833.536153,,0.265,0.265
40375562508428896584486219720585226570225780970066790215132384735567546187733,20251220-NEW-CHE,Newcastle,Chelsea,A,1766233800,no,956339.892707,,0.385,0.375
85702066713047658538179096302193850941490105284372461515009756770727108657375,20251220-BHA-SUN,Brighton,Sunderland,H,1766242800,no,265924.803405,,0.585,0.585
93791093334259618389489947839723691764481520637603654336662535250443120308998,20251220-BHA-SUN,Brighton,Sunderland,D,1766242800,yes,73857.502669,,0.235,0.235
103209314525576291059418347227237882728208734886111216140588808720146796647174,20251220-BHA-SUN,Brighton,Sunderland,A,1766242800,no,163450.340974,,0.18,0.185
38089193912284471828209680200289702150258655700720843469334948115634972318960,20251220-MCI-WHU,Man City,West Ham,H,1766242800,yes,1319730.818182,,0.815,0.815
27678572885500117915067612369910486043748417699586375309362661216382529707344,20251220-MCI-WHU,Man City,West Ham,D,1766242800,no,33858.810271,,0.115,0.115
19512332088848605875277766231754854893705238002465088635408740283037285338928,20251220-MCI-WHU,Man City,West Ham,A,1766242800,no,120808.851169,,0.065,0.065
65565155860494153356951167363388282161136559463565034630467623868092194815179,20251220-BOU-BUR,Bournemouth,Burnley,H,1766242800,no,504856.969263,,0.655,0.645
975812182293399595261800046932672989581589948348115526502349488671991322468,20251220-BOU-BUR,Bournemouth,Burnley,D,1766242800,yes,32550.831772,,0.21,0.215
36207875058068272008180022966921013612587959439245231170981141833096617334302,20251220-BOU-BUR,Bournemouth,Burnley,A,1766242800,no,44002.84639,,0.135,0.145
47028134336014252823594008407246950776894994977372482840483185474818614368330,20251220-WOL-BRE,Wolves,Brentford,H,1766242800,no,848609.230648,,0.255,0.275
387539290546557081371176426278605748198374706443720462004330133493733804206,20251220-WOL-BRE,Wolves,Brentford,D,1766242800,no,77956.593938,,0.27,0.275
62235316170748132506706250777519219927869787849957006904155063622972133850724,20251220-WOL-BRE,Wolves,Brentford,A,1766242800,yes,484473.809161,,0.465,0.455
17980042638380599386039413441920222386941572115308508349400877013715876237266,20251220-TOT-LIV,Tottenham,Liverpool,H,1766251800,no,313467.344758,,0.275,0.265
20190766401647976761150888213432292914844023863668788122333571752802013391786,20251220-TOT-LIV,Tottenham,Liverpool,D,1766251800,no,223776.707093,,0.255,0.27
35216793569050438143807535564081665916735554444372315817942712882718537185163,20251220-TOT-LIV,Tottenham,Liverpool,A,1766251800,yes,1248577.787805,,0.475,0.475
49148413622755416088070833217689509463777614593682410656906132689067080904533,20251220-LEE-CRY,Leeds,Crystal Palace,H,1766260800,yes,189579.436014,,0.355,0.355
71038925539325519459981904975565820941011229955124076257003840751997865287458,20251220-LEE-CRY,Leeds,Crystal Palace,D,1766260800,no,24790.578147,,0.29,0.305
22062702713203374288587392411013809388113943659029671155503424443615004417975,20251220-LEE-CRY,Leeds,Crystal Palace,A,1766260800,no,177603.551065,,0.355,0.345
18031149529746025329984427225083108281661895110092737480601416559161298796195,20251220-EVE-ARS,Everton,Arsenal,H,1766260800,no,446858.091613,,0.145,0.145
93803466720300527658301340497558311765879945486119306715484725668542840121815,20251220-EVE-ARS,Everton,Arsenal,D,1766260800,no,62489.265561,,0.235,0.235
16192153319578790888373906890246574904825405939663471327882695971422693592729,20251220-EVE-ARS,Everton,Arsenal,A,1766260800,yes,1543476.223307,,0.625,0.615
101739778709619233765667553069932974414426086495570614469531814695305815997735,20251221-AVL-MUN,Aston Villa,Man United,H,1766334600,yes,1067560.466108,,0.465,0.455
70354942003315489807812053863840801959330913571440998719451492432961049990553,20251221-AVL-MUN,Aston Villa,Man United,D,1766334600,no,179774.637497,,0.255,0.265
40762292645716724680625529344033353525971747467688387591658166009376076807521,20251221-AVL-MUN,Aston Villa,Man United,A,1766334600,no,494640.872345,,0.285,0.285
89501898857163174378247776891245183328671529457478752692697206183615466981420,20251222-FUL-NFO,Fulham,Nott'm Forest,H,1766433600,yes,538466.004256,,0.39,0.385
40457503603887938668381047698192204165797252980246945136051982073755931340740,20251222-FUL-NFO,Fulham,Nott'm Forest,D,1766433600,no,75800.519186,,0.295,0.285
92151072767653435368604584383024450786333261086147491357526047151147914592328,20251222-FUL-NFO,Fulham,Nott'm Forest,A,1766433600,no,370424.464858,,0.325,0.335
112096362794635306055366805822062828089519430163739180380703714588567567224952,20251226-MUN-NEW,Man United,Newcastle,H,1766779200,yes,1446030.688477,,0.375,0.375
31549103958930694113174673207972622521331924426146185749582995297061403199809,20251226-MUN-NEW,Man United,Newcastle,D,1766779200,no,256593.186186,,0.265,0.265
18392250867110772310712779930535166265461608804032060993648496574108453640291,20251226-MUN-NEW,Man United,Newcastle,A,1766779200,no,1350014.374979,,0.365,0.365
24104695899275954715721121599686049147958644482246265318773316282203958705394,20251227-NFO-MCI,Nott'm Forest,Man City,H,1766838600,no,619016.775944,,0.165,0.165
100308352438105077119882737058954615600382497403639597956886881737959536680671,20251227-NFO-MCI,Nott'm Forest,Man City,D,1766838600,no,146366.292729,,0.205,0.215
24633261862293059264817632633449039719864552799561451689379717786756068903878,20251227-NFO-MCI,Nott'm Forest,Man City,A,1766838600,yes,4141195.41139,,0.635,0.615
95728893515494511488623058861193427850048030254261247563090691415077236835899,20251227-ARS-BHA,Arsenal,Brighton,H,1766847600,yes,1205247.846757,,0.705,0.715
96621859343687532850865630492343189476698532488469026628903409079225281346760,20251227-ARS-BHA,Arsenal,Brighton,D,1766847600,no,63233.238009,,0.185,0.175
11614603602504344107746405935419917981632160230413551148007760419278268305333,20251227-ARS-BHA,Arsenal,Brighton,A,1766847600,no,179751.427386,,0.115,0.105
95671829262309600039190030058082442082222051516399581978203050875900952431582,20251227-BRE-BOU,Brentford,Bournemouth,H,1766847600,yes,402561.869534,,0.415,0.415
67507473249246576122831472925804705819686461023900636280928751349269508870472,20251227-BRE-BOU,Brentford,Bournemouth,D,1766847600,no,36051.371581,,0.265,0.265
37698359398262504489310060920756186221812176469278247439148129878384466285561,20251227-BRE-BOU,Brentford,Bournemouth,A,1766847600,no,153372.66985,,0.315,0.325
72016211716178378814828317717505201876238035621335215582660134796157651850808,20251227-BUR-EVE,Burnley,Everton,H,1766847600,no,270494.440794,,0.235,0.265
66264179866879959810301619313500199371161847044583468371972678347672026547298,20251227-BUR-EVE,Burnley,Everton,D,1766847600,yes,113774.387846,,0.285,0.295
62117531660205869689792101397259450407658492518447604934187608189226970571309,20251227-BUR-EVE,Burnley,Everton,A,1766847600,no,365246.466009,,0.485,0.435
101566440522693863099789116940398618923867322501065015340652976727798035037491,20251227-LIV-WOL,Liverpool,Wolves,H,1766847600,yes,1860285.904988,,0.785,0.795
106438004416993006905429841581093584211529437404359799278532418628583355155571,20251227-LIV-WOL,Liverpool,Wolves,D,1766847600,no,59646.780039,,0.135,0.135
56379070409455899149270164689972292846939270814321425844022501125920406632383,20251227-LIV-WOL,Liverpool,Wolves,A,1766847600,no,281194.600984,,0.075,0.075
4530957766961629006010136668708575591948507654100733771026348548660402839463,20251227-WHU-FUL,West Ham,Fulham,H,1766847600,no,190235.622154,,0.355,0.345
59090693728454286634585498865349663240476158970917398544009419370592643221051,20251227-WHU-FUL,West Ham,Fulham,D,1766847600,no,59708.143494,,0.28,0.285
86442857835750083111394121880582215692445287365872829078309891698585092170856,20251227-WHU-FUL,West Ham,Fulham,A,1766847600,yes,264902.719572,,0.365,0.375
14294120070702304825106217726453248143219387805708975060516827350276392391909,20251227-CHE-AVL,Chelsea,Aston Villa,H,1766856600,no,1590595.842919,,0.525,0.545
17557872328182963747205884494453967357836775383567111469049576593379912333206,20251227-CHE-AVL,Chelsea,Aston Villa,D,1766856600,no,330585.276665,,0.245,0.245
75756181022989654174058229220823523345597603367351217461846481945348716596656,20251227-CHE-AVL,Chelsea,Aston Villa,A,1766856600,yes,972003.753716,,0.235,0.215
48109119875977704655994302345760898385063582512183297984141401572201190295331,20251228-SUN-LEE,Sunderland,Leeds,H,1766930400,no,683457.344492,,0.355,0.345
61598039869651009259120840026916951754811830866013955679983376833589226420746,20251228-SUN-LEE,Sunderland,Leeds,D,1766930400,yes,145174.351189,,0.295,0.305
90363822322841018010980306446629708056054395008139633047788264980672312068249,20251228-SUN-LEE,Sunderland,Leeds,A,1766930400,no,461728.742426,,0.345,0.345
31103753288966739468766501748702810648696001366849567595736054862278033812311,20251228-CRY-TOT,Crystal Palace,Tottenham,H,1766939400,no,478249.103737,,0.435,0.425
39312943914495936690620124669246489673015193302209378991843533885142640883344,20251228-CRY-TOT,Crystal Palace,Tottenham,D,1766939400,no,132212.803996,,0.285,0.285
66954880912791651816259331475718997562195328167181804385933730808789312490849,20251228-CRY-TOT,Crystal Palace,Tottenham,A,1766939400,yes,605892.140777,,0.285,0.295
48833123951420183151659470746866251614162910838605576857812179519213101180923,20251230-WHU-BHA,West Ham,Brighton,H,1767123000,no,286932.848816,,0.305,0.275
114425676035381949230093866695755252228880223394712141055270689466695614602751,20251230-WHU-BHA,West Ham,Brighton,D,1767123000,yes,71309.93014,,0.265,0.255
11629318441058091563702160806409641242233998526276500781335468303856251879807,20251230-WHU-BHA,West Ham,Brighton,A,1767123000,no,777259.27408,,0.435,0.465
8576577800368429967839674255954508120333081183405357380237176216428617756047,20251230-BUR-NEW,Burnley,Newcastle,H,1767123000,no,238384.708898,,0.175,0.155
37692622110360166293252201993010586697341169015185622245154935514839984669565,20251230-BUR-NEW,Burnley,Newcastle,D,1767123000,no,46985.388443,,0.225,0.225
113579466859155527090572850578007074709281329406326802610737983889469846896934,20251230-BUR-NEW,Burnley,Newcastle,A,1767123000,yes,421442.239116,,0.605,0.615
75629705399315100429782801927688804009370855830465152723321991275574948545131,20251230-CHE-BOU,Chelsea,Bournemouth,H,1767123000,no,1573169.739393,,0.625,0.635
18531618299761171202998479596239579181349438329958107301796547520629968562915,20251230-CHE-BOU,Chelsea,Bournemouth,D,1767123000,yes,150115.768695,,0.215,0.205
70077915072073060315493688377863897838231521969355705009246053424386285263284,20251230-CHE-BOU,Chelsea,Bournemouth,A,1767123000,no,511033.210785,,0.165,0.165
65750608123476825770116546358434601617939146400472376089200728334033210097025,20251230-NFO-EVE,Nott'm Forest,Everton,H,1767123000,no,676348.003498,,0.455,0.475
52665033281264941404741847627361961556602858729672112506753512066098891951642,20251230-NFO-EVE,Nott'm Forest,Everton,D,1767123000,no,55828.176897,,0.295,0.285
108618441874047592904051650879798858099483855653248711349072755850485357777770,20251230-NFO-EVE,Nott'm Forest,Everton,A,1767123000,yes,296922.530075,,0.265,0.235
58541011429216104241261146526948349134627453496115291393059343825265862619517,20251230-ARS-AVL,Arsenal,Aston Villa,H,1767125700,yes,1757278.616627,,0.665,0.675
54129207125868147508074373265373908702958524803852140843956879279146845774542,20251230-ARS-AVL,Arsenal,Aston Villa,D,1767125700,no,1726354.106617,,0.21,0.195
65175282640874674490703461462403735317889730316322124535533519858914891278292,20251230-ARS-AVL,Arsenal,Aston Villa,A,1767125700,no,3027967.142151,,0.135,0.135
7069326379671325176249774531899929009054735007411713333718870162844510249852,20251230-MUN-WOL,Man United,Wolves,H,1767125700,no,1643832.056499,,0.725,0.705
89051189756699937897381881733004462841462160088936880146338302186563052314927,20251230-MUN-WOL,Man United,Wolves,D,1767125700,yes,312405.393731,,0.175,0.185
105672139073220551678975701474786139232520688928660924192327967219055517202741,20251230-MUN-WOL,Man United,Wolves,A,1767125700,no,436186.868338,,0.105,0.115
99264943841645927657611916237191779527827829197648330694706332978529843235012,20260101-LIV-LEE,Liverpool,Leeds,H,1767288600,no,5120126.367763,,0.645,0.625
103462664967815516410984057710211024560808640891981854008138585793590355119647,20260101-LIV-LEE,Liverpool,Leeds,D,1767288600,yes,312191.178353,,0.215,0.225
69558681800503350639249936096340927921451015183261537929091084797390197438736,20260101-LIV-LEE,Liverpool,Leeds,A,1767288600,no,424227.077834,,0.155,0.15
44038328925860479648969398244601776653064757265722475922535181528375122085102,20260101-CRY-FUL,Crystal Palace,Fulham,H,1767288600,no,345609.605515,,0.435,0.435
62556047934207963878914574429210959195870856906100565491479225337200346450109,20260101-CRY-FUL,Crystal Palace,Fulham,D,1767288600,yes,192359.54825,,0.29,0.285
83289501660531468568482690138549221885667394032784850342357406644593833373238,20260101-CRY-FUL,Crystal Palace,Fulham,A,1767288600,no,272360.689862,,0.275,0.275
49526048100173949700814624637375926780617181463932235692501407850458085886337,20260101-SUN-MCI,Sunderland,Man City,H,1767297600,no,244618.385766,,0.115,0.115
1982484904501899288847095949105207536145413907655876094723580079194383887103,20260101-SUN-MCI,Sunderland,Man City,D,1767297600,yes,279023.935465,,0.185,0.19
33518219919519083245397251818234558168623600309593411462228253729168809408566,20260101-SUN-MCI,Sunderland,Man City,A,1767297600,no,2533828.120746,,0.705,0.695
47250599746450697904639510888208005871459380364958558264028429969301055216076,20260101-BRE-TOT,Brentford,Tottenham,H,1767297600,no,388777.247922,,0.435,0.415
84229756137563320264304671342120678924679196577763904931724412049031480830574,20260101-BRE-TOT,Brentford,Tottenham,D,1767297600,yes,148916.842284,,0.265,0.275
12030730685811423616257132472325858404600919322500470930265758233053601177201,20260101-BRE-TOT,Brentford,Tottenham,A,1767297600,no,673607.092983,,0.295,0.325
49345015435454771138193007403379547139527408154753724638074878108441566235712,20260103-AVL-NFO,Aston Villa,Nott'm Forest,H,1767443400,yes,2567439.83033,,0.555,0.505
61792377490435653510874141362990677287325370747099415045906830293949420635618,20260103-AVL-NFO,Aston Villa,Nott'm Forest,D,1767443400,no,213753.898998,,0.2505,0.273
56845422279777513951994390653831096158253925806481518501219968233790905400097,20260103-AVL-NFO,Aston Villa,Nott'm Forest,A,1767443400,no,683938.608175,,0.205,0.215
38991371032838930933810830136978356525729371990191162366997431163421413120174,20260103-WOL-WHU,Wolves,West Ham,H,1767452400,yes,390461.284863,,0.375,0.375
44317943354046258501531904737711115743289849850729545774568251950521965519051,20260103-WOL-WHU,Wolves,West Ham,D,1767452400,no,74641.743839,,0.285,0.295
94403582844373604570952020041860993464249805613845279976641838053875865594721,20260103-WOL-WHU,Wolves,West Ham,A,1767452400,no,295851.859656,,0.335,0.335
6002587709369004076622474530062840970469727306453762027993167173699653977786,20260103-BHA-BUR,Brighton,Burnley,H,1767452400,yes,627203.375485,,0.655,0.665
54190113073647841768285356389425659928417300594259892766873992125966288736419,20260103-BHA-BUR,Brighton,Burnley,D,1767452400,no,111648.358227,,0.205,0.205
110809650088394242529491977332092118116383101314294731733253494875944427430266,20260103-BHA-BUR,Brighton,Burnley,A,1767452400,no,70491.863716,,0.135,0.125
62604515464494583703450718433873205472461630730251775949361204303444086504759,20260103-BOU-ARS,Bournemouth,Arsenal,H,1767461400,no,727422.379816,,0.145,0.135
103845163627161434858363980757746753629027834686496028514972534103835843307485,20260103-BOU-ARS,Bournemouth,Arsenal,D,1767461400,no,204553.55192,,0.195,0.205
94171600794812250677738346499613104226844712326789833111295017100186686112503,20260103-BOU-ARS,Bournemouth,Arsenal,A,1767461400,yes,3278495.924833,,0.655,0.665
99381067124808202644274446604461911616315464349953538981376792969387251051361,20260104-LEE-MUN,Leeds,Man United,H,1767529800,no,507329.808988,,0.375,0.355
65197053114110015251131671479160391957601742257526277470633993184767598718407,20260104-LEE-MUN,Leeds,Man United,D,1767529800,yes,231149.217079,,0.275,0.275
3457679503450795610312745478161869327366259707482106998462737473060064906651,20260104-LEE-MUN,Leeds,Man United,A,1767529800,no,694441.954615,,0.345,0.365
37222145065917012695804594407742641730491663998882097217915487108999270713851,20260104-TOT-SUN,Tottenham,Sunderland,H,1767538800,no,213031.754976,,0.535,0.515
15112021555229753412739116110951003845741457418513643368805032770700970004854,20260104-TOT-SUN,Tottenham,Sunderland,D,1767538800,yes,96805.473681,,0.265,0.275
82399823221273928633875943480653195501480466881009508954633147187986894357462,20260104-TOT-SUN,Tottenham,Sunderland,A,1767538800,no,155548.457407,,0.21,0.215
72080147492037156388856847886841292533606106562478174064598697076189740313953,20260104-FUL-LIV,Fulham,Liverpool,H,1767539700,no,434634.423883,,0.26,0.225
30919820645107705763587074918901394532360482989588969015765010721974302418937,20260104-FUL-LIV,Fulham,Liverpool,D,1767539700,yes,206257.042994,,0.265,0.265
72021705026613735092487991500143179671848673350211582512747266204751673572514,20260104-FUL-LIV,Fulham,Liverpool,A,1767539700,no,1615869.280634,,0.485,0.515
81219320522921418244594129910028042710981413099866204874815799618281904426721,20260104-NEW-CRY,Newcastle,Crystal Palace,H,1767538800,yes,267819.518046,,0.585,0.595
110350377152771674642501655058841165302989543499798748830703724800215588681237,20260104-NEW-CRY,Newcastle,Crystal Palace,D,1767538800,no,86807.556965,,0.235,0.245
55540402467179086212184561979812058889934390110526529103156042525917505521365,20260104-NEW-CRY,Newcastle,Crystal Palace,A,1767538800,no,115744.445885,,0.185,0.175
19064248896330307693590385947399212088984956670426460048303847902013241467713,20260104-EVE-BRE,Everton,Brentford,H,1767538800,no,228242.924555,,0.415,0.38
66488818346545932721763640975143966879512577081846592561736256688755810780757,20260104-EVE-BRE,Everton,Brentford,D,1767538800,no,56478.308951,,0.295,0.305
107128494754721491882521863846418799486659788550994621965173780189733611986824,20260104-EVE-BRE,Everton,Brentford,A,1767538800,yes,362331.066876,,0.285,0.315
35006795438566365539057743077425227262954302944629837690490277725437301335637,20260104-MCI-CHE,Man City,Chelsea,H,1767547800,no,3400013.941115,,0.595,0.635
109404583572931216150299346617937964911800209402950138556618888478251377860145,20260104-MCI-CHE,Man City,Chelsea,D,1767547800,yes,212963.769423,,0.215,0.205
24913674073321826784943688612065561868598748491446861490481432593477572217923,20260104-MCI-CHE,Man City,Chelsea,A,1767547800,no,694034.780338,,0.195,0.165
108015868794839806243495631839266578468385419925463715835000088516298746352436,20260106-WHU-NFO,West Ham,Nott'm Forest,H,1767729600,no,402483.119858,,0.295,0.315
35969095105747126835827468184227055944741612117040847285074938796746525623021,20260106-WHU-NFO,West Ham,Nott'm Forest,D,1767729600,no,305161.326322,,0.28,0.285
26477918229935653165399357908886260771178233867292626110289306977763183154203,20260106-WHU-NFO,West Ham,Nott'm Forest,A,1767729600,yes,486799.149346,,0.425,0.4
1949455357781307968437102531414357397609902889445548834611891676892553392991,20260107-EVE-WOL,Everton,Wolves,H,1767814200,no,308951.491394,,0.545,0.525
45857374934199836097926669816858676628376701235332196845148643364723483674407,20260107-EVE-WOL,Everton,Wolves,D,1767814200,yes,84598.674718,,0.265,0.275
103014888881729588844112566789482758821120883940113645430053047062620898043187,20260107-EVE-WOL,Everton,Wolves,A,1767814200,no,110105.472811,,0.185,0.205
65130979090615234274046634120970922942905443421355398040938738510199611014697,20260107-FUL-CHE,Fulham,Chelsea,H,1767814200,yes,422845.633587,,0.275,0.255
62012968751666329351539992127788297003038741387393625689467495116467559394885,20260107-FUL-CHE,Fulham,Chelsea,D,1767814200,no,105758.963302,,0.265,0.255
54558803965411915195540706093454814711128477593424843274590512874124486903180,20260107-FUL-CHE,Fulham,Chelsea,A,1767814200,no,2613972.660756,,0.465,0.495
17448056905919520483111013444456964075814194151986710317912600026693969784061,20260107-CRY-AVL,Crystal Palace,Aston Villa,H,1767814200,no,1054901.294921,,0.295,0.295
16050694203475092091776626597211863282604193227036712032230687838424429660167,20260107-CRY-AVL,Crystal Palace,Aston Villa,D,1767814200,yes,99916.136266,,0.285,0.285
19665211861460580647940953963675036861624505341003260450480472791725031313274,20260107-CRY-AVL,Crystal Palace,Aston Villa,A,1767814200,no,1449929.370613,,0.425,0.415
100364813660145640709619678228964937950296300894970125914428088223810256180179,20260107-BOU-TOT,Bournemouth,Tottenham,H,1767814200,yes,189404.712198,,0.445,0.455
7849098478411524794982800165273261041524343615796360406087687438549460992711,20260107-BOU-TOT,Bournemouth,Tottenham,D,1767814200,no,94302.944124,,0.265,0.265
103623594647762127464987020588908436047037658949374617655348471378849803870886,20260107-BOU-TOT,Bournemouth,Tottenham,A,1767814200,no,189248.867401,,0.295,0.295
2675668313177279618013901907000991919865062630831609937935729807801804239518,20260107-BRE-SUN,Brentford,Sunderland,H,1767814200,yes,174561.262177,,0.525,0.525
59340928196866557524494104140028353109299207623312643878020579993479359166969,20260107-BRE-SUN,Brentford,Sunderland,D,1767814200,no,52271.724913,,0.265,0.275
55785509549886761238792644823138277580993464951777125755704644878504568117326,20260107-BRE-SUN,Brentford,Sunderland,A,1767814200,no,74000.097655,,0.215,0.205
84542075638240882248385833436505330635187020864339518309764053608116533424671,20260107-MCI-BHA,Man City,Brighton,H,1767814200,no,1524882.841212,,0.695,0.655
17926888837958350486628585900401240191822144713235572188861772063112917206022,20260107-MCI-BHA,Man City,Brighton,D,1767814200,yes,302094.863016,,0.185,0.195
692561959445062635250215458881686472554581462694959421046851234459012448452,20260107-MCI-BHA,Man City,Brighton,A,1767814200,no,327741.760278,,0.125,0.155
75687984766138873446726725194628415848258151906553191786856431689342830060538,20260107-BUR-MUN,Burnley,Man United,H,1767816900,no,387575.926489,,0.185,0.185
54905681506319722089749867096078172886271431972408695330426690762907351933121,20260107-BUR-MUN,Burnley,Man United,D,1767816900,yes,254352.828293,,0.235,0.255
17370387683544377748594209769023038122001980121198915290258033174860166427333,20260107-BUR-MUN,Burnley,Man United,A,1767816900,no,719114.221822,,0.575,0.555
4440065428386430655597404268671594651206152314237515036423629177743303723793,20260107-NEW-LEE,Newcastle,Leeds,H,1767816900,yes,654871.092554,,0.565,0.575
73090963932273464044081216492613849141355187994609331136711518856554539437685,20260107-NEW-LEE,Newcastle,Leeds,D,1767816900,no,146274.184135,,0.245,0.245
8468271915806100587004757397350783289396708838741415549390468951578833858899,20260107-NEW-LEE,Newcastle,Leeds,A,1767816900,no,244399.202891,,0.185,0.175
52847255866370915113405937303009521237118122072352357309212933266137594556449,20260108-ARS-LIV,Arsenal,Liverpool,H,1767902400,no,3649994.167111,,0.625,0.615
114421251281111675856443851867557624176336106184354095464687909050945217739017,20260108-ARS-LIV,Arsenal,Liverpool,D,1767902400,yes,467958.756701,,0.225,0.225
9381486464766162423631294452121816997637773872017384184888288570356971622495,20260108-ARS-LIV,Arsenal,Liverpool,A,1767902400,no,1044585.152775,,0.165,0.155
91153102118983400386766931507495655305624502713339866118363678331649869545716,20260117-MUN-MCI,Man United,Man City,H,1768653000,yes,1252711.659317,,0.26,0.265
97667739694842603871493064311900479747621110489041620705278071138381495093486,20260117-MUN-MCI,Man United,Man City,D,1768653000,no,701804.03074,,0.245,0.255
86204940163410718574803270422800433106040650388506429665878403991856443454438,20260117-MUN-MCI,Man United,Man City,A,1768653000,no,3399335.394549,,0.495,0.485
108445267887231577246635173362936905884373620853591836310091293851633678931769,20260117-LIV-BUR,Liverpool,Burnley,H,1768662000,no,1207594.527838,,0.795,0.795
69148965576490129750907632481117096196357692019734656766150750406439072562264,20260117-LIV-BUR,Liverpool,Burnley,D,1768662000,yes,126151.700205,,0.135,0.135
42770881175423528051044548079386108331576714112564965613779453790384752901465,20260117-LIV-BUR,Liverpool,Burnley,A,1768662000,no,203024.65446,,0.065,0.065
86609985837236781845839606240446398452897349252858448169265355134329136402438,20260117-TOT-WHU,Tottenham,West Ham,H,1768662000,no,8408043.507648,,0.565,0.565
61576026640118227648975674593392708251274596404808698785975850131286681755697,20260117-TOT-WHU,Tottenham,West Ham,D,1768662000,no,161043.840148,,0.245,0.235
23126018287270337713226206600816714632457480915181705641522407168716176109888,20260117-TOT-WHU,Tottenham,West Ham,A,1768662000,yes,172496.10482,,0.195,0.195
74665183466937138303449248928990747963399513166091722005949689800010577768663,20260117-SUN-CRY,Sunderland,Crystal Palace,H,1768662000,yes,3875076.243139,,0.375,0.405
71402191782291540327222654592522456789875492300240082877990384913186956664795,20260117-SUN-CRY,Sunderland,Crystal Palace,D,1768662000,no,50755.010651,,0.305,0.305
36912780514152896402849610524108703145395026713715243954604595724794192714464,20260117-SUN-CRY,Sunderland,Crystal Palace,A,1768662000,no,128107.758739,,0.335,0.295
109061043468823665665876208788908225893253445884176646401423353078787185458863,20260117-CHE-BRE,Chelsea,Brentford,H,1768662000,yes,1122236.576078,,0.575,0.515
17669520751208900118155593508010203879577241906544526292975491866024813601439,20260117-CHE-BRE,Chelsea,Brentford,D,1768662000,no,83893.809194,,0.235,0.245
76168632291024654263389446538738842787396124760659322054347276974178661330156,20260117-CHE-BRE,Chelsea,Brentford,A,1768662000,no,295875.100761,,0.185,0.235
93331237514833995951304849436444750854314325098484161164257951684877424585453,20260117-LEE-FUL,Leeds,Fulham,H,1768662000,yes,196954.981098,,0.44,0.445
64358821967096638763885760051841699162153533316326775302001055789186510510506,20260117-LEE-FUL,Leeds,Fulham,D,1768662000,no,89571.661873,,0.285,0.28
7918364913457829932699571240628246179226998180502305935590954170438660893413,20260117-LEE-FUL,Leeds,Fulham,A,1768662000,no,206113.307261,,0.275,0.285
25604482459000512599024999190646535053529887321277630133335322107346876910212,20260117-NFO-ARS,Nott'm Forest,Arsenal,H,1768671000,no,481300.264991,,0.155,0.145
29282861015733967685482691091782420143437984315474287100915939654403930011789,20260117-NFO-ARS,Nott'm Forest,Arsenal,D,1768671000,yes,143330.861596,,0.215,0.235
23811290105419159876283067653779662034307600932918199763409977985891265265834,20260117-NFO-ARS,Nott'm Forest,Arsenal,A,1768671000,no,2584044.1892,,0.635,0.625
105735380346978166816754942083252006855285493801544946930404012686168715184958,20260118-WOL-NEW,Wolves,Newcastle,H,1768744800,no,367386.880875,,0.215,0.215
112477489567556331977381034234928061999966979086818895665757397273243780988811,20260118-WOL-NEW,Wolves,Newcastle,D,1768744800,yes,248167.423877,,0.245,0.245
32359542758049322148238478962506367885903185902503562417917509727440859242398,20260118-WOL-NEW,Wolves,Newcastle,A,1768744800,no,721169.54295,,0.555,0.545
74803449892900277363518384349372944809469841225698764412757944250208116959217,20260118-AVL-EVE,Aston Villa,Everton,H,1768753800,no,8195506.559319,,0.58,0.595
73035283784336151916593714189132537994835948430297783580523310266130654471693,20260118-AVL-EVE,Aston Villa,Everton,D,1768753800,no,177211.477476,,0.25,0.235
100041429905955095674427734298798767639323480533763072015676310355150003624840,20260118-AVL-EVE,Aston Villa,Everton,A,1768753800,yes,396683.848397,,0.17,0.165
4085643025774938723564047556554343079115753591287761501913955749631281664469,20260119-BHA-BOU,Brighton,Bournemouth,H,1768852800,no,611115.766749,,0.515,0.505
2150831809032480238319725362753623557536999964390904918174820596083787688372,20260119-BHA-BOU,Brighton,Bournemouth,D,1768852800,yes,493514.534713,,0.235,0.245
108532502934829528388169606956639858694795584860615401396725774755373035913362,20260119-BHA-BOU,Brighton,Bournemouth,A,1768852800,no,541326.08414,,0.245,0.255
26842829306050559738001093751007974834834779292712254799536223232080843190901,20260124-WHU-SUN,West Ham,Sunderland,H,1769257800,yes,684902.187978,,0.385,0.395
23696263547000488987276526390230435793032654759777506937794174417212329289893,20260124-WHU-SUN,West Ham,Sunderland,D,1769257800,no,119112.158215,,0.295,0.295
47582079531356627922058176344271587609917992806862865113525366387644110248154,20260124-WHU-SUN,West Ham,Sunderland,A,1769257800,no,395430.777589,,0.325,0.315
77527682314053065186168060831900050650683771832461450393456831964763274352626,20260124-BUR-TOT,Burnley,Tottenham,H,1769266800,no,474751.964889,,0.255,0.265
45378432996815143310666762370715493402795577770160790909420812530247119528897,20260124-BUR-TOT,Burnley,Tottenham,D,1769266800,yes,113688.14926,,0.275,0.285
27100495827184580305499756770489566897783485257069139035687162990230301471663,20260124-BUR-TOT,Burnley,Tottenham,A,1769266800,no,620426.434407,,0.465,0.455
18348295656781224041191776897203515611888400596661074915552860710408644993759,20260124-FUL-BHA,Fulham,Brighton,H,1769266800,yes,231919.621996,,0.375,0.375
7866117840322400891898666019586652269443793382516322972103175478893143422166,20260124-FUL-BHA,Fulham,Brighton,D,1769266800,no,129717.376952,,0.28,0.285
72034388713252707401985490236677293581099025281689450424935987715805695767973,20260124-FUL-BHA,Fulham,Brighton,A,1769266800,no,83974.594058,,0.345,0.345
47319403541894658979407278891080422863122037154040335446884924894548799452669,20260124-MCI-WOL,Man City,Wolves,H,1769266800,yes,2012407.003622,,0.795,0.745
95481854838458912592861957179793483053516635344296191471890544242828413536495,20260124-MCI-WOL,Man City,Wolves,D,1769266800,no,94808.962041,,0.135,0.165
530641743703266225585409466127243626773327917664837653914114444313708212861,20260124-MCI-WOL,Man City,Wolves,A,1769266800,no,272240.071906,,0.075,0.095
112792158867862502252714463708715463042907174292316842623778879706833992215731,20260124-BOU-LIV,Bournemouth,Liverpool,H,1769275800,yes,442682.598883,,0.245,0.235
28555658201612178086048358327967905164668200117127683494819001247801673006829,20260124-BOU-LIV,Bournemouth,Liverpool,D,1769275800,no,316815.364204,,0.245,0.245
48247102619483669880034276737540496264302905931296224087619161802820307170943,20260124-BOU-LIV,Bournemouth,Liverpool,A,1769275800,no,6555920.232116,,0.505,0.525
96953777232453381662255512939826773527069966082445028673688509704455566689209,20260125-NEW-AVL,Newcastle,Aston Villa,H,1769349600,no,3161541.544946,,0.475,0.475
77100723553998336420967080803890311886984371678131521138716114547454198278776,20260125-NEW-AVL,Newcastle,Aston Villa,D,1769349600,no,176662.404663,,0.265,0.265
114056938682720684481952538785588332338867140860650637633439276230027585328520,20260125-NEW-AVL,Newcastle,Aston Villa,A,1769349600,yes,646451.484629,,0.265,0.265
52438101569573746869901838402470895434673886929859876992492806008702562091989,20260125-CRY-CHE,Crystal Palace,Chelsea,H,1769349600,no,179273.606259,,0.265,0.285
104037281811154205648360335619092519887276547323735496345019723986911159494904,20260125-CRY-CHE,Crystal Palace,Chelsea,D,1769349600,no,58778.477616,,0.255,0.265
80138240956424726775034266350958308967367296194878850597382478748117444822571,20260125-CRY-CHE,Crystal Palace,Chelsea,A,1769349600,yes,1476311.211867,,0.485,0.445
34764273583774436077233865174806221971132652304320496307166717163636314276076,20260125-BRE-NFO,Brentford,Nott'm Forest,H,1769349600,no,369029.979228,,0.525,0.535
28382809926929277456664964465453236078082108160761676699573809793226661975398,20260125-BRE-NFO,Brentford,Nott'm Forest,D,1769349600,no,71927.902395,,0.265,0.265
28712403368842475975699791778452795011993289696975271103827083297047046212316,20260125-BRE-NFO,Brentford,Nott'm Forest,A,1769349600,yes,182860.001766,,0.215,0.205
115420825252111133604662793942057557260532675748496689296452879185138668410266,20260125-ARS-MUN,Arsenal,Man United,H,1769358600,no,1549881.929847,,0.615,0.615
103720541876062291449612390603153674001083946150870873708282315523913985231512,20260125-ARS-MUN,Arsenal,Man United,D,1769358600,no,220220.288614,,0.225,0.215
107733728301083122964524503367583308840075969897105981368437835727279833994882,20260125-ARS-MUN,Arsenal,Man United,A,1769358600,yes,1761170.220212,,0.16,0.165
113612652232644528392698125382741890887577892553320013988693924710144959533577,20260126-EVE-LEE,Everton,Leeds,H,1769457600,no,666759.579241,,0.385,0.375
616760572576056633107829713517747996255221862372760372806608210681697306826,20260126-EVE-LEE,Everton,Leeds,D,1769457600,yes,182060.223148,,0.3,0.305
91197170075989566646203622849255302829115310007283904621069045563944373453515,20260126-EVE-LEE,Everton,Leeds,A,1769457600,no,1378850.048444,,0.315,0.325
18723404552010345747546699251640733729265713585558341088797021465644980538132,20260131-LEE-ARS,Leeds,Arsenal,H,1769871600,no,393703.720085,,0.145,0.135
91396479129193248223041776137293740265480202551113162045887108977455227597949,20260131-LEE-ARS,Leeds,Arsenal,D,1769871600,no,105963.219303,,0.225,0.225
79938577476899164135032019039357851709109332781933520320365603626744217425974,20260131-LEE-ARS,Leeds,Arsenal,A,1769871600,yes,2238719.551515,,0.635,0.635
72681419948775721459760504915075830290286285102709495515239194913227722870317,20260131-WOL-BOU,Wolves,Bournemouth,H,1769871600,no,301377.647644,,0.315,0.305
81248219503895275347765085457666631489450870121809610401910710193997758163643,20260131-WOL-BOU,Wolves,Bournemouth,D,1769871600,no,132114.622751,,0.27,0.275
54240513195772530541411165305422938567684875255537556081820377878578472768874,20260131-WOL-BOU,Wolves,Bournemouth,A,1769871600,yes,608391.097185,,0.415,0.415
83186143920847590369832568517582022850132086706512974958995275068474068431243,20260131-BHA-EVE,Brighton,Everton,H,1769871600,no,276280.329854,,0.505,0.505
13105844348160060462495963497704527024409445395549825598968188581247837111305,20260131-BHA-EVE,Brighton,Everton,D,1769871600,yes,87872.442881,,0.265,0.265
73530392591314412122962212385678430029505297221558005461075547885953410829929,20260131-BHA-EVE,Brighton,Everton,A,1769871600,no,157689.887001,,0.225,0.225
106429879401127449245414939826469134949458502294821449777925784894484403690443,20260131-CHE-WHU,Chelsea,West Ham,H,1769880600,yes,6112737.801484,,0.645,0.615
97189741543743742177869209712442315495032687086385969928540769948953497072274,20260131-CHE-WHU,Chelsea,West Ham,D,1769880600,no,162168.517535,,0.205,0.215
38646457926212787091875251822436408020779872449431289918102331528773657039565,20260131-CHE-WHU,Chelsea,West Ham,A,1769880600,no,576054.740568,,0.15,0.175
61497926347159340515916412011433557980493036491840003936381198224728244754640,20260131-LIV-NEW,Liverpool,Newcastle,H,1769889600,yes,10673406.910317,,0.535,0.555
51023510477566098887293416234232618864823914873222045494896376764169803078944,20260131-LIV-NEW,Liverpool,Newcastle,D,1769889600,no,156342.35764,,0.235,0.235
49330146644838256970522337101774974310716482124706410648701381526450348622804,20260131-LIV-NEW,Liverpool,Newcastle,A,1769889600,no,300034.802355,,0.225,0.205
53880380435893384028742050077422841217028314209767829790917582141481082606449,20260201-NFO-CRY,Nott'm Forest,Crystal Palace,H,1769954400,no,707205.90121,,0.495,0.455
27889362101668984826820834025237783172956140438295969092688076119655997716793,20260201-NFO-CRY,Nott'm Forest,Crystal Palace,D,1769954400,yes,72674.116865,,0.27,0.285
95453479298802328402986868341784186606052758558873164699949889286789437984132,20260201-NFO-CRY,Nott'm Forest,Crystal Palace,A,1769954400,no,189960.982411,,0.245,0.25
82730179951575733621781555964715019697631512655797599329038096917567028062210,20260201-AVL-BRE,Aston Villa,Brentford,H,1769954400,no,1360449.764173,,0.465,0.445
91026852417680950408020976992101063037333910245090737511664354327323112814855,20260201-AVL-BRE,Aston Villa,Brentford,D,1769954400,no,96796.90153,,0.275,0.275
18942765595924988106339474184577791942205826540039333560223240441402153283411,20260201-AVL-BRE,Aston Villa,Brentford,A,1769954400,yes,442091.442096,,0.265,0.275
112001063411360154978969338984521133288578795048261946354582579744806225796171,20260201-MUN-FUL,Man United,Fulham,H,1769954400,yes,1343951.707798,,0.615,0.635
81909490028909033459454281946351504879387698850842040255273795176762018227840,20260201-MUN-FUL,Man United,Fulham,D,1769954400,no,194956.082295,,0.21,0.205
83527070964833149377785109428748655646937741018056139635950317590859488354078,20260201-MUN-FUL,Man United,Fulham,A,1769954400,no,361435.159978,,0.175,0.165
63091644706385647979094705418439610687750246137137515076027405376631795242727,20260201-TOT-MCI,Tottenham,Man City,H,1769963400,no,535235.722892,,0.205,0.185
76130829842150690823336664742915890734171256863094400689485036773778565554172,20260201-TOT-MCI,Tottenham,Man City,D,1769963400,yes,261779.268836,,0.235,0.235
39849549481562896690796866459681988118295096653027137741506326219365890648813,20260201-TOT-MCI,Tottenham,Man City,A,1769963400,no,1640007.378663,,0.565,0.575
3331904137735426530302138658258463477620307348900115468886602505893398606593,20260202-SUN-BUR,Sunderland,Burnley,H,1770062400,yes,865477.03026,,0.555,0.525
14065328594062632265940814781479387109372670589045887626390735273015857903218,20260202-SUN-BUR,Sunderland,Burnley,D,1770062400,no,165531.668172,,0.265,0.275
58318255572508124981398385541868063609370446647595529760425863139149067738250,20260202-SUN-BUR,Sunderland,Burnley,A,1770062400,no,363455.682606,,0.185,0.195
107302734566963474270156844539335957834391919824712670986935980413515798524925,20260206-LEE-NFO,Leeds,Nott'm Forest,H,1770408000,yes,850011.325046,,0.435,0.435
31127731594426561847544372648434592887766923877482931325175737818431769051687,20260206-LEE-NFO,Leeds,Nott'm Forest,D,1770408000,no,226970.908053,,0.295,0.285
32975802657037329884841924824819575230960919980096568534583105275287149253150,20260206-LEE-NFO,Leeds,Nott'm Forest,A,1770408000,no,172905.199395,,0.275,0.275
102825051305690864570407511581474307378445436824272734755671435139017482958471,20260207-MUN-TOT,Man United,Tottenham,H,1770467400,yes,1242791.361513,,0.615,0.595
80910222218856580638647871405786912172440259598929618571343775285938936864516,20260207-MUN-TOT,Man United,Tottenham,D,1770467400,no,184482.499822,,0.205,0.215
530098619167410636035298181286126599085475938345545732257148714944925818302,20260207-MUN-TOT,Man United,Tottenham,A,1770467400,no,513737.359532,,0.185,0.185
74857378712119954792255106748484281801682758236927854991723325808817723569791,20260207-BUR-WHU,Burnley,West Ham,H,1770476400,no,106771.350317,,0.285,0.295
104064212357903887397162056948701550815021567538316454244276312602534840343368,20260207-BUR-WHU,Burnley,West Ham,D,1770476400,no,37174.080564,,0.275,0.275
79141127364824552610974814609288281235676396302346549088195389576900679166831,20260207-BUR-WHU,Burnley,West Ham,A,1770476400,yes,376595.567762,,0.445,0.435
37464435972243321093396940900258122465103862602128252664674154677464463071431,20260207-ARS-SUN,Arsenal,Sunderland,H,1770476400,yes,1217815.977533,,0.805,0.765
73947226444518834445076766208487925982484233091467112521160483140607854711304,20260207-ARS-SUN,Arsenal,Sunderland,D,1770476400,no,111928.582686,,0.14,0.155
85456546046810899608812448033230773131488219847920664763476698177769010099651,20260207-ARS-SUN,Arsenal,Sunderland,A,1770476400,no,300582.449981,,0.055,0.075
39945182039014953944979777179083618461075758662887061177546509765654805762369,20260207-FUL-EVE,Fulham,Everton,H,1770476400,no,95026.913741,,0.455,0.435
31338626902707554080109304681166440061629217290081726554843832605590302648328,20260207-FUL-EVE,Fulham,Everton,D,1770476400,no,52950.628025,,0.295,0.285
103343614017727794871320573085055112106475831759528385828381888086829660680914,20260207-FUL-EVE,Fulham,Everton,A,1770476400,yes,136840.595029,,0.255,0.275
22692228421789597292755900326473094159941365137747521077363010605441324163334,20260207-BOU-AVL,Bournemouth,Aston Villa,H,1770476400,no,159685.727741,,0.355,0.335
53516038801616933758039169733737558743358887739775267004177161223538948664792,20260207-BOU-AVL,Bournemouth,Aston Villa,D,1770476400,yes,67415.57796,,0.265,0.265
105831085028309779484534417650724556805912301295102010096196697776401035050150,20260207-BOU-AVL,Bournemouth,Aston Villa,A,1770476400,no,633142.989068,,0.375,0.405
49312112756870317997489185108438997416392577708261852217059434687751295656842,20260207-WOL-CHE,Wolves,Chelsea,H,1770476400,no,285691.723386,,0.185,0.165
21098580202547984164403584425407992964856638706859920420524484738625248058113,20260207-WOL-CHE,Wolves,Chelsea,D,1770476400,no,95848.349094,,0.225,0.225
21010946683714174879424903950294276528273726196863015927850937830214774962329,20260207-WOL-CHE,Wolves,Chelsea,A,1770476400,yes,2097162.057104,,0.595,0.605
27756514643005027101364429798898101098067054545209969002625915096524485873450,20260207-NEW-BRE,Newcastle,Brentford,H,1770485400,no,1139067.715495,,0.465,0.455
95083216395332958070241595829631467940826962001629229860225177795910180680919,20260207-NEW-BRE,Newcastle,Brentford,D,1770485400,no,145809.441054,,0.265,0.265
57658529158902279584216058221832522218671837507602403530691613871548334581821,20260207-NEW-BRE,Newcastle,Brentford,A,1770485400,yes,310178.033089,,0.265,0.275
84600315433862774281980519796677811944339709597355447027947385823549838113368,20260208-BHA-CRY,Brighton,Crystal Palace,H,1770559200,no,408510.541755,,0.485,0.485
108016677673473905807731396131346384128626487974361445525231908380286905575597,20260208-BHA-CRY,Brighton,Crystal Palace,D,1770559200,no,120084.970225,,0.265,0.275
113841622825439239855292741823747832715613544492264190352036461899415453642210,20260208-BHA-CRY,Brighton,Crystal Palace,A,1770559200,yes,190106.984851,,0.255,0.245
45753367743673777110916066518250620373171499530928405388663259167920621764003,20260208-LIV-MCI,Liverpool,Man City,H,1770568200,no,4068671.295983,,0.415,0.445
104405695015800546912744926657575128867686691056009607611170123984856606741638,20260208-LIV-MCI,Liverpool,Man City,D,1770568200,no,339605.617589,,0.255,0.245
23893266766486710047109793642963081991695361154550273700915894802540536349819,20260208-LIV-MCI,Liverpool,Man City,A,1770568200,yes,2255930.008092,,0.335,0.315
30420952145029491023912378919751548324323744317633225674265339376902838449869,20260210-TOT-NEW,Tottenham,Newcastle,H,1770751800,no,454496.681558,,0.315,0.295
87238222271546139890433868698755667301198341262426836486408537516930071498717,20260210-TOT-NEW,Tottenham,Newcastle,D,1770751800,no,158254.820513,,0.275,0.265
31606421968663622008031996926097721327118405133374070754656014536738440614043,20260210-TOT-NEW,Tottenham,Newcastle,A,1770751800,yes,346207.082232,,0.415,0.435
13340526762103096692589480910050248232697245892871428440633654108944858271465,20260210-EVE-BOU,Everton,Bournemouth,H,1770751800,no,207155.743818,,0.405,0.385
32850717739903532318269668199962459612046437155589027067520930572448218828413,20260210-EVE-BOU,Everton,Bournemouth,D,1770751800,no,182478.52403,,0.285,0.285
39665237032310124629335594805661181208306785219490684375872737430945256082295,20260210-EVE-BOU,Everton,Bournemouth,A,1770751800,yes,288343.393865,,0.315,0.325
86019252157464411201219392704126659524459510036670763061430164715955201425284,20260210-CHE-LEE,Chelsea,Leeds,H,1770751800,no,2542027.750242,,0.635,0.645
95574255066667698349407216533452062810832523052835109275123685344741004962973,20260210-CHE-LEE,Chelsea,Leeds,D,1770751800,yes,185068.120985,,0.215,0.215
36914077903402850674419687250854845607034744533737425813808093471838776089931,20260210-CHE-LEE,Chelsea,Leeds,A,1770751800,no,359124.966557,,0.155,0.145
94064238583369430246063283484225989978479001326488762493593783371777294256886,20260210-WHU-MUN,West Ham,Man United,H,1770754500,no,465404.670919,,0.225,0.215
16887640060344483817958599711940154974692467144159741239166841541824319326985,20260210-WHU-MUN,West Ham,Man United,D,1770754500,yes,264242.076502,,0.225,0.225
78475515974904973486520650032359781413670391408858976557583153729448334433111,20260210-WHU-MUN,West Ham,Man United,A,1770754500,no,2359937.347984,,0.565,0.565
55579057964350396432837238477272559188906520051097873041903339463872816410961,20260211-CRY-BUR,Crystal Palace,Burnley,H,1770838200,no,550049.951716,,0.645,0.645
11931634555483686678797469895639897360395737549612388747991912781311174451416,20260211-CRY-BUR,Crystal Palace,Burnley,D,1770838200,no,127105.52692,,0.225,0.215
6224736985484244271389296562502696391636790685866402171102496728576075476636,20260211-CRY-BUR,Crystal Palace,Burnley,A,1770838200,yes,121434.405847,,0.135,0.135
88878837213708171463231199889600322646904372067385922431257849019965325877616,20260211-AVL-BHA,Aston Villa,Brighton,H,1770838200,yes,922306.282876,,0.485,0.485
47309221183880537887389048391644922704682940481901465286550239873738733331181,20260211-AVL-BHA,Aston Villa,Brighton,D,1770838200,no,129902.650079,,0.265,0.255
85900858561035923299131994377356619730388442861119674476031645445732897336549,20260211-AVL-BHA,Aston Villa,Brighton,A,1770838200,no,260353.067083,,0.255,0.255
24853567579889663945275294130852786008408320609983056977449718550060932349719,20260211-NFO-WOL,Nott'm Forest,Wolves,H,1770838200,no,900811.702075,,0.575,0.575
51257194733050746737345994535074179118363383315445504596403820495937046596331,20260211-NFO-WOL,Nott'm Forest,Wolves,D,1770838200,yes,79145.454912,,0.245,0.245
88098423797538804429440306374540955062269371586063038697639474806236000813121,20260211-NFO-WOL,Nott'm Forest,Wolves,A,1770838200,no,134358.149144,,0.175,0.185
71586910517588095762757609023031312135459314046247014321990213762590408989934,20260211-MCI-FUL,Man City,Fulham,H,1770838200,yes,2035896.802921,,0.725,0.715
101995180025316558661803717640337173856594799182839060349472880377826504484453,20260211-MCI-FUL,Man City,Fulham,D,1770838200,no,175299.97564,,0.165,0.175
53990896545633121251100762866043096228211332231689221973072540698587254265561,20260211-MCI-FUL,Man City,Fulham,A,1770838200,no,643798.089421,,0.105,0.105
44248073635464236344673799700839510347605599030977561573095156926397394393250,20260211-SUN-LIV,Sunderland,Liverpool,H,1770840900,no,326153.09325,,0.205,0.205
43756972080471787335030684515636937252908073181375701838313540506821605178112,20260211-SUN-LIV,Sunderland,Liverpool,D,1770840900,no,146323.483859,,0.245,0.245
10579446649089327917275461349969044542153191982930871282908515960315033679952,20260211-SUN-LIV,Sunderland,Liverpool,A,1770840900,yes,1752041.797316,,0.555,0.555
105415707179963213220072515627187187420640226897468281768541044686130743340999,20260212-BRE-ARS,Brentford,Arsenal,H,1770926400,no,593032.370506,,0.18,0.165
49157566948316535754888360970147805731210694360400883853135039472690027553953,20260212-BRE-ARS,Brentford,Arsenal,D,1770926400,yes,426253.801106,,0.245,0.245
107683332630704778571811485336992949412595151924810273497552505022869283628038,20260212-BRE-ARS,Brentford,Arsenal,A,1770926400,no,2759314.537837,,0.585,0.595
47221460244071588718391960357566775745701868082654753338527426731528829921121,20260218-WOL-ARS,Wolves,Arsenal,H,1771444800,no,520090.182732,,0.075,0.075
115508443261720449291829896187526195623383793595018029712385460052001259485532,20260218-WOL-ARS,Wolves,Arsenal,D,1771444800,yes,203918.728285,,0.155,0.155
57432398322388797866261896877760843636951520216173777034299621389930279606279,20260218-WOL-ARS,Wolves,Arsenal,A,1771444800,no,4067892.584399,,0.765,0.765
49965520187559073044873493284123378175120045139941802489996066523202822062980,20260221-BRE-BHA,Brentford,Brighton,H,1771686000,no,828783.041031,,0.475,0.465
20515015163035781139665213963859266814381858463708797766021253146493364340290,20260221-BRE-BHA,Brentford,Brighton,D,1771686000,no,106385.221586,,0.255,0.265
11507227193591124312381982690266151616821435610540359127874982872654758966408,20260221-BRE-BHA,Brentford,Brighton,A,1771686000,yes,391348.242201,,0.265,0.275
100604832904280044110782970977267575658325573670077766398375053699234291552643,20260221-CHE-BUR,Chelsea,Burnley,H,1771686000,no,909038.073756,,0.81,0.795
19861251101188009741693848601026213026041397392824765953571444322107469482430,20260221-CHE-BUR,Chelsea,Burnley,D,1771686000,yes,105541.14673,,0.125,0.135
41782736977381701247410611780341484134307698640048119813988595199966944495753,20260221-CHE-BUR,Chelsea,Burnley,A,1771686000,no,247975.534147,,0.065,0.065
103676505084222873290597273371311995832064978130772885595019543664440692879276,20260221-AVL-LEE,Aston Villa,Leeds,H,1771686000,no,1481582.300925,,0.53,0.535
6571832468087402347831453850044682804179030686358798599195212914261970213434,20260221-AVL-LEE,Aston Villa,Leeds,D,1771686000,yes,84768.09127,,0.265,0.255
29522277952598506556299527502581166926418366065257629346720508694013779346392,20260221-AVL-LEE,Aston Villa,Leeds,A,1771686000,no,264183.477843,,0.215,0.205
5519453777656660919619083682220992614153167696823066159621137752041221659801,20260221-WHU-BOU,West Ham,Bournemouth,H,1771695000,no,268599.04234,,0.385,0.365
74942340603069550057166290145362673064040858293638730472776255678898131721384,20260221-WHU-BOU,West Ham,Bournemouth,D,1771695000,yes,53487.760218,,0.255,0.265
64354115461065004452420396771969446293885559989598627387665693392876461840589,20260221-WHU-BOU,West Ham,Bournemouth,A,1771695000,no,689041.334531,,0.355,0.375
81469061650907146100230473023429337060305560633624188538446267495855755730929,20260221-MCI-NEW,Man City,Newcastle,H,1771704000,yes,6779393.630582,,0.665,0.645
115398141530025591062463237098545990236528511241920318748682662788120615854327,20260221-MCI-NEW,Man City,Newcastle,D,1771704000,no,375145.662677,,0.185,0.195
48125467775424455769077131206724204327357667887933258179204504414590404920775,20260221-MCI-NEW,Man City,Newcastle,A,1771704000,no,356905.423935,,0.155,0.155
9393303116100011218593947818090189371985583147791728384834976855924455300035,20260222-NFO-LIV,Nott'm Forest,Liverpool,H,1771768800,no,356305.335595,,0.235,0.245
30385451664979581056253484209721834917784912477481413529702464405996978142788,20260222-NFO-LIV,Nott'm Forest,Liverpool,D,1771768800,no,110836.182301,,0.24,0.255
75104494659575596426357364549778393070868779624675736408646602524448846928490,20260222-NFO-LIV,Nott'm Forest,Liverpool,A,1771768800,yes,1757860.889066,,0.525,0.505
72054313656659650667507631280315652967574368767500350553762099181537291383211,20260222-SUN-FUL,Sunderland,Fulham,H,1771768800,no,111414.58668,,0.355,0.345
29063007245404289420774410081682076765695327123104943918733350819551986586074,20260222-SUN-FUL,Sunderland,Fulham,D,1771768800,no,308624.393369,,0.295,0.305
55033039936104866499335982010438902735018482712425102225398454431571498660733,20260222-SUN-FUL,Sunderland,Fulham,A,1771768800,yes,220632.823446,,0.345,0.355
74045052555248724661308816948675935851751859004328046820526303299910210575068,20260222-CRY-WOL,Crystal Palace,Wolves,H,1771768800,yes,653768.218092,,0.585,0.545
13070469508829427641897469005066517179871670934604367116799719712763092726414,20260222-CRY-WOL,Crystal Palace,Wolves,D,1771768800,no,341604.402645,,0.235,0.255
13960630134641837056514975778839680103291389314394659354835773626636618345693,20260222-CRY-WOL,Crystal Palace,Wolves,A,1771768800,no,408424.542093,,0.175,0.205
97624503022588888032943172289230554457116361619469377354565666609093271821976,20260222-TOT-ARS,Tottenham,Arsenal,H,1771777800,no,1051782.008611,,0.155,0.125
41030291145141783103651804852128387010492909164985753075595159937426228997153,20260222-TOT-ARS,Tottenham,Arsenal,D,1771777800,no,193745.428125,,0.235,0.215
70625913439800116089143542734342517599220100975406468770445713843893589354620,20260222-TOT-ARS,Tottenham,Arsenal,A,1771777800,yes,8645680.350651,,0.615,0.665
84671568475000224712551479824868341467744171404368465198765142379352920650646,20260223-EVE-MUN,Everton,Man United,H,1771876800,no,1235120.988799,,0.255,0.245
87546824076447242698169809905245985605338984315008355711041231109049406304888,20260223-EVE-MUN,Everton,Man United,D,1771876800,no,433148.727713,,0.255,0.255
62714570878257649619659356909770618496133386495527296744337304814607638065503,20260223-EVE-MUN,Everton,Man United,A,1771876800,yes,3465585.113451,,0.505,0.505
114039831457340667518141619590554019273492554665419163044133318991229425149519,20260227-WOL-AVL,Wolves,Aston Villa,H,1772222400,yes,541664.67437,,0.225,0.205
73268593763858875761658873379000012937091315599493564029775048619792282804613,20260227-WOL-AVL,Wolves,Aston Villa,D,1772222400,no,258185.61461,,0.255,0.255
92489260169001305722223254381332086457057802169001763251594595711455364101040,20260227-WOL-AVL,Wolves,Aston Villa,A,1772222400,no,4851468.805094,,0.515,0.535
90119718239223587130662514221785767735807308580354063466267922515227654885553,20260228-BOU-SUN,Bournemouth,Sunderland,H,1772281800,no,1152473.78756,,0.545,0.555
109471904606069184782066044311326226360337783373038468921284212995113701176484,20260228-BOU-SUN,Bournemouth,Sunderland,D,1772281800,yes,128762.546865,,0.245,0.245
50556496501510938115448193853916718772461636438583234887127806912590716045764,20260228-BOU-SUN,Bournemouth,Sunderland,A,1772281800,no,226149.052659,,0.205,0.205
10067273606068045144667868999642224811210537854288757146726397865051847218646,20260228-LIV-WHU,Liverpool,West Ham,H,1772290800,yes,1038368.810994,,0.685,0.685
73161287931802086859474412398916377854807321602672105584298242757462636835579,20260228-LIV-WHU,Liverpool,West Ham,D,1772290800,no,54607.900509,,0.185,0.185
49894077479247848874119377616363897073785051269451805940662611383706972655892,20260228-LIV-WHU,Liverpool,West Ham,A,1772290800,no,429804.045983,,0.135,0.125
35421265613703494663909500160861731097073444890104857056800696742578098834383,20260228-NEW-EVE,Newcastle,Everton,H,1772290800,no,3455087.521587,,0.565,0.555
48910755883713491329851314999147007258353112322426798490303095445933696792330,20260228-NEW-EVE,Newcastle,Everton,D,1772290800,no,91118.499841,,0.235,0.245
76288794991950458487357647876897578925533861030625828363061343177424336241784,20260228-NEW-EVE,Newcastle,Everton,A,1772290800,yes,222804.617166,,0.195,0.205
55258677824280738308176623321517284225337019988734833764442029999971213908008,20260228-BUR-BRE,Burnley,Brentford,H,1772290800,no,406270.443196,,0.195,0.205
80397360206394798373108200521886297661547830066777470084504376588182314798396,20260228-BUR-BRE,Burnley,Brentford,D,1772290800,no,339846.49169,,0.245,0.245
22812708719137240749199120228161269937097773318198420706551338760136667564830,20260228-BUR-BRE,Burnley,Brentford,A,1772290800,yes,1137109.772615,,0.555,0.545
5642307744613188386724175990928878390227990667813562006557029523319854405862,20260228-LEE-MCI,Leeds,Man City,H,1772299800,no,510312.991758,,0.185,0.185
1543033027255361405280143677017266168518144139730279914727019155915102523522,20260228-LEE-MCI,Leeds,Man City,D,1772299800,no,123393.933988,,0.215,0.235
89094680517073965525050239969832902892068694904498551795505468819803128301998,20260228-LEE-MCI,Leeds,Man City,A,1772299800,yes,4746988.175277,,0.595,0.575
43755524208466834838954162121976963805947239645642628054207654587096333361344,20260301-FUL-TOT,Fulham,Tottenham,H,1772373600,yes,5133840.576909,,0.475,0.485
24517812728848016682920711578569764734927841630225149562153977700914339899121,20260301-FUL-TOT,Fulham,Tottenham,D,1772373600,no,107574.729188,,0.255,0.255
39517203781134173602324255648501505612045390539943996859376919302065332170981,20260301-FUL-TOT,Fulham,Tottenham,A,1772373600,no,469114.973764,,0.265,0.255
91476369300298146920036248088607009930182750315940734872881659404300774697793,20260301-MUN-CRY,Man United,Crystal Palace,H,1772373600,yes,4147271.359186,,0.645,0.645
48639281328840884563651613513029355148761614683783118549806710781880783156000,20260301-MUN-CRY,Man United,Crystal Palace,D,1772373600,no,279155.732305,,0.205,0.205
36579207609746477149943054826075348162864056746167472489139873557746617632280,20260301-MUN-CRY,Man United,Crystal Palace,A,1772373600,no,739417.50768,,0.155,0.145
43270434155298135110188579089680869697881352788668757523476719465960734305840,20260301-BHA-NFO,Brighton,Nott'm Forest,H,1772373600,yes,641804.011144,,0.465,0.435
36283310210563934151584644888803853579544239486674691825383770807472556578452,20260301-BHA-NFO,Brighton,Nott'm Forest,D,1772373600,no,112215.53403,,0.275,0.285
3025549742037205463894150036378434080390730373070319910498597423823927209162,20260301-BHA-NFO,Brighton,Nott'm Forest,A,1772373600,no,241199.484788,,0.265,0.275
112094301151519051620488491522329967135020737468682514371530412866329553253017,20260301-ARS-CHE,Arsenal,Chelsea,H,1772382600,yes,10093606.974152,,0.615,0.625
15954715253891829842241192469885555509336778084386103497909445293782371193295,20260301-ARS-CHE,Arsenal,Chelsea,D,1772382600,no,594703.924863,,0.225,0.225
15786560502701558004125108954795688783023317829085029294912056399922665585821,20260301-ARS-CHE,Arsenal,Chelsea,A,1772382600,no,1263313.202459,,0.165,0.155
10463093494221715368026630089007609406678972704511286886956306725186675687759,20260303-EVE-BUR,Everton,Burnley,H,1772566200,yes,1029244.782792,,0.605,0.595
75906634894547150751196378001942911474173180564276701799719207995894491734714,20260303-EVE-BUR,Everton,Burnley,D,1772566200,no,43518.469207,,0.235,0.245
65844310693816794687702316300862293999678759053304084544019212046263014815600,20260303-EVE-BUR,Everton,Burnley,A,1772566200,no,243380.121937,,0.155,0.155
16261167548794419162514382197740956282231709153607027957744526895654001955803,20260303-LEE-SUN,Leeds,Sunderland,H,1772566200,no,1133160.024521,,0.495,0.525
103866696905846565427605645473642121018105861707301039091414717301477462139171,20260303-LEE-SUN,Leeds,Sunderland,D,1772566200,no,193379.364505,,0.275,0.275
92023378139283287665059687010006553505325190850734607747223552727602113175875,20260303-LEE-SUN,Leeds,Sunderland,A,1772566200,yes,289896.515931,,0.225,0.205
44661205393836229354931089938950732011519488800249143644611996186484665336654,20260303-BOU-BRE,Bournemouth,Brentford,H,1772566200,no,284741.005592,,0.38,0.365
81866377160170877238627924978476428030300042231327895616229270299960822280099,20260303-BOU-BRE,Bournemouth,Brentford,D,1772566200,yes,147633.673601,,0.265,0.265
43562456598463636641040950414186335537302331633611359999621285788715049947557,20260303-BOU-BRE,Bournemouth,Brentford,A,1772566200,no,232379.070822,,0.355,0.365
65962047239564978559753770438711948549157920669025365949484630198445214852772,20260303-WOL-LIV,Wolves,Liverpool,H,1772568900,yes,915811.135786,,0.145,0.135
53317399638361867442147548293130133416997419491867838865562102458942967490852,20260303-WOL-LIV,Wolves,Liverpool,D,1772568900,no,865156.152134,,0.195,0.205
32480537000557660742313729505508416242252734571677416203499577770764790270235,20260303-WOL-LIV,Wolves,Liverpool,A,1772568900,no,11995661.364783,,0.665,0.655
92194018496369437004329197023551025079247826629580820507114864935162362971101,20260304-AVL-CHE,Aston Villa,Chelsea,H,1772652600,no,0.0,,0.355,0.345
65996440017577267909886087289163327456811561195466231553430006987231769203514,20260304-AVL-CHE,Aston Villa,Chelsea,D,1772652600,no,0.0,,0.265,0.275
11797414871712704258312766093914246908282055301353535561014785091134059795878,20260304-AVL-CHE,Aston Villa,Chelsea,A,1772652600,yes,0.0,,0.385,0.385
60362739679016217290746203125900305247049177154572916454186758544833462395996,20260304-BHA-ARS,Brighton,Arsenal,H,1772652600,no,0.0,,0.175,0.175
53297714699452585057272236658743039927752514864837986646078900460791671281758,20260304-BHA-ARS,Brighton,Arsenal,D,1772652600,no,0.0,,0.235,0.245
93618557835272116588300786632999976120161368723921655811865893276205011689753,20260304-BHA-ARS,Brighton,Arsenal,A,1772652600,yes,0.0,,0.585,0.575
54737334180715740361361666877320241711837715928459963431303856707001923350405,20260304-FUL-WHU,Fulham,West Ham,H,1772652600,no,0.0,,0.465,0.455
104576635362365657555313075287611218823558583577135241368854468366713789317500,20260304-FUL-WHU,Fulham,West Ham,D,1772652600,no,0.0,,0.265,0.265
100726331848797257637551917631934861144267937356455289743218343775395432712410,20260304-FUL-WHU,Fulham,West Ham,A,1772652600,yes,0.0,,0.265,0.275
9905182191081640008785238475821743195069863814919754172072310065259430277428,20260304-MCI-NFO,Man City,Nott'm Forest,H,1772652600,no,0.0,,0.705,0.685
64144959226150001904649168449179864176392728644958734056667250972441200592906,20260304-MCI-NFO,Man City,Nott'm Forest,D,1772652600,yes,0.0,,0.185,0.195
31072249292754572496770812315930154110863409090768279651138089060084498713769,20260304-MCI-NFO,Man City,Nott'm Forest,A,1772652600,no,0.0,,0.115,0.115
18425759261912435070475771552038964162987874505828147957802062315927148657967,20260304-NEW-MUN,Newcastle,Man United,H,1772655300,yes,0.0,,0.365,0.355
77641643614212735890642036386917046006437612405473744970350703762563316184439,20260304-NEW-MUN,Newcastle,Man United,D,1772655300,no,0.0,,0.255,0.255
37527528332440019586311168143681615602904866587468208753065995380978457138224,20260304-NEW-MUN,Newcastle,Man United,A,1772655300,no,0.0,,0.385,0.38
45693034358237533101437107150351773254391397538185930861307805214627321852981,20260305-TOT-CRY,Tottenham,Crystal Palace,H,1772740800,no,0.0,,0.415,0.395
51206889142172539161630725794070062341033503986974510546461548252714047884169,20260305-TOT-CRY,Tottenham,Crystal Palace,D,1772740800,no,0.0,,0.285,0.285
88004230022997229351949299961303091408834106415456545359217601922526133692411,20260305-TOT-CRY,Tottenham,Crystal Palace,A,1772740800,yes,0.0,,0.31,0.325
109152974278914309825976687753982091274821874238685518373651300699641397848099,20260314-BUR-BOU,Burnley,Bournemouth,H,1773500400,no,0.0,,0.235,0.215
17736914367404999343648531144556282129594490003374816079199665702086629544421,20260314-BUR-BOU,Burnley,Bournemouth,D,1773500400,yes,0.0,,0.245,0.245
81758482510199965664815113301671182134960066946008164413357847393613528084481,20260314-BUR-BOU,Burnley,Bournemouth,A,1773500400,no,0.0,,0.535,0.545
6190328599949178026456155379133994822125082843178668326463864782746000623463,20260314-SUN-BHA,Sunderland,Brighton,H,1773500400,no,0.0,,0.285,0.265
109098176162907973397131998355437106601623904022953311794677222299986215276760,20260314-SUN-BHA,Sunderland,Brighton,D,1773500400,no,0.0,,0.285,0.285
111859348131961884875890766530169403030081752785929138796426339988878608169499,20260314-SUN-BHA,Sunderland,Brighton,A,1773500400,yes,0.0,,0.435,0.455
86033427677252416086751450370475670590824726105322635674860437641344282902660,20260314-CHE-NEW,Chelsea,Newcastle,H,1773509400,no,0.0,,0.525,0.525
73644540400340051100413239419397966976965664001220634024759989419358258209918,20260314-CHE-NEW,Chelsea,Newcastle,D,1773509400,no,0.0,,0.225,0.235
79051789373886457546553944638473613045587191226843744294349583359740412740625,20260314-CHE-NEW,Chelsea,Newcastle,A,1773509400,yes,0.0,,0.245,0.245
38994064194073482228229509993277184534677234863592159586324882995065445332711,20260314-ARS-EVE,Arsenal,Everton,H,1773509400,yes,0.0,,0.705,0.695
106992113187483802472525853609722343519900079892023158177602461995907425337697,20260314-ARS-EVE,Arsenal,Everton,D,1773509400,no,0.0,,0.195,0.205
43604923306352456348302507504058451331490120371228577268768753674967093388529,20260314-ARS-EVE,Arsenal,Everton,A,1773509400,no,0.0,,0.095,0.105
92825265075799673067651598133667095451197237682299985513689996841118596412360,20260314-WHU-MCI,West Ham,Man City,H,1773518400,no,0.0,,0.205,0.195
52897666716753511378027594732307969461017240907137020287869911227782989125449,20260314-WHU-MCI,West Ham,Man City,D,1773518400,yes,0.0,,0.225,0.215
110162709167587205216232528451528728935099976071721615825821885124373392450388,20260314-WHU-MCI,West Ham,Man City,A,1773518400,no,0.0,,0.575,0.585
49199458578674299280518325446666793632087135647583739482099632115201280158865,20260315-MUN-AVL,Man United,Aston Villa,H,1773583200,yes,0.0,,0.575,0.565
94115882077608044197525900408809358480680877998869298629002836029249577661902,20260315-MUN-AVL,Man United,Aston Villa,D,1773583200,no,0.0,,0.225,0.235
33963961321781294066793384128140382622650266529966795638041684912285934887597,20260315-MUN-AVL,Man United,Aston Villa,A,1773583200,no,0.0,,0.205,0.195
53860536354451728164758573120509120640842800890402836959946656108912850633383,20260315-CRY-LEE,Crystal Palace,Leeds,H,1773583200,no,0.0,,0.385,0.385
2616402128368840403380800717674578354766381704420821829222164010470082617261,20260315-CRY-LEE,Crystal Palace,Leeds,D,1773583200,yes,0.0,,0.295,0.295
74649244239744218165949496953496152268678754269160115006529600518430963099320,20260315-CRY-LEE,Crystal Palace,Leeds,A,1773583200,no,0.0,,0.315,0.315
53826182091114174886828435963756500685188864753078374559198340086078124917899,20260315-NFO-FUL,Nott'm Forest,Fulham,H,1773583200,no,0.0,,0.415,0.415
41465099298725482263011127667380436500917804417808564908106579010431828446429,20260315-NFO-FUL,Nott'm Forest,Fulham,D,1773583200,yes,0.0,,0.285,0.285
36339850254157377830381845388945943780350502305284825112673686524258047733362,20260315-NFO-FUL,Nott'm Forest,Fulham,A,1773583200,no,0.0,,0.305,0.305
66167282560194887008564299553098597284350396523168513310347866677310039164905,20260315-LIV-TOT,Liverpool,Tottenham,H,1773592200,no,0.0,,0.755,0.745
38884134897307114491523488529548848404082162282427027859870822739822955962974,20260315-LIV-TOT,Liverpool,Tottenham,D,1773592200,yes,0.0,,0.145,0.155
99455241418187642495529445550648546128939146170410824511522791868477388956789,20260315-LIV-TOT,Liverpool,Tottenham,A,1773592200,no,0.0,,0.095,0.105
47494701246623683904467099439211712078496707997982781452643608690648347494691,20260316-BRE-WOL,Brentford,Wolves,H,1773691200,no,0.0,,0.615,0.615
36847072724559173717932852521154454046199061185812140044701797780609311414898,20260316-BRE-WOL,Brentford,Wolves,D,1773691200,yes,0.0,,0.225,0.225
98107912998624786361577465233693172875466676473751002010266720534494299124333,20260316-BRE-WOL,Brentford,Wolves,A,1773691200,no,0.0,,0.165,0.155
58206139529666709446170935349036911353681231083630030802859175769000049741130,20260320-BOU-MUN,Bournemouth,Man United,H,1774036800,no,0.0,,0.285,0.285
55188213476520233230864899737260496833336309617008847802520304676111086492676,20260320-BOU-MUN,Bournemouth,Man United,D,1774036800,yes,0.0,,0.255,0.255
46176690668105177227089990838594026351799238651232950832331852562296667074978,20260320-BOU-MUN,Bournemouth,Man United,A,1774036800,no,0.0,,0.455,0.465
100464054121002033210929966097122721185902091676775506635237858654025169363262,20260321-BHA-LIV,Brighton,Liverpool,H,1774096200,yes,0.0,,0.305,0.305
71054960507984884736173544280423585166770697935206743085530811742358937918796,20260321-BHA-LIV,Brighton,Liverpool,D,1774096200,no,0.0,,0.265,0.255
35083807819338446925002466154655205330091854330432756866206371119620373615428,20260321-BHA-LIV,Brighton,Liverpool,A,1774096200,no,0.0,,0.425,0.435
59926179825727217606167341176846116057970189763068493202217393131144123674309,20260513-MCI-CRY,Man City,Crystal Palace,H,1778698800,yes,8098202.505656997,0.03,0.815,0.775
32246936252145176064268879083356302397903981456046560618741718375991557154603,20260513-MCI-CRY,Man City,Crystal Palace,D,1778698800,no,242525.3698280003,0.03,0.1235,0.1375
47798652524102667635886769882234495418506879283040748965001754646341968655128,20260513-MCI-CRY,Man City,Crystal Palace,A,1778698800,no,551783.4924449986,0.03,0.068,0.0825
100424505911492726143069668369640898890012859227903329249368753635028896002613,20260321-FUL-BUR,Fulham,Burnley,H,1774105200,yes,0.0,,0.625,0.635
55533957137464933290196211705835266422229072883604545139508878784729659453667,20260321-FUL-BUR,Fulham,Burnley,D,1774105200,no,0.0,,0.225,0.215
111387501328662145897103162600496351393235879641274336060199507793806731099077,20260321-FUL-BUR,Fulham,Burnley,A,1774105200,no,0.0,,0.145,0.145
16201391243045422507023801607586153372791417104258215636932788686821300331314,20260321-EVE-CHE,Everton,Chelsea,H,1774114200,yes,604380.9694360003,,0.275,0.295
110154448465390789765186990789966466139676974469858957198699484013667053960864,20260321-EVE-CHE,Everton,Chelsea,D,1774114200,no,0.0,,0.265,0.285
77019523621478946963865271857336353830849712350406503519645871793341730636267,20260321-EVE-CHE,Everton,Chelsea,A,1774114200,no,0.0,,0.455,0.435
33550256521588566181818107761102086100116148175456742347678976997881043151893,20260321-LEE-BRE,Leeds,Brentford,H,1774123200,no,0.0,,0.385,0.395
8466416768531689382508808513639943959475223309060412896396358038502407467500,20260321-LEE-BRE,Leeds,Brentford,D,1774123200,yes,0.0,,0.275,0.275
25666419921296394159751233259946485552020074285656528843009715659948160932435,20260321-LEE-BRE,Leeds,Brentford,A,1774123200,no,0.0,,0.335,0.335
10885467299441552228788850101470585456308768964919166322786491251099537441146,20260322-NEW-SUN,Newcastle,Sunderland,H,1774180800,no,0.0,,0.585,0.585
51526304248714652925751686709884470232531438128464338748675699076173232984667,20260322-NEW-SUN,Newcastle,Sunderland,D,1774180800,no,0.0,,0.245,0.245
108584090264102648962644744492897955588592661017273351760471080706733288752999,20260322-NEW-SUN,Newcastle,Sunderland,A,1774180800,yes,0.0,,0.185,0.17
73363858982080595126758051311635899502779080022252508727124659435716051517465,20260322-AVL-WHU,Aston Villa,West Ham,H,1774188900,yes,0.0,,0.505,0.565
42939381682784576825453357190498255585865955637432387998187864113263900442895,20260322-AVL-WHU,Aston Villa,West Ham,D,1774188900,no,0.0,,0.265,0.245
34128608760733939864054955741468108858310437205139212516744437521944240103548,20260322-AVL-WHU,Aston Villa,West Ham,A,1774188900,no,0.0,,0.245,0.195
66114996526440122956547433274930944365558758157855960717083628458982934849357,20260322-TOT-NFO,Tottenham,Nott'm Forest,H,1774188900,no,0.0,,0.425,0.395
102952359371713609318969598202838569649273730194584084836269446961937117728791,20260322-TOT-NFO,Tottenham,Nott'm Forest,D,1774188900,no,0.0,,0.285,0.285
90224464741112154651869318509933458753500483779981642128226272021696408171979,20260322-TOT-NFO,Tottenham,Nott'm Forest,A,1774188900,yes,0.0,,0.305,0.315
108166768382024819660966884211200226357033435376194239322768969211315357731802,20260410-WHU-WOL,West Ham,Wolves,H,1775847600,yes,437930.53896800114,0.03,0.525,0.545
12696317432776810825862685786482743680248884020136092032696126238200837368681,20260410-WHU-WOL,West Ham,Wolves,D,1775847600,no,159148.493187,0.03,0.255,0.255
62101727337419670649465191664379934116345087801036435314463223918904780775303,20260410-WHU-WOL,West Ham,Wolves,A,1775847600,no,96422.26389300008,0.03,0.225,0.205
57915764020991905801314902275089680096756149673513078682267321834710648036326,20260411-ARS-BOU,Arsenal,Bournemouth,H,1775907000,no,7772042.673206938,0.03,0.685,0.685
75212286089320995491561844326758967353482916018695862947312181030080729978143,20260411-ARS-BOU,Arsenal,Bournemouth,D,1775907000,no,227549.58737299975,0.03,0.195,0.195
39663422786196543244785386409591452789118704287207173759986436297691104847387,20260411-ARS-BOU,Arsenal,Bournemouth,A,1775907000,yes,458501.1830229992,0.03,0.115,0.125
108506308344668460048051852564276611339891822979009130757700183454335086767191,20260411-BRE-EVE,Brentford,Everton,H,1775916000,no,1448702.2867730008,0.03,0.445,0.445
107196207357722682232130142924332501172970470293666551609295837308335389867938,20260411-BRE-EVE,Brentford,Everton,D,1775916000,yes,365219.8682500002,0.03,0.285,0.285
40870999947441460105516190827758743484492169924642490964276836595381589609892,20260411-BRE-EVE,Brentford,Everton,A,1775916000,no,236580.91132800007,0.03,0.275,0.265
16591559460614076273235916440847690528540577772580084517786126811336023202930,20260411-BUR-BHA,Burnley,Brighton,H,1775916000,no,121963.12201499988,0.03,0.205,0.185
7159895338535387420504953527182889327419304464048549636478931962965402629375,20260411-BUR-BHA,Burnley,Brighton,D,1775916000,no,156052.1675869998,0.03,0.235,0.235
60037504219761932550629529267945793065665076890537592455146089993501937685019,20260411-BUR-BHA,Burnley,Brighton,A,1775916000,yes,1190864.7481499985,0.03,0.565,0.595
48275460989962092386996511574659453037699330707120151102470507870295837618587,20260411-LIV-FUL,Liverpool,Fulham,H,1775925000,yes,3992968.205326978,0.03,0.585,0.595
44115295360646705635661758771748432385267538357409364625188351867107371452260,20260411-LIV-FUL,Liverpool,Fulham,D,1775925000,no,264264.006597,0.03,0.235,0.225
69280888947957285988478759973384920232646982105372707217182594680421097360620,20260411-LIV-FUL,Liverpool,Fulham,A,1775925000,no,429211.5783910002,0.03,0.195,0.195
56526110132028036558598163012165962745320739405423192777567509716539064509945,20260412-SUN-TOT,Sunderland,Tottenham,H,1775998800,yes,454519.920655,0.03,0.365,0.355
105598771272642024389177618477574605570199435504517577372447237922166958106842,20260412-SUN-TOT,Sunderland,Tottenham,D,1775998800,no,336302.785037001,0.03,0.295,0.285
79160274239915850566088638035564957913096225295206481497367215171152405243116,20260412-SUN-TOT,Sunderland,Tottenham,A,1775998800,no,340023.32573900034,0.03,0.355,0.355
403378875538500732673800002256556528718631948332338308767742000638250671933,20260412-CRY-NEW,Crystal Palace,Newcastle,H,1775998800,yes,376974.53408400016,0.03,0.305,0.325
100924203133383159830842885740396356160402381357313847906624695448963105562824,20260412-CRY-NEW,Crystal Palace,Newcastle,D,1775998800,no,366985.9771229992,0.03,0.275,0.275
38331325212356092737830130180034534569324177109374884572496245838043070679186,20260412-CRY-NEW,Crystal Palace,Newcastle,A,1775998800,no,658358.0025489986,0.03,0.435,0.395
13166482059589739028142552126147076416256784948277250872089402999396625994987,20260412-NFO-AVL,Nott'm Forest,Aston Villa,H,1775998800,no,1509548.9073559986,0.03,0.345,0.355
102730424037903588614819354472592312338019163877180688022338446287536468984272,20260412-NFO-AVL,Nott'm Forest,Aston Villa,D,1775998800,yes,447939.13109099993,0.03,0.295,0.295
94481735384012481588991413220976205959872859344603088020931300540077041666812,20260412-NFO-AVL,Nott'm Forest,Aston Villa,A,1775998800,no,1207832.0970729983,0.03,0.365,0.365
55794480567549079763897078448210036896558792757749056386231852852623817651301,20260412-CHE-MCI,Chelsea,Man City,H,1776007800,no,930913.6202779989,0.03,0.305,0.265
108993296744428424596784746605167778466724179851564137644553292113685841689205,20260412-CHE-MCI,Chelsea,Man City,D,1776007800,no,162698.45843,0.03,0.245,0.245
66205318825209188429228642138657949692321780680977884348616368332277682021303,20260412-CHE-MCI,Chelsea,Man City,A,1776007800,yes,3669334.384332034,0.03,0.455,0.495
88448200265450257735137711573664663418504955790775955137069404178377658126878,20260413-MUN-LEE,Man United,Leeds,H,1776106800,no,3150231.374883011,0.03,0.615,0.625
16215373260918129660386546174744748878679356271077731534811200937711401853059,20260413-MUN-LEE,Man United,Leeds,D,1776106800,no,346677.6951539994,0.03,0.225,0.215
6891332970606741289335100527074286367980977023668114186582448812506868724310,20260413-MUN-LEE,Man United,Leeds,A,1776106800,yes,898855.2748850008,0.03,0.165,0.155
83798226397145698479379275861467818331332983204139040035772702581785473816432,20260418-BRE-FUL,Brentford,Fulham,H,1776511800,no,1053878.124299999,0.03,0.465,0.475
95550651752380466568400870144145355972665794311539616018179422541291953456597,20260418-BRE-FUL,Brentford,Fulham,D,1776511800,yes,89851.35631199997,0.03,0.255,0.255
56881593151358210294452551244429400887222581916401248685196329584860468024846,20260418-BRE-FUL,Brentford,Fulham,A,1776511800,no,196206.76021299965,0.03,0.285,0.285
81000600636926194636154978157443318585538703324212402564755885156341260634221,20260418-LEE-WOL,Leeds,Wolves,H,1776520800,yes,724563.6409069991,0.03,0.615,0.615
18556766165963663301140788824666526294291424602111656192077887854521441718453,20260418-LEE-WOL,Leeds,Wolves,D,1776520800,no,20199.052418,0.03,0.235,0.235
31179246273052513508938407776201498820966172093457407517384114736164654765049,20260418-LEE-WOL,Leeds,Wolves,A,1776520800,no,119537.80077700004,0.03,0.155,0.155
53144444011705912652381448374317939475367503098061706640300197155965152922828,20260418-NEW-BOU,Newcastle,Bournemouth,H,1776520800,no,308555.9994069998,0.03,0.475,0.445
95265448301400612707587352075293820396937103863463369615094054200742623848725,20260418-NEW-BOU,Newcastle,Bournemouth,D,1776520800,no,108449.81958799988,0.03,0.245,0.255
841577706686620562961767980764530953898284465835196222222129478295929922685,20260418-NEW-BOU,Newcastle,Bournemouth,A,1776520800,yes,295799.81505399995,0.03,0.285,0.295
9840385176237914659639153680632264604141287316316259739127126825579942556640,20260418-TOT-BHA,Tottenham,Brighton,H,1776529800,no,901230.197144,0.03,0.335,0.315
87633183887200182698186615643491701703844390095125583658929907497847996862620,20260418-TOT-BHA,Tottenham,Brighton,D,1776529800,yes,174649.0384809997,0.03,0.255,0.245
4741465037072231249918150899371552688666420422817518371107422956235615749612,20260418-TOT-BHA,Tottenham,Brighton,A,1776529800,no,1611247.3748580045,0.03,0.415,0.445
28224086740198970851967836465526292675874655791534426123202162654811574258925,20260418-CHE-MUN,Chelsea,Man United,H,1776538800,no,1393854.3013970037,0.03,0.465,0.455
14960366750849052997352019208270571549142169256546646424427045993148444687384,20260418-CHE-MUN,Chelsea,Man United,D,1776538800,no,387789.1333680001,0.03,0.255,0.255
105116041894820492460411424760696845571488436120196970814836965007392208824042,20260418-CHE-MUN,Chelsea,Man United,A,1776538800,yes,765789.548604001,0.03,0.285,0.295
6657417908845247951084566123501518894348349528752164401323426192582900704757,20260419-AVL-SUN,Aston Villa,Sunderland,H,1776603600,yes,2211975.8783729933,0.03,0.565,0.555
111507488309782013741137257153657596039025171546425084254457204352047401146956,20260419-AVL-SUN,Aston Villa,Sunderland,D,1776603600,no,213185.10085500008,0.03,0.265,0.265
52210672022818811889624563525206979850053691635101945243920177663971975755688,20260419-AVL-SUN,Aston Villa,Sunderland,A,1776603600,no,289966.2027970003,0.03,0.185,0.185
41828193111252327711738438255603401444468851782115585619273295297444336222680,20260419-NFO-BUR,Nott'm Forest,Burnley,H,1776603600,yes,578991.4818019998,0.03,0.655,0.655
97018900045825805111491719659745518719261157974390310451348908813978248888696,20260419-NFO-BUR,Nott'm Forest,Burnley,D,1776603600,no,32605.917552,0.03,0.215,0.215
76902213505116949187130036051716845961925148169209060053164777707682587413875,20260419-NFO-BUR,Nott'm Forest,Burnley,A,1776603600,no,118677.09338699994,0.03,0.135,0.125
63468174268991099280221494950729764237500603257427895721070249683360218624012,20260419-EVE-LIV,Everton,Liverpool,H,1776603600,no,514799.92659600126,0.03,0.305,0.295
30244028768795666380363106368214054101906267927358279894321673452099749720261,20260419-EVE-LIV,Everton,Liverpool,D,1776603600,no,329838.68798699987,0.03,0.295,0.285
16543702595342304709685259437326721236196014200651826154453961247631095381118,20260419-EVE-LIV,Everton,Liverpool,A,1776603600,yes,3121560.5187379755,0.03,0.405,0.425
34294843671224051336444544293065855377788642954206965833807393727873796737717,20260419-MCI-ARS,Man City,Arsenal,H,1776612600,yes,3353503.519341005,0.03,0.525,0.505
72147496379830895879516009187312579359168743546794103691810856862160386376121,20260419-MCI-ARS,Man City,Arsenal,D,1776612600,no,412756.6804240007,0.03,0.255,0.265
77647659611909782208104614387848306608077047598069184432774313848365151345182,20260419-MCI-ARS,Man City,Arsenal,A,1776612600,no,1587142.7233799938,0.03,0.225,0.225
56898110101027562351675269457144003088909411280022309599169472955058448563359,20260420-CRY-WHU,Crystal Palace,West Ham,H,1776711600,no,971945.2576930008,0.03,0.405,0.375
82404491161282856317902758727510773262148094378984836176855664638427234950670,20260420-CRY-WHU,Crystal Palace,West Ham,D,1776711600,yes,444376.75001899904,0.03,0.285,0.285
69877002446970808452697625312530749349086616092028174688831737322312768746658,20260420-CRY-WHU,Crystal Palace,West Ham,A,1776711600,no,460820.3563369999,0.03,0.315,0.335
87392887836042742068257279588813656812875369256328270678108530408766251281767,20260421-BHA-CHE,Brighton,Chelsea,H,1776798000,yes,1069949.732174,0.03,0.385,0.395
28063694010413803299908339637568562749372579100237709172618490964195824781999,20260421-BHA-CHE,Brighton,Chelsea,D,1776798000,no,149153.92857400034,0.03,0.255,0.265
64265229744608237713259380836422103179806483146808663287086694612321975965771,20260421-BHA-CHE,Brighton,Chelsea,A,1776798000,no,851593.0617200003,0.03,0.355,0.335
59692434592208739666285550405487746316516302668571845846467534644022046841809,20260422-BUR-MCI,Burnley,Man City,H,1776884400,no,313406.9580210002,0.03,0.045,0.045
106262165344118246752266816435575145075018837109886663293292434438230820269205,20260422-BUR-MCI,Burnley,Man City,D,1776884400,no,87584.01869100003,0.03,0.095,0.095
13656401800622592991785509184845561764238446065415736337519393290690221400064,20260422-BUR-MCI,Burnley,Man City,A,1776884400,yes,1579960.1077220002,0.03,0.865,0.855
54840920599237320262677994264145087837352463836950714130750790975476640612362,20260422-BOU-LEE,Bournemouth,Leeds,H,1776884400,no,1229957.6211900078,0.03,0.475,0.495
91326196293927618208474925980392911976604390760542106327328942016613597627065,20260422-BOU-LEE,Bournemouth,Leeds,D,1776884400,yes,386910.76690100034,0.03,0.265,0.265
49865209026284154730838919013206671020825469735154984501725817061904924001125,20260422-BOU-LEE,Bournemouth,Leeds,A,1776884400,no,155857.3172100001,0.03,0.245,0.245
72182892715081238156663060703296448715462806832639518290546587313190514746633,20260424-SUN-NFO,Sunderland,Nott'm Forest,H,1777057200,no,382810.1294880004,0.03,0.355,0.345
25263838582534634132795458334437195725170908287769554922917726674383367110689,20260424-SUN-NFO,Sunderland,Nott'm Forest,D,1777057200,no,241617.07472599985,0.03,0.3,0.305
4535109436024211273225115604374302345924193718005392176574352281800809843988,20260424-SUN-NFO,Sunderland,Nott'm Forest,A,1777057200,yes,224025.823973,0.03,0.355,0.355
43321151734937019196194891268266398646783603946230712406348705360580302301970,20260425-FUL-AVL,Fulham,Aston Villa,H,1777116600,yes,343504.0197710003,0.03,0.345,0.365
91681446076034652512738094084255451059603086129944202146907769946434039855115,20260425-FUL-AVL,Fulham,Aston Villa,D,1777116600,no,196338.97557900005,0.03,0.265,0.265
94570187543979551408161928267551411433077468342684443334245326099384037652425,20260425-FUL-AVL,Fulham,Aston Villa,A,1777116600,no,965093.9369339998,0.03,0.395,0.365
80438642225259389843156334417810455836737405854612871813737069505451027387644,20260425-LIV-CRY,Liverpool,Crystal Palace,H,1777125600,yes,1206335.4011200003,0.03,0.675,0.635
13262250580297740217580155135666497412239551419635490681932551362442608616117,20260425-LIV-CRY,Liverpool,Crystal Palace,D,1777125600,no,202995.97259599983,0.03,0.185,0.205
23859959799951597620396428939580686099928554464026981110742023262505939629592,20260425-LIV-CRY,Liverpool,Crystal Palace,A,1777125600,no,220619.46003700007,0.03,0.145,0.165
69520349390494956476634613292906410025832273868075633962897673888791223358805,20260425-WHU-EVE,West Ham,Everton,H,1777125600,yes,218853.9414430004,0.03,0.405,0.405
50093347449720263535772694198037054298177260286119504782998773814790896472950,20260425-WHU-EVE,West Ham,Everton,D,1777125600,no,273724.6158059995,0.03,0.285,0.275
112984774478120667741047398359225301977687660663392687634850332570698591710298,20260425-WHU-EVE,West Ham,Everton,A,1777125600,no,364338.2796890002,0.03,0.325,0.325
28588618246743876089623021725172636347995178705979527605828185273149927960467,20260425-WOL-TOT,Wolves,Tottenham,H,1777125600,no,324862.5763470004,0.03,0.205,0.205
111563533700646051680692121475963283500612405113746994969734135767593514748935,20260425-WOL-TOT,Wolves,Tottenham,D,1777125600,no,302467.3196420005,0.03,0.215,0.225
54125107892545123841204333440511821829064165907868033990466794896038356063851,20260425-WOL-TOT,Wolves,Tottenham,A,1777125600,yes,1576109.6745389968,0.03,0.575,0.575
86228082547704455868943264689744040673317380951841171293667392373578239310896,20260425-ARS-NEW,Arsenal,Newcastle,H,1777134600,yes,4358817.986222983,0.03,0.665,0.685
18192224224289846101454359143249308751588877224425665870677206527901093118335,20260425-ARS-NEW,Arsenal,Newcastle,D,1777134600,no,159984.75783599995,0.03,0.195,0.195
27117702375851386151772686072545420735756656569642215520246442864966358945409,20260425-ARS-NEW,Arsenal,Newcastle,A,1777134600,no,598459.6495960025,0.03,0.145,0.125
91688002294852517700175509342481171443541760257723064867737718477628369265588,20260427-MUN-BRE,Man United,Brentford,H,1777316400,yes,2539214.0576159973,0.03,0.515,0.485
61170652800029770720244452530272407583650573530114454703559815155806125364260,20260427-MUN-BRE,Man United,Brentford,D,1777316400,no,202438.90102499948,0.03,0.245,0.255
83265131228122490111661353830482950952190904199068915435289189600322828749782,20260427-MUN-BRE,Man United,Brentford,A,1777316400,no,587051.425257,0.03,0.235,0.255
4919456738519376240426436617790787996537504998863354839462472795769607838341,20260501-LEE-BUR,Leeds,Burnley,H,1777662000,yes,3818185.067585995,0.03,0.705,0.725
2155290132096787878561860090299716301885151809844479404450316023320224047615,20260501-LEE-BUR,Leeds,Burnley,D,1777662000,no,169596.94906400016,0.03,0.185,0.185
70527277902365073030818779230920528917628236638610664539729513629692163698834,20260501-LEE-BUR,Leeds,Burnley,A,1777662000,no,382377.5524209997,0.03,0.105,0.105
10430355672098898151451581512237023863677418842169265031382500009796953139518,20260502-NEW-BHA,Newcastle,Brighton,H,1777730400,yes,298901.6570180003,0.03,0.385,0.365
100705412996925167384068124888185359668642079366408163419335210326656417334060,20260502-NEW-BHA,Newcastle,Brighton,D,1777730400,no,62238.37777099994,0.03,0.255,0.255
46499122550938431002223886101335814676864426110808790004885728558811880243848,20260502-NEW-BHA,Newcastle,Brighton,A,1777730400,no,295005.482654,0.03,0.365,0.375
48512271560305441741594888084214535928734729468521668528203051863407473864757,20260502-BRE-WHU,Brentford,West Ham,H,1777730400,yes,1017109.9849439998,0.03,0.505,0.515
28661965542216532841479850225299846328690921191936186813348696162297767981877,20260502-BRE-WHU,Brentford,West Ham,D,1777730400,no,52850.49005099999,0.03,0.245,0.245
5948546306178144519622477502010622357716468332492174323571650403700890470293,20260502-BRE-WHU,Brentford,West Ham,A,1777730400,no,151914.396151,0.03,0.255,0.245
83688174767668383095665818464355934900962472109899682168428684756015900540843,20260502-WOL-SUN,Wolves,Sunderland,H,1777730400,no,130394.32364299997,0.03,0.285,0.255
38500788947966707474985514755016093276789100041691299933010995015570780391421,20260502-WOL-SUN,Wolves,Sunderland,D,1777730400,yes,92317.43841799996,0.03,0.285,0.265
83460381129027135204339181348338662846394641254476400430675661591711875427505,20260502-WOL-SUN,Wolves,Sunderland,A,1777730400,no,1086519.4441549988,0.03,0.435,0.485
78701775620178553180471269810733093797908221696367375902847334236432735815765,20260502-ARS-FUL,Arsenal,Fulham,H,1777739400,yes,2801431.902861001,0.03,0.675,0.665
58066163481546725613520137641026866802030471648123148180402862693963655095158,20260502-ARS-FUL,Arsenal,Fulham,D,1777739400,no,102692.231171,0.03,0.205,0.215
18546105335652622381489300343302021037806614584275784428340145571204074449314,20260502-ARS-FUL,Arsenal,Fulham,A,1777739400,no,316108.1512540001,0.03,0.125,0.125
19990630379185373426920001229074957645725906983240784314556309283927593625580,20260503-BOU-CRY,Bournemouth,Crystal Palace,H,1777813200,yes,454023.1593520001,0.03,0.585,0.595
39432028440624943630589188553991272710588032629813853266360071356492561436725,20260503-BOU-CRY,Bournemouth,Crystal Palace,D,1777813200,no,85168.6214460001,0.03,0.235,0.235
105999024428011176715268677256406938135905547620111838038415999811978262888396,20260503-BOU-CRY,Bournemouth,Crystal Palace,A,1777813200,no,116879.59355399992,0.03,0.185,0.175
79584421575812181512651517122810974579123120437619107116102652274701841938908,20260503-MUN-LIV,Man United,Liverpool,H,1777818600,yes,5205602.986912064,0.03,0.435,0.395
76833603408894757258135307526489080614200313978506574617733856370120398455939,20260503-MUN-LIV,Man United,Liverpool,D,1777818600,no,409679.4899180004,0.03,0.255,0.255
90785645241039247701705592774836333814669339864663225713759053825133310303149,20260503-MUN-LIV,Man United,Liverpool,A,1777818600,no,3427553.1530380123,0.03,0.325,0.355
99688219950260332384450518569269372721100976998047988240391520915643439261154,20260503-AVL-TOT,Aston Villa,Tottenham,H,1777831200,no,1967347.7581180024,0.03,0.435,0.455
58023667030567212739443486054527977662620216925148834992015310810915424270982,20260503-AVL-TOT,Aston Villa,Tottenham,D,1777831200,no,260238.7144099999,0.03,0.265,0.265
86744610353935105336886240060087462127478861329997393504900803272194948144843,20260503-AVL-TOT,Aston Villa,Tottenham,A,1777831200,yes,617585.4006280014,0.03,0.295,0.285
64770641714156976989474964554615476798703886456878824308372674182516857874046,20260504-CHE-NFO,Chelsea,Nott'm Forest,H,1777903200,no,8679949.91766904,0.03,0.585,0.575
67515656271156981799629501830282618044479856799120507973127052402645088245102,20260504-CHE-NFO,Chelsea,Nott'm Forest,D,1777903200,no,393498.1954939996,0.03,0.235,0.235
84204747401828550096249360182704799838233306652271548685693386233613494042654,20260504-CHE-NFO,Chelsea,Nott'm Forest,A,1777903200,yes,1726415.7660319996,0.03,0.185,0.195
115596148737835993512518048378874755483034458411444508532961582704160570467414,20260504-EVE-MCI,Everton,Man City,H,1777921200,no,916442.486925,0.03,0.145,0.135
95388562657916635346610705667805409803658652212094817598408457809560523056117,20260504-EVE-MCI,Everton,Man City,D,1777921200,yes,280306.926467001,0.03,0.195,0.195
65644943731173133138705009478452522721335603156906993620934347134543808484110,20260504-EVE-MCI,Everton,Man City,A,1777921200,no,4777910.92573697,0.03,0.655,0.675
31524837162853106914970927937023324859549972142712837947307466091892225261466,20260509-LIV-CHE,Liverpool,Chelsea,H,1778326200,no,3138231.9920549914,0.03,0.525,0.515
13675271750300092338845080813008192986790413836335602968748035047746424566378,20260509-LIV-CHE,Liverpool,Chelsea,D,1778326200,yes,633148.0173969994,0.03,0.235,0.245
15515883743455858977049763114748705773839908244429861308585102827405317710237,20260509-LIV-CHE,Liverpool,Chelsea,A,1778326200,no,538132.4167939995,0.03,0.245,0.235
107381367487241448419689940958961123601324696391799648682954785592290013924064,20260509-FUL-BOU,Fulham,Bournemouth,H,1778335200,no,324493.35859499994,0.03,0.345,0.365
48839453182186355372624496099211608355051893626040724165366242163992402674901,20260509-FUL-BOU,Fulham,Bournemouth,D,1778335200,no,188601.4170440001,0.03,0.255,0.265
2940619250701593657220821389462842771582928891488974963236694182664658040046,20260509-FUL-BOU,Fulham,Bournemouth,A,1778335200,yes,576024.6669680005,0.03,0.405,0.385
71101450483793606294316899802480233274819763426522779192378863295495226965635,20260509-SUN-MUN,Sunderland,Man United,H,1778335200,no,368341.7010139998,0.03,0.225,0.245
20980520199726436436920547969047970029165870513851648746588565728020049490470,20260509-SUN-MUN,Sunderland,Man United,D,1778335200,yes,234383.58868200003,0.03,0.255,0.255
91407329266309028829754085938120925070710810049759074976362514750563312276436,20260509-SUN-MUN,Sunderland,Man United,A,1778335200,no,1665722.5992290038,0.03,0.515,0.495
18527801457416328485695467695372584112882894050950090910890123809958673636398,20260509-BHA-WOL,Brighton,Wolves,H,1778335200,yes,402420.15561100055,0.03,0.765,0.765
95919174391454971434717054151892676654562491101118154177562962291583247372524,20260509-BHA-WOL,Brighton,Wolves,D,1778335200,no,41238.20145599999,0.03,0.145,0.145
98956521809378849414739447038203347617864350006650752742468338156130857102872,20260509-BHA-WOL,Brighton,Wolves,A,1778335200,no,153769.8045290002,0.03,0.085,0.075
14217857576548855645229017785273803501251829924892187683500251674584755550608,20260509-MCI-BRE,Man City,Brentford,H,1778344200,yes,5429194.647596072,0.03,0.715,0.705
106818405396965303425866307615816970284457058851387346461695095384624504119424,20260509-MCI-BRE,Man City,Brentford,D,1778344200,no,108090.02682600007,0.03,0.155,0.175
32853063288914998576906246284695766065162145083802183760715752162929771036510,20260509-MCI-BRE,Man City,Brentford,A,1778344200,no,387298.57465000026,0.03,0.115,0.125
106923577561832841610259011555602782394407982555388440772837857770573361593592,20260510-NFO-NEW,Nott'm Forest,Newcastle,H,1778418000,no,1390944.6419259985,0.03,0.355,0.325
20141897725812811113390278192533155740079859770422801461532399595457269362515,20260510-NFO-NEW,Nott'm Forest,Newcastle,D,1778418000,yes,418945.8746970006,0.03,0.265,0.265
18656969280055807953635292837576315441426790968558545464539221658071637340592,20260510-NFO-NEW,Nott'm Forest,Newcastle,A,1778418000,no,4085232.7843239927,0.03,0.385,0.415
97173210018556964992171285140663390792775493884640015516134605582167645763140,20260510-BUR-AVL,Burnley,Aston Villa,H,1778418000,no,192151.07168500024,0.03,0.175,0.165
100001416985346771350958918939730437386546144552438989356550492221604559613913,20260510-BUR-AVL,Burnley,Aston Villa,D,1778418000,yes,193111.46687600005,0.03,0.225,0.225
39989728641842882574305010761012806961284524969216369109333292827514448540511,20260510-BUR-AVL,Burnley,Aston Villa,A,1778418000,no,1505663.8029800018,0.03,0.595,0.615
46593075145282184488905097273232889632884533766158433457376596529445770683266,20260510-CRY-EVE,Crystal Palace,Everton,H,1778418000,no,273450.665827,0.03,0.335,0.305
2338717855620888008810252224243687551956934342512288653148779264758439080951,20260510-CRY-EVE,Crystal Palace,Everton,D,1778418000,yes,111061.50069800005,0.03,0.285,0.285
82226702254824690004239434224649672547743284240991095158041009215282777444272,20260510-CRY-EVE,Crystal Palace,Everton,A,1778418000,no,359453.4931190014,0.03,0.385,0.405
5394387119720374859102823616728155239860117980563720254262894202664026156690,20260510-WHU-ARS,West Ham,Arsenal,H,1778427000,no,786645.7679059992,0.03,0.165,0.145
33413486698546154673888103622236253083478893024431467691242508219083188792745,20260510-WHU-ARS,West Ham,Arsenal,D,1778427000,no,336760.18284099974,0.03,0.225,0.215
83723168637461689344171659373209590063356151850233630924810314180898757245166,20260510-WHU-ARS,West Ham,Arsenal,A,1778427000,yes,8733707.715119015,0.03,0.615,0.635
73743377542069964453715067579756349621464364076494441273132538249288540943745,20260511-TOT-LEE,Tottenham,Leeds,H,1778526000,no,1790634.217693001,0.03,0.525,0.545
42825129499567935804499950888281971081303480422902369428118828813557105402527,20260511-TOT-LEE,Tottenham,Leeds,D,1778526000,yes,761911.4972520005,0.03,0.235,0.245
63365713609233747773741854683782244916481589088653390145024045914560977708740,20260511-TOT-LEE,Tottenham,Leeds,A,1778526000,no,597496.2659270002,0.03,0.225,0.205
1595188389908704964590039616142867212219844488729598204584625804900479567316,20260515-AVL-LIV,Aston Villa,Liverpool,H,1778871600,yes,1221501.9532059976,0.03,0.345,0.325
102731792147754191791581748962902649790876406689898149893143973330644479141435,20260515-AVL-LIV,Aston Villa,Liverpool,D,1778871600,no,481902.6434500017,0.03,0.255,0.275
24927956290195518297614243093112954558170251873920589555630586413804578416274,20260515-AVL-LIV,Aston Villa,Liverpool,A,1778871600,no,4959141.542486016,0.03,0.395,0.405
69019051145608848139162251349855404971500747354111794348305579020101218877026,20260517-MUN-NFO,Man United,Nott'm Forest,H,1779017400,yes,6500429.803994007,0.03,0.595,0.595
36818872257461791635852234247101758769754803270112242597712886990029377076424,20260517-MUN-NFO,Man United,Nott'm Forest,D,1779017400,no,367920.4905740001,0.03,0.225,0.215
104121653638650693116584133598672796687181725043946866320711680157988546183855,20260517-MUN-NFO,Man United,Nott'm Forest,A,1779017400,no,393101.3069450007,0.03,0.185,0.185
94750332825930740687258491004418478946577390215500439060110340090969302044508,20260517-WOL-FUL,Wolves,Fulham,H,1779026400,no,108482.13027700003,0.03,0.245,0.235
53982775871386730441462278149086268904652863192025900749093468674809988075997,20260517-WOL-FUL,Wolves,Fulham,D,1779026400,yes,95838.760666,0.03,0.245,0.255
52615891022238066143257319250123776999359064017630986248399048511880395858013,20260517-WOL-FUL,Wolves,Fulham,A,1779026400,no,6553565.585700031,0.03,0.505,0.515
47393482292163481216966962742783151024198334109246946013446198356883088599880,20260517-BRE-CRY,Brentford,Crystal Palace,H,1779026400,no,520226.2402559998,0.03,0.585,0.575
79414075959369997592029801775268058627919644795146829476975440129074013936125,20260517-BRE-CRY,Brentford,Crystal Palace,D,1779026400,yes,233356.453304,0.03,0.225,0.235
38010948488747261686353633791452614430822807687261147600394222570485075573881,20260517-BRE-CRY,Brentford,Crystal Palace,A,1779026400,no,473165.114615,0.03,0.195,0.195
46018259366096351318205473810635602613020323635208995741322113137381402367570,20260517-EVE-SUN,Everton,Sunderland,H,1779026400,no,388444.9616049995,0.03,0.525,0.525
22598380888478790262627786889645571855558450304509823010748516782491746266241,20260517-EVE-SUN,Everton,Sunderland,D,1779026400,no,128517.75942499998,0.03,0.255,0.255
87453305422406478783679256553313930176455032944997476740950585490369818930639,20260517-EVE-SUN,Everton,Sunderland,A,1779026400,yes,259464.855684,0.03,0.225,0.225
53726132065118841207652054833162663601557940229150000201536869015690636851453,20260517-LEE-BHA,Leeds,Brighton,H,1779026400,yes,191466.61539000008,0.03,0.285,0.285
112380477936791272100188222688947210926903317806677040735008427403808367693293,20260517-LEE-BHA,Leeds,Brighton,D,1779026400,no,179527.26047199985,0.03,0.255,0.265
92194854429012475352586584680560024769095876316010675209823219129129628656522,20260517-LEE-BHA,Leeds,Brighton,A,1779026400,no,701915.394139,0.03,0.455,0.455
50207732309579400017874044278910614823715596418879632998918356456598733748595,20260517-NEW-WHU,Newcastle,West Ham,H,1779035400,yes,6747843.368908983,0.03,0.435,0.445
11120094557243530895207529665270579252627600762871379861045571261408821972100,20260517-NEW-WHU,Newcastle,West Ham,D,1779035400,no,143704.284365,0.03,0.255,0.245
13555074601320233018510361725250566324437174542465739170734203451269404337830,20260517-NEW-WHU,Newcastle,West Ham,A,1779035400,no,488242.7052950018,0.03,0.315,0.315
45078076746213722774765616175249287763076069127255407578622957757546770653996,20260518-ARS-BUR,Arsenal,Burnley,H,1779130800,yes,2671438.204002012,0.03,0.905,0.885
10811946119835754229782347758532830625015373247496847345489907467751472969518,20260518-ARS-BUR,Arsenal,Burnley,D,1779130800,no,584278.477123003,0.03,0.075,0.085
99880355346581424698850042911063950849363660573574590472381996749495781674435,20260518-ARS-BUR,Arsenal,Burnley,A,1779130800,no,1651445.9454809958,0.03,0.0305,0.0355
45063534477558296611827480043433033833511421473669672573422588341426436005863,20260519-BOU-MCI,Bournemouth,Man City,H,1779215400,no,927234.3790390004,0.03,0.205,0.185
102666940461242516701290758861374770232979028910729271979233907415042658931237,20260519-BOU-MCI,Bournemouth,Man City,D,1779215400,yes,433551.36474100006,0.03,0.215,0.215
8199493545872276685007649098855627956832512958032108818142031783023965647133,20260519-BOU-MCI,Bournemouth,Man City,A,1779215400,no,13065430.291494356,0.03,0.585,0.615
101407360275578242025559123794924815546227269981219987932032932255334246314286,20260519-CHE-TOT,Chelsea,Tottenham,H,1779218100,yes,3170439.7470879904,0.03,0.485,0.455
79826978578435556357322331996833024704735780872159415078208069500980249808838,20260519-CHE-TOT,Chelsea,Tottenham,D,1779218100,no,271750.72559799993,0.03,0.265,0.275
3337988620232444560649194070647753974163299850086208061762959667409588195407,20260519-CHE-TOT,Chelsea,Tottenham,A,1779218100,no,525397.94463,0.03,0.265,0.265
22477689528450146990201936875645363497277174776444082307446005085651630053404,20260524-FUL-NEW,Fulham,Newcastle,H,1779634800,yes,166087.08123399987,0.03,0.335,0.365
87949485834753905890209605777719887330847901409406360202347541676985232927000,20260524-FUL-NEW,Fulham,Newcastle,D,1779634800,no,56838.52011500001,0.03,0.255,0.265
115790364924504375894367107343370521155070679128417685179549873608798224860636,20260524-FUL-NEW,Fulham,Newcastle,A,1779634800,no,436437.307716999,0.03,0.405,0.365
112222736562939008410584081006409582612560334720901921784674057280566198013131,20260524-BHA-MUN,Brighton,Man United,H,1779634800,no,894786.3460840032,0.03,0.535,0.515
37042658520507492901514464618343946190956894736132960625347409940384818512574,20260524-BHA-MUN,Brighton,Man United,D,1779634800,no,101987.05246300006,0.03,0.225,0.225
25048143875635238679414290150421928196400621169463488604201022195036613744522,20260524-BHA-MUN,Brighton,Man United,A,1779634800,yes,1377208.8966069943,0.03,0.245,0.255
49080201493999633113564154088752643949266538920460872911765085749534389276661,20260524-TOT-EVE,Tottenham,Everton,H,1779634800,yes,1090295.3738339988,0.03,0.505,0.515
110412159402276553564757246479982866237292659895335411716846275140614459231149,20260524-TOT-EVE,Tottenham,Everton,D,1779634800,no,203651.1855560002,0.03,0.265,0.265
25270328627425458813382238881405381425686203833526416725734194668693831299568,20260524-TOT-EVE,Tottenham,Everton,A,1779634800,no,280879.468101,0.03,0.225,0.225
22905918011273506362028288487670792326868361185815774410025927360189297867747,20260524-CRY-ARS,Crystal Palace,Arsenal,H,1779634800,no,342959.1737480003,0.03,0.215,0.245
4959606153169332424393061395247148691833629121178640440927798060082672290671,20260524-CRY-ARS,Crystal Palace,Arsenal,D,1779634800,no,143164.23741799995,0.03,0.235,0.265
105205367319912766756211155071759105081171661504364198483571345012161084474949,20260524-CRY-ARS,Crystal Palace,Arsenal,A,1779634800,yes,5445730.314191969,0.03,0.545,0.495
106577316723399241429160893005721414471468473114641407896451368817754808857695,20260524-NFO-BOU,Nott'm Forest,Bournemouth,H,1779634800,no,153525.629985,0.03,0.285,0.265
88363050100444303010201569934651707383078805401361855442330805598914380379038,20260524-NFO-BOU,Nott'm Forest,Bournemouth,D,1779634800,yes,113784.24264700004,0.03,0.255,0.255
80279233182578161832618692185980265213145545802386915666864656451031989700635,20260524-NFO-BOU,Nott'm Forest,Bournemouth,A,1779634800,no,539863.1016269999,0.03,0.475,0.485
82661164042459078637558739281008134672167029606424600214675998292252076417026,20260524-MCI-AVL,Man City,Aston Villa,H,1779634800,no,1578211.5060609938,0.03,0.765,0.695
42366385604666545199893299851591530491204692521306486678900757811926680638322,20260524-MCI-AVL,Man City,Aston Villa,D,1779634800,no,318562.2027450004,0.03,0.145,0.175
87151889839632641953979464627490393288555269574748942559253736660787795953059,20260524-MCI-AVL,Man City,Aston Villa,A,1779634800,yes,614296.7455400005,0.03,0.095,0.125
94999445217928367095916351836580091692814493222883751517972642572920772116604,20260524-SUN-CHE,Sunderland,Chelsea,H,1779634800,yes,1463827.2040790024,0.03,0.275,0.275
87596304155395158706260664103630732767279336242727210114257474524483413635489,20260524-SUN-CHE,Sunderland,Chelsea,D,1779634800,no,90355.46283299995,0.03,0.255,0.255
35251432739396018107281381580641928393328181298374387726809619057328445693842,20260524-SUN-CHE,Sunderland,Chelsea,A,1779634800,no,382042.0692250004,0.03,0.485,0.475
100802412482311950176831794268836517445142932463036659683561935538612212344064,20260524-LIV-BRE,Liverpool,Brentford,H,1779634800,no,1886940.5963359969,0.03,0.525,0.515
23165677609776823684139786623430332496027293287337733733483408659826503734627,20260524-LIV-BRE,Liverpool,Brentford,D,1779634800,yes,184699.85766300024,0.03,0.225,0.235
115596252964763128423131974236772187072429038694382855243633042687549739803205,20260524-LIV-BRE,Liverpool,Brentford,A,1779634800,no,191425.6330320004,0.03,0.245,0.245
105052836805358449456713086304980134738624461849029453863324147546095006211406,20260524-BUR-WOL,Burnley,Wolves,H,1779634800,no,96303.88746699998,0.03,0.405,0.385
32800173245909361626506315090705430685805211381136359506545795319665918724845,20260524-BUR-WOL,Burnley,Wolves,D,1779634800,yes,91835.31914999998,0.03,0.265,0.275
24140125406954509773893628065641650098685413498293880885739697584454975438450,20260524-BUR-WOL,Burnley,Wolves,A,1779634800,no,342339.4628129996,0.03,0.335,0.345
110545219743094952178343038704536080627981517741386410743843500170806899307054,20260524-WHU-LEE,West Ham,Leeds,H,1779634800,yes,7217128.947017988,0.03,0.545,0.585
80960470251282051071776732129988685840956884146174800729123016180856489234322,20260524-WHU-LEE,West Ham,Leeds,D,1779634800,no,141563.83254299997,0.03,0.225,0.225
99006346120671631167136327377297129714037522127097286128418976895482339602957,20260524-WHU-LEE,West Ham,Leeds,A,1779634800,no,196816.785885,0.03,0.225,0.195
90558030356020729804591822629828826937797099214298998361801647782016875564065,20260821-ARS-COV,Arsenal,Coventry,H,1787338800,yes,2342005.635351001,0.05,0.835,0.815
84685606569340872730243371392149654815398282894457648869081030603369651649654,20260821-ARS-COV,Arsenal,Coventry,D,1787338800,no,535327.9294279998,0.05,0.115,0.135
25817410706557179943595599075811500811185258857236889562641497571256132458139,20260821-ARS-COV,Arsenal,Coventry,A,1787338800,no,1333130.0865550002,0.05,0.045,0.055
53035084644336717371292534527578217428129173031404727430305789320628178226911,20260822-HUL-MUN,Hull,Man United,H,1787398200,yes,726542.3047370001,0.05,0.105,0.095
36224744849085110468899708999666804024954056296740065998485904667654472520482,20260822-HUL-MUN,Hull,Man United,D,1787398200,no,244573.69460699984,0.05,0.195,0.175
100386841305202104032907741564194577756794386732238423954292911218258833578945,20260822-HUL-MUN,Hull,Man United,A,1787398200,no,1115239.0564889954,0.05,0.715,0.725
5884123454139022145857795476479607368195977985178809973878332430210005403478,20260822-IPS-SUN,Ipswich,Sunderland,H,1787407200,yes,174995.62088199993,0.05,0.345,0.345
76013390539123590983650314232880693576158532302607282989130458199000328735679,20260822-IPS-SUN,Ipswich,Sunderland,D,1787407200,no,126052.74617199984,0.05,0.295,0.295
3904597122258003826906470574495114797991788578514518179057988193946876202677,20260822-IPS-SUN,Ipswich,Sunderland,A,1787407200,no,725974.3482979994,0.05,0.375,0.365
111814402824806623009558590671980770793600139511617429528806913081690182931623,20260822-EVE-CRY,Everton,Crystal Palace,H,1787407200,yes,620843.1631720001,0.05,0.435,0.425
29116067092517756991202579124530584104003315519425888808162581264641406896150,20260822-EVE-CRY,Everton,Crystal Palace,D,1787407200,no,72193.85892800002,0.05,0.275,0.285
12830724284467908637359601180963736390834902465251614814508524822126391650864,20260822-EVE-CRY,Everton,Crystal Palace,A,1787407200,no,433778.9447180004,0.05,0.295,0.295
91371429236675407667463074767092880333917789797661807161617902955189209742209,20260822-NFO-LEE,Nott'm Forest,Leeds,H,1787407200,no,367247.9341660001,0.05,0.415,0.415
30908503695972600994527999641216851499174303504752589930982234839172089192738,20260822-NFO-LEE,Nott'm Forest,Leeds,D,1787407200,no,69645.09866999998,0.05,0.285,0.295
78804796118705484755980855384573304126005811581111155851750215672502900938825,20260822-NFO-LEE,Nott'm Forest,Leeds,A,1787407200,yes,281303.8177049998,0.05,0.295,0.295
38443965280599800667130420323190826586345509194175252284670224641086767088319,20260822-BRE-TOT,Brentford,Tottenham,H,1787416200,yes,4310424.187568009,0.05,0.415,0.445
52666149438280717133787317129896405728432478875264965944666461032970283492535,20260822-BRE-TOT,Brentford,Tottenham,D,1787416200,no,103116.05511199996,0.05,0.255,0.255
18417617523382242349548143716634334407700957051582814908492747427458507053586,20260822-BRE-TOT,Brentford,Tottenham,A,1787416200,no,752680.4604889988,0.05,0.345,0.295
95102811857658619149157308039363138915075920498395839742425266390633542411237,20260823-MCI-BOU,Man City,Bournemouth,H,1787490000,yes,2003896.6152840008,0.05,0.655,0.665
23031802910264712527208562721262151940593702266033355202337521896648120427990,20260823-MCI-BOU,Man City,Bournemouth,D,1787490000,no,328986.7216049999,0.05,0.195,0.195
14649254140282720229551756409985661049043740493011116002869326087735306222110,20260823-MCI-BOU,Man City,Bournemouth,A,1787490000,no,634149.4158209999,0.05,0.155,0.145
111788345100654870303502973448367267055065953743910946766314201027959941961986,20260823-BHA-AVL,Brighton,Aston Villa,H,1787490000,yes,1996671.684867,0.05,0.435,0.435
73315736747867307162175461228790480346599987235502416995579274631367368521126,20260823-BHA-AVL,Brighton,Aston Villa,D,1787490000,no,285215.79931900004,0.05,0.265,0.275
7213883362570703551545261277288633823242173935677305503274590921867933840360,20260823-BHA-AVL,Brighton,Aston Villa,A,1787490000,no,605859.617202,0.05,0.295,0.295
76967412238953591183501896457564398090241700569022844870610101174939005120824,20260823-NEW-LIV,Newcastle,Liverpool,H,1787499000,no,1345424.734607,0.05,0.245,0.235
31430246534214391461600209262883700261581745834013701648238906852341551987207,20260823-NEW-LIV,Newcastle,Liverpool,D,1787499000,yes,614668.415805,0.05,0.255,0.245
104456139479135225127111608741573159497960002887473302549932016785308842097309,20260823-NEW-LIV,Newcastle,Liverpool,A,1787499000,no,2883964.7439409983,0.05,0.515,0.505
9627854298461747148001240634634277161705169928941478510960512522338122224284,20260824-FUL-CHE,Fulham,Chelsea,H,1787598000,no,864249.6752490003,0.05,0.235,0.235
112336753885192364598332457146835306463012983763481457163629002475727016191959,20260824-FUL-CHE,Fulham,Chelsea,D,1787598000,no,534794.2315069998,0.05,0.245,0.255
114685525251284192849243166589757282977015929729810490473148181460119477526193,20260824-FUL-CHE,Fulham,Chelsea,A,1787598000,yes,4110608.021346992,0.05,0.525,0.505
98956900786620533743534957092976626406719972657951640876348242298688620867891,20260828-CRY-MCI,Crystal Palace,Man City,H,1787943600,no,399025.3233570002,0.05,0.185,0.185
55484047921106020225966744195836387931969301556201574477494235968198819690622,20260828-CRY-MCI,Crystal Palace,Man City,D,1787943600,no,196513.967371,0.05,0.225,0.235
73348592430926237939145499087674836852947768215971800694544367449834873510352,20260828-CRY-MCI,Crystal Palace,Man City,A,1787943600,yes,4170146.52375299,0.05,0.585,0.585
26128449539366895067633230932643640098768112084733243292915839776770146372422,20260829-LIV-NFO,Liverpool,Nott'm Forest,H,1788003000,no,2860770.512561002,0.05,0.635,0.685
61049631786530995811336251426490659183457263761727738804979201547715795405605,20260829-LIV-NFO,Liverpool,Nott'm Forest,D,1788003000,yes,462816.280659,0.05,0.205,0.195
87868509188849888287085682547552663065142303527247450785549175409244861737863,20260829-LIV-NFO,Liverpool,Nott'm Forest,A,1788003000,no,1730412.7700589967,0.05,0.155,0.135
26287222117424513944576531166574044704303019683551563853626910907290042523705,20260829-BOU-EVE,Bournemouth,Everton,H,1788012000,no,540023.663471,0.05,0.465,0.465
63993309362336281982538721383515659835171069024125293969786306506220055000211,20260829-BOU-EVE,Bournemouth,Everton,D,1788012000,yes,521931.608822,0.05,0.265,0.275
83282584899869527696827157264905573451100232050641517118779563127368289002039,20260829-BOU-EVE,Bournemouth,Everton,A,1788012000,no,191862.311966,0.05,0.265,0.265
489362638003665420175532888352155878699568737640018431692667145664814538638,20260829-COV-HUL,Coventry,Hull,H,1788012000,no,856914.4713319998,0.05,0.525,0.545
30828628406764557048833756407786542323077169049956850830176806587519293559234,20260829-COV-HUL,Coventry,Hull,D,1788012000,no,183018.3957170001,0.05,0.265,0.265
54253791819315387349446064398405918537356689517062953374923354800747677611223,20260829-COV-HUL,Coventry,Hull,A,1788012000,yes,507104.80451100017,0.05,0.215,0.195
31618560639835050477033428159616064858770515110767700438102247723638204836441,20260829-TOT-NEW,Tottenham,Newcastle,H,1788021000,no,1087700.021651,0.05,0.415,0.435
90090219717825933093681608198486928788231190619993188910622758708257518279897,20260829-TOT-NEW,Tottenham,Newcastle,D,1788021000,no,478345.2128789999,0.05,0.255,0.255
71543332554728047865533104001129146446815078973719393343957350516238820690228,20260829-TOT-NEW,Tottenham,Newcastle,A,1788021000,yes,833582.5761569998,0.05,0.325,0.305
12796145317208150321753092454131743771395881048062628726523084488371411104139,20260830-CHE-BHA,Chelsea,Brighton,H,1788094800,yes,6054195.376877973,0.05,0.535,0.515
112227328528260892836481922935623037839279141411103070610517581135719471793678,20260830-CHE-BHA,Chelsea,Brighton,D,1788094800,no,105639.408818,0.05,0.245,0.245
54487489131342236003982983438351013339761739938978689137869021475265416803076,20260830-CHE-BHA,Chelsea,Brighton,A,1788094800,no,299993.6879110001,0.05,0.225,0.235
111069986576671225164901620262860105822850865589493390385008918544670784067128,20260830-SUN-FUL,Sunderland,Fulham,H,1788094800,yes,3246540.250642,0.05,0.395,0.395
52118278474824411636861278549163955259299133633804154428774198503456218962954,20260830-SUN-FUL,Sunderland,Fulham,D,1788094800,no,140175.37538899996,0.05,0.295,0.295
90413052062732015201098434152900501436631287317555001184342639012783456828833,20260830-SUN-FUL,Sunderland,Fulham,A,1788094800,no,1093014.3262689998,0.05,0.315,0.315
110967036437447559320370536416463376720702829263462419637760369048080953270955,20260830-LEE-BRE,Leeds,Brentford,H,1788094800,no,185319.0723900001,0.05,0.365,0.345
9554309373888208758641516432017369344388445763805327441906479303218748138183,20260830-LEE-BRE,Leeds,Brentford,D,1788094800,yes,426943.8628770002,0.05,0.285,0.285
16447380714742229381773451445822188912567793118699853806687826556396477344699,20260830-LEE-BRE,Leeds,Brentford,A,1788094800,no,1988659.189726999,0.05,0.355,0.375
75872541691123051970150987069541411909781975407327180461162822364345053882131,20260830-MUN-IPS,Man United,Ipswich,H,1788103800,yes,1294714.819520003,0.05,0.695,0.715
62624192432187197086736297833796323809065612036901661960971303810712438173613,20260830-MUN-IPS,Man United,Ipswich,D,1788103800,no,323225.6389500003,0.05,0.185,0.175
59571089889669803434375783613786204980402307543212530501549867186351680281452,20260830-MUN-IPS,Man United,Ipswich,A,1788103800,no,329854.6483839997,0.05,0.125,0.105
59487489974903683315618056258911352513525269904716690213470283669733774079736,20260831-AVL-ARS,Aston Villa,Arsenal,H,1788202800,no,513702.1077540001,0.05,0.145,0.145
6907910060388579795929784367828284133824632607606740415757914088827983908876,20260831-AVL-ARS,Aston Villa,Arsenal,D,1788202800,no,249754.626148,0.05,0.225,0.215
33901794147291834049542127497389224266004973563807295527659543124287676571272,20260831-AVL-ARS,Aston Villa,Arsenal,A,1788202800,yes,11578177.229967006,0.05,0.635,0.635
12231723805370888223804588062955572178314655849111226199880732783390643749045,20260904-IPS-LIV,Ipswich,Liverpool,H,1788548400,no,938380.6409329996,0.05,0.165,0.155
1214527475529065774601973208110202737766819153469391363232501347086180773835,20260904-IPS-LIV,Ipswich,Liverpool,D,1788548400,no,130855.178475,0.05,0.195,0.195
108139521151208593612435010554732399747718180281984157644971129306389158148224,20260904-IPS-LIV,Ipswich,Liverpool,A,1788548400,yes,1466420.198262999,0.05,0.635,0.645
33652623892535350950518217723830904212266085990607174127402837206679813002412,20260905-NEW-BOU,Newcastle,Bournemouth,H,1788607800,no,971400.5576179974,0.05,0.465,0.465
69267822647368697070874251227496905044116842935303240541928080908407395422861,20260905-NEW-BOU,Newcastle,Bournemouth,D,1788607800,yes,217040.7576710002,0.05,0.255,0.255
3853234823222839095144645628144748521119714764477160769165603060064474639257,20260905-NEW-BOU,Newcastle,Bournemouth,A,1788607800,no,563376.8228560002,0.05,0.285,0.285
59792312855531834968804222477938881264645557428157878999035820273810590736357,20260905-FUL-CRY,Fulham,Crystal Palace,H,1788616800,no,496799.5173900004,0.05,0.425,0.445
59102332448877772019669223803900723275337765205869336010321698297680351145931,20260905-FUL-CRY,Fulham,Crystal Palace,D,1788616800,no,97461.29999299996,0.05,0.285,0.285
86262897247838377816989570495958444691984932611343648081234673694808326646645,20260905-FUL-CRY,Fulham,Crystal Palace,A,1788616800,yes,534982.9059390001,0.05,0.305,0.265
67788550064118512350911324874792975525900964342637353215366940620864574081904,20260905-NFO-TOT,Nott'm Forest,Tottenham,H,1788616800,no,445898.485972,0.05,0.395,0.385
90409485597648724804664496950352600673298181222207765961852286372015638609061,20260905-NFO-TOT,Nott'm Forest,Tottenham,D,1788616800,yes,50277.068812999954,0.05,0.275,0.275
31997698383160668878183465502057185980482005046746667009347269029436423146680,20260905-NFO-TOT,Nott'm Forest,Tottenham,A,1788616800,no,481731.2781870001,0.05,0.325,0.335
72028928084929410082602234101572187344243124539247511579676973119255720224084,20260905-BRE-SUN,Brentford,Sunderland,H,1788616800,no,501380.723477,0.05,0.585,0.565
4083067964584366418569788218893266230489115773374750819576455249679287532266,20260905-BRE-SUN,Brentford,Sunderland,D,1788616800,yes,79076.28997500004,0.05,0.235,0.245
81105713111742103303115183656482162812493226715595570373657869749476382761928,20260905-BRE-SUN,Brentford,Sunderland,A,1788616800,no,177725.35923999996,0.05,0.165,0.185
28154122340985824642574575865683240643827361541166059245207941751027604630382,20260905-BHA-LEE,Brighton,Leeds,H,1788616800,no,762754.7731540008,0.05,0.485,0.475
1447162941099780746320690073443874615221567760935580961913869336983909766751,20260905-BHA-LEE,Brighton,Leeds,D,1788616800,yes,40002.969116000015,0.05,0.265,0.265
9555735502253122143808252941530698243479495244212247531265846229956534441523,20260905-BHA-LEE,Brighton,Leeds,A,1788616800,no,132262.60400899997,0.05,0.245,0.255
90772462639576089807248758026567326665805819064204103071872304349374029469822,20260905-MCI-COV,Man City,Coventry,H,1788616800,yes,2084879.2915950003,0.05,0.835,0.825
50388860619332279444463581486120566886457680234977606407071813415394305806909,20260905-MCI-COV,Man City,Coventry,D,1788616800,no,136518.17616899995,0.05,0.105,0.115
61163968629836629477398317918768245483716703308488387168167325345161651409763,20260905-MCI-COV,Man City,Coventry,A,1788616800,no,757334.7858410001,0.05,0.055,0.055
49543400384537833972810605612320842751969870187945193542822267469656600013809,20260905-HUL-AVL,Hull,Aston Villa,H,1788625800,no,343732.94877,0.05,0.225,0.215
95860494740429672936820296825963869807563016152923000503878132219318608392851,20260905-HUL-AVL,Hull,Aston Villa,D,1788625800,yes,79502.85450799997,0.05,0.255,0.255
53641247783797618174916525802744346018826748960836729681811257095380984067854,20260905-HUL-AVL,Hull,Aston Villa,A,1788625800,no,960500.4040670004,0.05,0.515,0.525
27524914277188394599129358581124554508969363494727333090991438670205314248658,20260906-EVE-MUN,Everton,Man United,H,1788699600,no,862412.9248530001,0.05,0.285,0.255
5465232395319265170391570904122331836829225968732625842299749089182452477268,20260906-EVE-MUN,Everton,Man United,D,1788699600,yes,277086.0288439999,0.05,0.265,0.265
83179568795763809221087047886460646888755192722768890848153956207046075375116,20260906-EVE-MUN,Everton,Man United,A,1788699600,no,8513198.76983601,0.05,0.455,0.485
7528253720126265950110937699374132318680238576015932623431488279735105070443,20260906-ARS-CHE,Arsenal,Chelsea,H,1788708600,yes,1748936.300987001,0.05,0.565,0.565
93748718566095860553893687397515326988404313773927717014139907124056984571540,20260906-ARS-CHE,Arsenal,Chelsea,D,1788708600,no,234999.99574,0.05,0.235,0.245
3423685907820551252908818391259001513250566739833756643339881435247013242538,20260906-ARS-CHE,Arsenal,Chelsea,A,1788708600,no,1331028.4127100003,0.05,0.205,0.185
8345235115259791017124926977649814015774877062975656424337303351144207238697,20260912-CHE-HUL,Chelsea,Hull,H,1789221600,no,1060719.533584,0.05,0.795,0.805
6144794357694753557452995144582905251170247620855739603269375290831576969992,20260912-CHE-HUL,Chelsea,Hull,D,1789221600,yes,342298.6408579999,0.05,0.145,0.125
16117991592587978260623591460879542775112704399851562482242508101728601032266,20260912-CHE-HUL,Chelsea,Hull,A,1789221600,no,365397.7683810001,0.05,0.065,0.065
113586890048869063802892521097857919747297858935115571768749814917784242382742,20260912-LIV-FUL,Liverpool,Fulham,H,1789221600,no,2170603.438565001,0.05,0.675,0.645
49893917434412135416058153813112283628108794735283711827176678892649677243451,20260912-LIV-FUL,Liverpool,Fulham,D,1789221600,yes,183600.172725,0.05,0.185,0.195
104269655456840471957419137116347841814669660956581390162082437947256613020570,20260912-LIV-FUL,Liverpool,Fulham,A,1789221600,no,279900.19256000005,0.05,0.135,0.155
108381465828819579246628272806926301456029927304926732698086584084902217912613,20260912-BOU-BRE,Bournemouth,Brentford,H,1789221600,no,316467.402531,0.05,0.385,0.385
108629785588950646730193870098339789566269560061802460337679366704022995417447,20260912-BOU-BRE,Bournemouth,Brentford,D,1789221600,yes,225834.562257,0.05,0.265,0.265
111704978225550197115455277403495360389806694736193955435343034257332883155262,20260912-BOU-BRE,Bournemouth,Brentford,A,1789221600,no,81179.79265400003,0.05,0.355,0.345
32657257582455181701095010563583804907339998841043306526743756183297221279315,20260912-CRY-IPS,Crystal Palace,Ipswich,H,1789221600,no,317095.61685999995,0.05,0.515,0.505
109693013146909525664554853351845163724368030357477465008903231589698057793309,20260912-CRY-IPS,Crystal Palace,Ipswich,D,1789221600,no,75513.09725099998,0.05,0.255,0.255
87218041409699759824392661058417344448684421675836201695849233231890595926957,20260912-CRY-IPS,Crystal Palace,Ipswich,A,1789221600,yes,165311.92115,0.05,0.235,0.235
75594722239451425470476466534331431872167931900762306444083042427352518856850,20260912-AVL-NFO,Aston Villa,Nott'm Forest,H,1789221600,no,682014.889111,0.05,0.415,0.435
55677344438024837098028970158697722894895439927118559781375800491092124512903,20260912-AVL-NFO,Aston Villa,Nott'm Forest,D,1789221600,no,100547.772457,0.05,0.285,0.285
62939382661238072893210093813478596439499426046228814978342657107338455944159,20260912-AVL-NFO,Aston Villa,Nott'm Forest,A,1789221600,yes,240610.705811,0.05,0.295,0.285
90257630017214512440107144361542243716749282071657622271175000802052724669239,20260912-TOT-EVE,Tottenham,Everton,H,1789230600,no,1104427.897049,0.05,0.475,0.485
63446888288074295747388094782286043233477563651152751157727498880232808299915,20260912-TOT-EVE,Tottenham,Everton,D,1789230600,yes,93633.75701399992,0.05,0.265,0.265
16863938144962155137424875354800981303441354071988508977918456086257353232010,20260912-TOT-EVE,Tottenham,Everton,A,1789230600,no,195702.82207699996,0.05,0.265,0.265
8084256120698321871584322396281351354837583655375491818313535432288607147689,20260912-SUN-ARS,Sunderland,Arsenal,H,1789239600,no,913503.8086340012,0.05,0.115,0.135
42425657665952124961997594769245214912330653602921020114938048912206832770555,20260912-SUN-ARS,Sunderland,Arsenal,D,1789239600,no,180827.857415,0.05,0.215,0.245
25856409768135044011479252767764325396503071251951711529026356705257053228714,20260912-SUN-ARS,Sunderland,Arsenal,A,1789239600,yes,5492118.452724,0.05,0.665,0.615
53601782783722110530543745013748473117569597159730949098178799001897889320614,20260913-COV-BHA,Coventry,Brighton,H,1789304400,no,285169.1969060001,0.05,0.235,0.235
15191042115351405803220505367657325026310127900003023373402254902896194751830,20260913-COV-BHA,Coventry,Brighton,D,1789304400,no,42428.494770000005,0.05,0.255,0.255
79064481395743456943749001528542461658984986629861039929276626211561440018430,20260913-COV-BHA,Coventry,Brighton,A,1789304400,yes,5086613.468903,0.05,0.515,0.515
19101488282691860729231803936229393208813096118086124934330053364832952447484,20260913-MUN-MCI,Man United,Man City,H,1789313400,no,997168.6784239996,0.05,0.295,0.305
81620591815934305295894536336762324734546908372436178923464162613848438028803,20260913-MUN-MCI,Man United,Man City,D,1789313400,no,215219.05386100005,0.05,0.245,0.255
14515086129181135656125080403507772946413244490991325584361520085193036973954,20260913-MUN-MCI,Man United,Man City,A,1789313400,yes,2887945.9167360016,0.05,0.465,0.445
90316549612322190080383058429390138624395168192057993099824241356775422634534,20260914-LEE-NEW,Leeds,Newcastle,H,1789412400,yes,701721.8514690001,0.05,0.415,0.415
105705738393296319001301281891966624752469864556679084580199684895587387574982,20260914-LEE-NEW,Leeds,Newcastle,D,1789412400,no,202850.67735200032,0.05,0.275,0.275
53298664464252587864890144941144503811507003613353733441479199018952323371634,20260914-LEE-NEW,Leeds,Newcastle,A,1789412400,no,804907.9253450001,0.05,0.325,0.315
61978737479901466625464242078343767295044975327673383203490527451747949395903,20260918-BRE-CHE,Brentford,Chelsea,H,1789758000,yes,1700940.3881960015,0.05,0.345,0.355
104914899378560442018178085479142116012502310373450658772348801239854927861654,20260918-BRE-CHE,Brentford,Chelsea,D,1789758000,no,207225.517337,0.05,0.255,0.265
16072961920521112482414000943907313769148721189135516614413936317958935388343,20260918-BRE-CHE,Brentford,Chelsea,A,1789758000,no,6678023.133427986,0.05,0.405,0.375
110224733210041131679014459885672088479785652252594597634309518568227972935874,20260919-TOT-AVL,Tottenham,Aston Villa,H,1789817400,no,1056944.379694001,0.05,0.475,0.505
112472234277593329441809935457825874883960516422397922796962048352846886451118,20260919-TOT-AVL,Tottenham,Aston Villa,D,1789817400,no,266155.0880800001,0.05,0.265,0.265
27524852841755679662782494694835026990013491277928016488550923195502712855061,20260919-TOT-AVL,Tottenham,Aston Villa,A,1789817400,yes,960269.1329450004,0.05,0.255,0.245
54411436615685324569886808643860500283493920530489723145877766030375543776892,20260919-BHA-ARS,Brighton,Arsenal,H,1789826400,yes,658515.6207950006,0.05,0.185,0.185
88793823915059998882138707933641201137749234916447056039713255233899371922647,20260919-BHA-ARS,Brighton,Arsenal,D,1789826400,no,165486.0966639999,0.05,0.235,0.245
862092363296561925822904801510244553335970506302984573517763666275865804119,20260919-BHA-ARS,Brighton,Arsenal,A,1789826400,no,1898835.9253430003,0.05,0.575,0.565
76682111040191835088314949562464732447263095718369741604772799470585317555559,20260919-NEW-HUL,Newcastle,Hull,H,1789826400,yes,1485146.4078850003,0.05,0.605,0.605
75312468196748292556495808387686699972265881931389266989261835837356486880481,20260919-NEW-HUL,Newcastle,Hull,D,1789826400,no,134518.1601070001,0.05,0.215,0.225
47513414900586727837016237254027670476439207700383284607423208799646005791629,20260919-NEW-HUL,Newcastle,Hull,A,1789826400,no,245139.14211300004,0.05,0.185,0.175
41186059522044706704650530127634469041363030439342701155500377627628965520906,20260919-EVE-IPS,Everton,Ipswich,H,1789826400,yes,400910.4536180002,0.05,0.545,0.535
103219386876153183083036172589758645867721919059039488030340494135135001741876,20260919-EVE-IPS,Everton,Ipswich,D,1789826400,no,63012.48525799999,0.05,0.255,0.255
41593614244152480447040825013256476303237143948327376828256360697945741500054,20260919-EVE-IPS,Everton,Ipswich,A,1789826400,no,90072.27051400005,0.05,0.205,0.215
63813252137877331817881033511318561506777439536545195181874132181161297309189,20260919-NFO-COV,Nott'm Forest,Coventry,H,1789835400,no,652025.7531119998,0.05,0.605,0.595
57939135714553159535514606347426026666452576225445551267896376036962752100502,20260919-NFO-COV,Nott'm Forest,Coventry,D,1789835400,no,148218.13841800002,0.05,0.235,0.245
19147059746796840013008921096538318875801792334763231157667094081710115726872,20260919-NFO-COV,Nott'm Forest,Coventry,A,1789835400,yes,399847.3633630001,0.05,0.155,0.155
170341872623084525596084798433485071001245084260380563358394305600979377593,20260920-MCI-SUN,Man City,Sunderland,H,1789909200,yes,3497351.1336289984,0.05,0.755,0.735
95389911013049812732106177482301004839815595322101291053185819409917895822383,20260920-MCI-SUN,Man City,Sunderland,D,1789909200,no,70197.09237500001,0.05,0.155,0.165
85189906536806752582929868243883524842265175264060130632735695318250464796716,20260920-MCI-SUN,Man City,Sunderland,A,1789909200,no,815245.9077229997,0.05,0.085,0.095
11737642438475290621839747566115819727088130160092794439420900029508569172421,20260920-LEE-CRY,Leeds,Crystal Palace,H,1789909200,no,350729.3114009995,0.05,0.555,0.565
96127628372466267001556858197068169588216797676354750603912529869641276582524,20260920-LEE-CRY,Leeds,Crystal Palace,D,1789909200,yes,139173.04021000006,0.05,0.245,0.235
59759745299968086744162279750903941911034363499801163060239284323446713587205,20260920-LEE-CRY,Leeds,Crystal Palace,A,1789909200,no,181986.13838399996,0.05,0.195,0.185
91414425466738485028946987805213106891859554470484227583329630201001372128127,20260920-BOU-LIV,Bournemouth,Liverpool,H,1789909200,no,458328.467084,0.05,0.305,0.305
62654189909502992049506310911253755339165317863614421878436890255050850440600,20260920-BOU-LIV,Bournemouth,Liverpool,D,1789909200,no,648601.699194001,0.05,0.255,0.255
58570598450089007751214169608372190246767549593755022703654558501563827623166,20260920-BOU-LIV,Bournemouth,Liverpool,A,1789909200,yes,976994.4559720017,0.05,0.445,0.445
46900714887042582173014189973791547161533309084052128107556579142189816434541,20260920-FUL-MUN,Fulham,Man United,H,1789918200,no,359362.44507800054,0.05,0.275,0.275
53078199907939452692695612743913759607314774497028541947439905165965966783194,20260920-FUL-MUN,Fulham,Man United,D,1789918200,yes,217333.343059,0.05,0.255,0.255
81766879303002931068560593238963759948525221955495621233699520563712062067630,20260920-FUL-MUN,Fulham,Man United,A,1789918200,no,916079.789405,0.05,0.475,0.485
101477384355265856594107147439510831392463406587526113778946972938162665289555,20250815-LIV-BOU,Liverpool,Bournemouth,H,1755284400,yes,1348772.693592,,0.765,0.755
16420739735897554234670593304740525773296423332863299900941170063892339874014,20250815-LIV-BOU,Liverpool,Bournemouth,D,1755284400,no,93294.38622,,0.145,0.145
7692937296334380322504843907795814690479115383016339557243042359886584491820,20250815-LIV-BOU,Liverpool,Bournemouth,A,1755284400,no,245193.826355,,0.095,0.105
85689405651657144356730461011288378744302739402745015348790209298976691698459,20250816-AVL-NEW,Aston Villa,Newcastle,H,1755343800,no,35339.486302,,0.42,0.425
68521650668526086549831484481079032355743677640652209867456861326542071007870,20250816-AVL-NEW,Aston Villa,Newcastle,D,1755343800,yes,44345.791957,,0.265,0.265
40547645202077650227624205426798343381644008946986491117248006705189846516874,20250816-AVL-NEW,Aston Villa,Newcastle,A,1755343800,no,37346.448002,,0.32,0.305
1583753943565964482030298409781318412608623099997141774852824079134153393948,20250816-BHA-FUL,Brighton,Fulham,H,1755352800,no,60611.199664,,0.51,0.515
4911295739393541146297570474016148493564472337826332273336169431368149217196,20250816-BHA-FUL,Brighton,Fulham,D,1755352800,yes,18835.78674,,0.26,0.255
80290550326907715150367039963910834713002748325953926348333053150967903539109,20250816-BHA-FUL,Brighton,Fulham,A,1755352800,no,23332.140801,,0.235,0.225
108692138431232785770070192254959726285171390329190192339078982242276534031565,20250816-WOL-MCI,Wolves,Man City,H,1755361800,no,95074.292774,,0.135,0.145
31583027475835542639203039921018046413083964918813404712538834004098629064103,20250816-WOL-MCI,Wolves,Man City,D,1755361800,no,14183.626812,,0.19,0.205
25553882371910790014481952810926829604804948316694949525117273140467211368835,20250816-WOL-MCI,Wolves,Man City,A,1755361800,yes,2080463.483138,,0.685,0.66
92025508432446331956488771870692405798996173736612246650366637868353687333292,20250817-NFO-BRE,Nott'm Forest,Brentford,H,1755435600,yes,65704.949932,,0.46,0.455
87282279247461132759959563944100575787227221661820497117734320693425166972017,20250817-NFO-BRE,Nott'm Forest,Brentford,D,1755435600,no,12763.396798,,0.28,0.285
100507421151429828485363773695304829720474591234717327674931934853393796375264,20250817-NFO-BRE,Nott'm Forest,Brentford,A,1755435600,no,17247.696466,,0.26,0.265
90828239939294886780000318789086960686470691888688071251101360695872125087755,20250817-CHE-CRY,Chelsea,Crystal Palace,H,1755435600,no,1110686.792458,,0.605,0.575
48194926397351962532562832262514832423435209572596480133688088698199528596513,20250817-CHE-CRY,Chelsea,Crystal Palace,D,1755435600,yes,31171.250243,,0.22,0.235
48649349599386128272429719820008869670595330038805875045964671152941329998071,20250817-CHE-CRY,Chelsea,Crystal Palace,A,1755435600,no,59134.690299,,0.175,0.195
101331960758198997347746831407900103337171255495654963648165297776263461275624,20250817-MUN-ARS,Man United,Arsenal,H,1755444600,no,122033.47952,,0.23,0.245
83817425604987145805947670613853450691565379975744393858259567635052814922328,20250817-MUN-ARS,Man United,Arsenal,D,1755444600,no,30550.845713,,0.255,0.265
12083612729689231386247569009532368958956463048215729765278953065907504651492,20250817-MUN-ARS,Man United,Arsenal,A,1755444600,yes,485932.176336,,0.515,0.505
57378307170170034220491410966872943957736797936109110823915741662138818083250,20250822-WHU-CHE,West Ham,Chelsea,H,1755889200,no,102947.595915,,0.19,0.175
60873704175732319024610526217481152682145841223343233971392107119073839286505,20250822-WHU-CHE,West Ham,Chelsea,D,1755889200,no,64255.593613,,0.23,0.235
105421755355262536743636524334853116315014730588129434399780356974106666368483,20250822-WHU-CHE,West Ham,Chelsea,A,1755889200,yes,1505803.805216,,0.595,0.585
25667695145817607803458048602293059752435575485600481423390466971216791183766,20250823-MCI-TOT,Man City,Tottenham,H,1755948600,no,803017.69785,,0.655,0.645
46023314054398417134773052881284450004432600526109632674680871239422395763387,20250823-MCI-TOT,Man City,Tottenham,D,1755948600,no,57369.504707,,0.195,0.195
56180889548805838943823464449353242129152892906760014314702123866206325850124,20250823-MCI-TOT,Man City,Tottenham,A,1755948600,yes,196032.849678,,0.155,0.16
86588449778501131828603739145433458661521963331742999118562547171351039019375,20250823-BOU-WOL,Bournemouth,Wolves,H,1755957600,yes,131640.241401,,0.545,0.545
60757650594846053478932365741798595751144114495201519470458845112086609490749,20250823-BOU-WOL,Bournemouth,Wolves,D,1755957600,no,11049.035547,,0.25,0.255
39716105270693891280033949429413968718254367297484985486102950835568237828901,20250823-BOU-WOL,Bournemouth,Wolves,A,1755957600,no,16936.075965,,0.21,0.205
106139341840880039945998361666559274034323913183092707443697971553527151665262,20250823-BRE-AVL,Brentford,Aston Villa,H,1755957600,yes,44915.5434,,0.295,0.295
66531618745252775243086242523776777805745822479617791096107015400075756994731,20250823-BRE-AVL,Brentford,Aston Villa,D,1755957600,no,49393.633641,,0.27,0.265
91083190255960458009188398972836221678364543725784607007744135625164900919094,20250823-BRE-AVL,Brentford,Aston Villa,A,1755957600,no,197339.832632,,0.435,0.425
79067414461466392466835863102260762527499770234056437406846630891367956135144,20250824-EVE-BHA,Everton,Brighton,H,1756040400,yes,85894.813437,,0.32,0.31
78942703954588149584577501670766265345699463736758391032434075085703980784023,20250824-EVE-BHA,Everton,Brighton,D,1756040400,no,17486.040415,,0.29,0.295
32118813351250364752010252870843721293638856393003190322374824780346054401363,20250824-EVE-BHA,Everton,Brighton,A,1756040400,no,49802.921185,,0.395,0.405
89774307414250200286669746297101200433860665884322695462705120349131457910677,20250824-CRY-NFO,Crystal Palace,Nott'm Forest,H,1756040400,no,32125.424791,,0.4,0.39
108545008949215965042979247325720480777262329651623044103316489891451870450984,20250824-CRY-NFO,Crystal Palace,Nott'm Forest,D,1756040400,yes,38247.712249,,0.305,0.295
67329458700394694565132681672146014129000519749117445003847120554453196705042,20250824-CRY-NFO,Crystal Palace,Nott'm Forest,A,1756040400,no,47110.541307,,0.295,0.315
102148575822600717552225592930724131034767357478142075194095184692338319867661,20250824-FUL-MUN,Fulham,Man United,H,1756049400,no,70048.667441,,0.29,0.27
69933984221135722729288601422500160185098219869793705026282651341841819027312,20250824-FUL-MUN,Fulham,Man United,D,1756049400,yes,54514.137563,,0.265,0.27
89714683032159925724153179494890962252353886510310298104960216699725057466905,20250824-FUL-MUN,Fulham,Man United,A,1756049400,no,1361204.315914,,0.45,0.455
88338299558898417834689333126932677438913962834993355475952381692578765326372,20250825-NEW-LIV,Newcastle,Liverpool,H,1756148400,no,334599.837059,,0.28,0.305
87843845974098468323498173059330371192803764935486956374280864312511036562266,20250825-NEW-LIV,Newcastle,Liverpool,D,1756148400,no,244212.414949,,0.24,0.265
43759610998404674280025423647603167597412227245719281781156669367514113638412,20250825-NEW-LIV,Newcastle,Liverpool,A,1756148400,yes,1746573.977591,,0.485,0.445
99982757712558865665996727146429641508590680970984446867737136672202863443098,20250816-SUN-WHU,Sunderland,West Ham,H,1755352800,yes,26268.976655,,0.295,0.275
92279811121463190305319586363478001401388527966943371001047088014022353713397,20250816-SUN-WHU,Sunderland,West Ham,D,1755352800,no,12565.543662,,0.28,0.295
104124509139307681488521217107296906389650086294401859366798829975299856646025,20250816-SUN-WHU,Sunderland,West Ham,A,1755352800,no,25154.218162,,0.43,0.425
37072469426424243117256702167237678724690251596541007677276753206068173185948,20250816-TOT-BUR,Tottenham,Burnley,H,1755352800,yes,88259.201388,,0.71,0.645
34760342914746034543879831529698613130814294042884543460953102687701796587424,20250816-TOT-BUR,Tottenham,Burnley,D,1755352800,no,7443.63419,,0.195,0.225
15369378222847168594415877525401381058654605068395843814797655477084301187081,20250816-TOT-BUR,Tottenham,Burnley,A,1755352800,no,13828.095235,,0.105,0.135
43734048731896306929275554796675670418957235476007337054861005250725253396273,20250818-LEE-EVE,Leeds,Everton,H,1755543600,yes,164978.349678,,0.415,0.405
44364197321237429238386916695933982453973936473362115045189603552508426195860,20250818-LEE-EVE,Leeds,Everton,D,1755543600,no,41917.007629,,0.28,0.305
37886561608087953818265292905354954599362226068882661611845483805874017292923,20250818-LEE-EVE,Leeds,Everton,A,1755543600,no,64280.094769,,0.305,0.305
95140868973686552419370975986002524073060189844197078813627662634640654186582,20250823-BUR-SUN,Burnley,Sunderland,H,1755957600,yes,81568.420084,,0.425,0.405
92300049571240106884701575953606383253189474498084512329135167373746021657793,20250823-BUR-SUN,Burnley,Sunderland,D,1755957600,no,14708.725712,,0.31,0.305
32402912885999362822114798294316027106868509788231598225430539241179274882330,20250823-BUR-SUN,Burnley,Sunderland,A,1755957600,no,53094.974636,,0.27,0.285
93967577771423497494036160670049910456996329527408067127580568348908994385346,20250823-ARS-LEE,Arsenal,Leeds,H,1755966600,yes,1241582.691821,,0.77,0.745
23861660937444965959895180567571472003597847895045426689654088490143885568753,20250823-ARS-LEE,Arsenal,Leeds,D,1755966600,no,21405.060745,,0.155,0.17
9720995229759385139370015977951992305790549813576189270689360177467630967054,20250823-ARS-LEE,Arsenal,Leeds,A,1755966600,no,53942.844429,,0.085,0.09
106860005772737125413600691762585346719390291187736396340099794915580366643859,20250830-CHE-FUL,Chelsea,Fulham,H,1756553400,yes,879658.695594,,0.635,0.605
113004896391848346313156573711537989076882765054135310752742907560125829337036,20250830-CHE-FUL,Chelsea,Fulham,D,1756553400,no,34866.66239,,0.21,0.24
26391170612882138093866955427730633550775912647398914909981276139584275102233,20250830-CHE-FUL,Chelsea,Fulham,A,1756553400,no,151433.531958,,0.155,0.165
64209721184878242140996683121512673740073827731964986106822403487305708483114,20250830-SUN-BRE,Sunderland,Brentford,H,1756562400,yes,24491.756704,,0.32,0.32
71160784983803724150530293094499778995732510439218894758049289625448780775994,20250830-SUN-BRE,Sunderland,Brentford,D,1756562400,no,19806.451907,,0.29,0.295
49462707885342702196717376331151573504694266286060299763486332657338226754657,20250830-SUN-BRE,Sunderland,Brentford,A,1756562400,no,62590.320689,,0.39,0.395
10454412555374296590443985566317479845734355904921952021589197242882639958572,20250830-WOL-EVE,Wolves,Everton,H,1756562400,no,27631.41296,,0.345,0.3
4188427842931089820785977533945984239294624452808207863687732822731047518828,20250830-WOL-EVE,Wolves,Everton,D,1756562400,no,15234.625173,,0.305,0.305
55916514629411798979375850071436928356810394270059308921563535125459426927066,20250830-WOL-EVE,Wolves,Everton,A,1756562400,yes,53892.35114,,0.35,0.395
56351289145946314684298484645110888665727984325826959946436350122046788153074,20250830-TOT-BOU,Tottenham,Bournemouth,H,1756562400,no,466517.667608,,0.565,0.515
112169133457291660354215175701242807016134007235807065240007682338458332580574,20250830-TOT-BOU,Tottenham,Bournemouth,D,1756562400,no,18789.2759,,0.235,0.255
49097861655749885249537026846431297262795259172701071449978830227712233289732,20250830-TOT-BOU,Tottenham,Bournemouth,A,1756562400,yes,72526.109259,,0.215,0.245
54475632035050482941839148395788741470722294784861650579135645112392826827751,20250830-MUN-BUR,Man United,Burnley,H,1756562400,yes,954590.141559,,0.715,0.695
14601197278065764672005135533310624485514435509954050728270210009546352577675,20250830-MUN-BUR,Man United,Burnley,D,1756562400,no,67594.757812,,0.18,0.185
87404258604027844056684452336635867583850016737514569220779614770622362996249,20250830-MUN-BUR,Man United,Burnley,A,1756562400,no,143443.084017,,0.115,0.125
93676129092359504309066698563250022991355366444941962787199731045080464881187,20250830-LEE-NEW,Leeds,Newcastle,H,1756571400,no,658033.220445,,0.27,0.295
41525040383854109756891122802251075988592420879795561840172814397886998521435,20250830-LEE-NEW,Leeds,Newcastle,D,1756571400,yes,196372.629934,,0.275,0.275
69391661543194456749266985412148497404164551495195054623648364362755297603260,20250830-LEE-NEW,Leeds,Newcastle,A,1756571400,no,834401.385389,,0.46,0.435
31430816330015356400618676121075204833779938936314526038228204880731306807083,20250831-BHA-MCI,Brighton,Man City,H,1756645200,yes,269251.020906,,0.245,0.26
85567506513516211257806249895659435981244061367846037015377985083314740844574,20250831-BHA-MCI,Brighton,Man City,D,1756645200,no,678615.684564,,0.24,0.255
45843082856242981175399661259745998211871533496848486670782096395987078308511,20250831-BHA-MCI,Brighton,Man City,A,1756645200,no,926546.585663,,0.52,0.495
97689547386761394012309990602010687274395231388902983442453445598563130693274,20250831-NFO-WHU,Nott'm Forest,West Ham,H,1756645200,no,125071.722875,,0.58,0.585
30705631840081636971376781792321591119217270870495481478073511078859144599236,20250831-NFO-WHU,Nott'm Forest,West Ham,D,1756645200,no,31039.716387,,0.245,0.245
105476471912457765691714260718806412248437567115685801748742140051911578594324,20250831-NFO-WHU,Nott'm Forest,West Ham,A,1756645200,yes,63885.874513,,0.18,0.18
28713821880181903222553085802880316696938767972620052577636773446425228669356,20250831-LIV-ARS,Liverpool,Arsenal,H,1756654200,yes,474302.223083,,0.41,0.405
49407598329352051748841888828300656249274616015910432618860177011705602217950,20250831-LIV-ARS,Liverpool,Arsenal,D,1756654200,no,670444.976901,,0.275,0.285
52366670383062508508945617662293771514908685494700600833130634258467381305466,20250831-LIV-ARS,Liverpool,Arsenal,A,1756654200,no,339739.397874,,0.305,0.315
30106614269978945132220712386128910550942231185485661266997561253405961340759,20250831-AVL-CRY,Aston Villa,Crystal Palace,H,1756663200,no,83922.869615,,0.515,0.475
64957248686407289793385192272090688231728509613231343170193688344117265476770,20250831-AVL-CRY,Aston Villa,Crystal Palace,D,1756663200,no,27362.612712,,0.255,0.275
64661596480885046973314186834909434641646206286726645781994081538536329428357,20250831-AVL-CRY,Aston Villa,Crystal Palace,A,1756663200,yes,129196.141153,,0.225,0.24
17351796182937512306795031492007250356759019633760755530075500416483643465168,20250913-ARS-NFO,Arsenal,Nott'm Forest,H,1757763000,yes,1014254.199069,,0.715,0.705
97800023575130592029947083998569184946931024714582624055059522607059338832459,20250913-ARS-NFO,Arsenal,Nott'm Forest,D,1757763000,no,43195.578522,,0.175,0.185
71428744617706451743278992213730377497676037732825664897221830899425497412665,20250913-ARS-NFO,Arsenal,Nott'm Forest,A,1757763000,no,135440.210737,,0.105,0.11
115611393338823604212159754902750771766771544200680828693748436177115510807281,20250913-FUL-LEE,Fulham,Leeds,H,1757772000,yes,69670.363288,,0.495,0.485
87358641132706987690471057097317188520663271951496525582469551373349666580365,20250913-FUL-LEE,Fulham,Leeds,D,1757772000,no,8900.504932,,0.27,0.27
98151703581380697295500416971513976195909572606381242863929573695041229707531,20250913-FUL-LEE,Fulham,Leeds,A,1757772000,no,17822.142418,,0.24,0.24
102459570182360329954539949395481128177433212473331844917107202867241740536038,20250913-NEW-WOL,Newcastle,Wolves,H,1757772000,yes,283969.92566,,0.68,0.695
101541031520225908626876707864290535899588782518912344711289502406902798506590,20250913-NEW-WOL,Newcastle,Wolves,D,1757772000,no,9889.204423,,0.195,0.195
107415195153203158094741029823403430172248654446214086972426561460574163615531,20250913-NEW-WOL,Newcastle,Wolves,A,1757772000,no,26324.970508,,0.125,0.115
17689859410261103661797778286842425195785753960527023475469385396363073056645,20250913-EVE-AVL,Everton,Aston Villa,H,1757772000,no,225278.050506,,0.395,0.37
49496508989041689741221885986935786711598190823609593827714069775005638633877,20250913-EVE-AVL,Everton,Aston Villa,D,1757772000,yes,12914.776161,,0.285,0.29
76896797292430266861122470168688274547632650679626827668275690213125319672242,20250913-EVE-AVL,Everton,Aston Villa,A,1757772000,no,12339.245032,,0.315,0.34
98121431213763732019310476324298022306457303744578053827002270911171211405793,20250913-BOU-BHA,Bournemouth,Brighton,H,1757772000,yes,57602.900513,,0.4,0.395
14489392060799936922888998186344467415624910795356202500446462646338602766359,20250913-BOU-BHA,Bournemouth,Brighton,D,1757772000,no,17361.726883,,0.275,0.27
63298657992237816719730861482787516697767643156787971379097506969263894488993,20250913-BOU-BHA,Bournemouth,Brighton,A,1757772000,no,61151.841783,,0.335,0.33
48147675704799184156688775973638486780793461865879679348794463833819268219826,20250913-CRY-SUN,Crystal Palace,Sunderland,H,1757772000,no,1009774.799537,,0.585,0.565
115788773183164507502753377052742119634735648260910384910670108381964072369128,20250913-CRY-SUN,Crystal Palace,Sunderland,D,1757772000,yes,21755.80666,,0.25,0.265
40254955907131864168235928986972264441348575542997711997420533310068952176321,20250913-CRY-SUN,Crystal Palace,Sunderland,A,1757772000,no,24715.660586,,0.17,0.17
112111565937989605579118376729517405938957421532799626874937171347911720211641,20250913-WHU-TOT,West Ham,Tottenham,H,1757781000,no,71410.735298,,0.27,0.28
86520732869088132682593855860297125678603456470304597899330829804204079374358,20250913-WHU-TOT,West Ham,Tottenham,D,1757781000,no,12803.389721,,0.265,0.27
97179378862710222118895567477831036631825774541999778993241400676200652350661,20250913-WHU-TOT,West Ham,Tottenham,A,1757781000,yes,389159.366314,,0.47,0.455
68773568166780813955927182787562245451580127344416475209307206747351662214621,20250913-BRE-CHE,Brentford,Chelsea,H,1757790000,no,92957.165571,,0.205,0.22
69729000511722518440512951476131681595414789245807542413241336322679723530591,20250913-BRE-CHE,Brentford,Chelsea,D,1757790000,yes,114371.957686,,0.25,0.255
92797413662073904331019086943399286626254764327604268342879721638359219384800,20250913-BRE-CHE,Brentford,Chelsea,A,1757790000,no,566589.479975,,0.555,0.525
83007678408178459067752548093278826960850693822678043314682436451840845539501,20250914-BUR-LIV,Burnley,Liverpool,H,1757854800,no,115524.781549,,0.095,0.095
53772966988458463044190625144639151910036490302437037995754907525783749123656,20250914-BUR-LIV,Burnley,Liverpool,D,1757854800,no,35717.916974,,0.175,0.165
110979282461725539284301757155013389150200349128046528560200133354756668376637,20250914-BUR-LIV,Burnley,Liverpool,A,1757854800,yes,1582516.296634,,0.745,0.735
100391054715822192786945611174839419073700010036050804186922288710134992629716,20250914-MCI-MUN,Man City,Man United,H,1757863800,yes,1103237.389293,,0.545,0.565
66237956628910505971935548541238541038678582640751549953791431610428156152359,20250914-MCI-MUN,Man City,Man United,D,1757863800,no,40654.218678,,0.24,0.235
15349181934681684124566784563306831094407073221021627034962534699510300060226,20250914-MCI-MUN,Man City,Man United,A,1757863800,no,178302.659443,,0.215,0.215
20341832344951543143023299894773490960101779511701528141028022198953274394499,20250920-LIV-EVE,Liverpool,Everton,H,1758367800,yes,1026759.836077,,0.685,0.655
3543287934998062034299413678572401505134388890944719609655053936439972361888,20250920-LIV-EVE,Liverpool,Everton,D,1758367800,no,34178.94254,,0.205,0.205
77636970695905316472127270485133648035440605106664097563682563745472211276243,20250920-LIV-EVE,Liverpool,Everton,A,1758367800,no,106441.846041,,0.125,0.14
38218844521749856451400980797184907501275058266387778635311069719223525441944,20250920-WHU-CRY,West Ham,Crystal Palace,H,1758376800,no,23438.131259,,0.315,0.305
62613994486302070511215094961444057572528319551138130867940666051704452316894,20250920-WHU-CRY,West Ham,Crystal Palace,D,1758376800,no,15726.371197,,0.29,0.29
99696851152713153030860358160789726326662204712904045018861332997825630915931,20250920-WHU-CRY,West Ham,Crystal Palace,A,1758376800,yes,163166.917005,,0.41,0.415
68579462983989530778940380746357365417813164276221054860366023014879467050070,20250920-BHA-TOT,Brighton,Tottenham,H,1758376800,no,248130.406194,,0.415,0.435
31201106592745520494970222234874827854727229591356323296618071520770474935857,20250920-BHA-TOT,Brighton,Tottenham,D,1758376800,yes,45958.348759,,0.27,0.255
46924501998266789231765022850367457524954292037170498009291807807940394517621,20250920-BHA-TOT,Brighton,Tottenham,A,1758376800,no,195346.225979,,0.315,0.315
34491702381536291563457737697628147491430797454526269810737723810831454738931,20250920-WOL-LEE,Wolves,Leeds,H,1758376800,no,2140329.893715,,0.35,0.345
2886004396955761061402630394934687075899515948400418104168484832206130041996,20250920-WOL-LEE,Wolves,Leeds,D,1758376800,no,14010.29151,,0.305,0.31
50024714484272209765035395835534218644338034953358235549619013452086015690378,20250920-WOL-LEE,Wolves,Leeds,A,1758376800,yes,477127.579366,,0.35,0.355
43827489094328432336069346290420486470934617778862138875982981105612685196628,20250920-BUR-NFO,Burnley,Nott'm Forest,H,1758376800,no,180983.776853,,0.28,0.28
111957178465109271439234388814500354561482804167064877291953651908642606263324,20250920-BUR-NFO,Burnley,Nott'm Forest,D,1758376800,yes,15023.952459,,0.28,0.285
71284614905497665458888159867003206978857407213249099464873493234922244240466,20250920-BUR-NFO,Burnley,Nott'm Forest,A,1758376800,no,164785.247915,,0.44,0.425
110495507969239137960071692173316591458965451667363910712306163549041737953859,20250920-MUN-CHE,Man United,Chelsea,H,1758385800,yes,612107.832902,,0.36,0.355
62447695281490054980810099961804538287635019117148689430353484186774338026926,20250920-MUN-CHE,Man United,Chelsea,D,1758385800,no,108965.12217,,0.26,0.255
62015520074305565819883983161567441327637003844706217420123954742081465918410,20250920-MUN-CHE,Man United,Chelsea,A,1758385800,no,676191.421525,,0.39,0.385
74725969932418713591999341141634655681692109022667227285884486412977348809655,20250920-FUL-BRE,Fulham,Brentford,H,1758394800,yes,666797.522441,,0.475,0.455
11826622634608029283720779545621381885613052801197595464104415411890999039328,20250920-FUL-BRE,Fulham,Brentford,D,1758394800,no,45925.157877,,0.28,0.28
53581677919513471939059705104951818285582791464614539416640352655278262826876,20250920-FUL-BRE,Fulham,Brentford,A,1758394800,no,135850.512121,,0.245,0.255
100888497483628597923742632947321303061250711608691533557809919147416305257613,20250921-SUN-AVL,Sunderland,Aston Villa,H,1758459600,no,70872.114385,,0.26,0.27
95485107862592844292737536165370177018486065805080469415228678647836995857701,20250921-SUN-AVL,Sunderland,Aston Villa,D,1758459600,yes,132417.480309,,0.29,0.295
94791207948889544896853512455207555391761249828102423377602300135953941758295,20250921-SUN-AVL,Sunderland,Aston Villa,A,1758459600,no,352423.568562,,0.45,0.445
54982865183154044743686614757831327587816386067268809537805332845084504911790,20250921-BOU-NEW,Bournemouth,Newcastle,H,1758459600,no,667292.371427,,0.405,0.41
28984645734379693660740141236980743763530663555029409392546456825090718873954,20250921-BOU-NEW,Bournemouth,Newcastle,D,1758459600,yes,35159.114793,,0.275,0.275
76542624325718418141375594030724777498682765375333795116374828674525689473485,20250921-BOU-NEW,Bournemouth,Newcastle,A,1758459600,no,159772.134101,,0.325,0.315
84745913222580840329789688551436263594455310005018852382625688024739590340884,20250921-ARS-MCI,Arsenal,Man City,H,1758468600,no,1688207.472982,,0.515,0.505
3588257462919295761290441176840268285598098578644581457128058913043890751533,20250921-ARS-MCI,Arsenal,Man City,D,1758468600,yes,108294.596015,,0.25,0.255
37830080751654159826237686662649614412176300107284312329570976973214436685254,20250921-ARS-MCI,Arsenal,Man City,A,1758468600,no,796352.198389,,0.24,0.255
80654658439940040833298616121541901642482749676496584914308105951448465732656,20250927-BRE-MUN,Brentford,Man United,H,1758972600,yes,197326.036676,,0.275,0.28
105465677453376939873798075504992941947805791412930816486462097211828960317759,20250927-BRE-MUN,Brentford,Man United,D,1758972600,no,53886.094315,,0.255,0.26
24966855822780400467970019499097572197994827222379422597754259704871659244910,20250927-BRE-MUN,Brentford,Man United,A,1758972600,no,750667.295114,,0.47,0.465
69114769264453724251708233432458285505470592175322146947900203497728465286995,20250927-CHE-BHA,Chelsea,Brighton,H,1758981600,no,779256.87757,,0.525,0.515
93791782612419921483454511809017627499781996555758056447712812371496793357055,20250927-CHE-BHA,Chelsea,Brighton,D,1758981600,no,38675.477943,,0.235,0.25
47687196034036086619671957870805709999183110986092595051442841037408247961144,20250927-CHE-BHA,Chelsea,Brighton,A,1758981600,yes,64405.609226,,0.235,0.245
39122528659147082838415213998599280911882115651826568265579693551327980473357,20250927-MCI-BUR,Man City,Burnley,H,1758981600,yes,859890.182837,,0.84,0.835
13185983808078685541432415903201230388787989272969615397067827321835268877012,20250927-MCI-BUR,Man City,Burnley,D,1758981600,no,24318.959638,,0.105,0.125
74779832165909742786695638786806424960816609127215574863710047207772113179525,20250927-MCI-BUR,Man City,Burnley,A,1758981600,no,45319.551832,,0.045,0.045
14694911659498639979320215882919238339277167763997536774934820208304434750358,20250927-CRY-LIV,Crystal Palace,Liverpool,H,1758981600,yes,139992.518202,,0.24,0.215
90919542798314664491913595316057159916205108208627903285946104368824287231782,20250927-CRY-LIV,Crystal Palace,Liverpool,D,1758981600,no,77349.753521,,0.255,0.26
28162083744465117592314963684181715380200458644174563601798116236394412534585,20250927-CRY-LIV,Crystal Palace,Liverpool,A,1758981600,no,779130.864188,,0.505,0.53
9522220851107840127844275327811756957806356573886109814919754329048471546109,20250927-LEE-BOU,Leeds,Bournemouth,H,1758981600,no,33679.999863,,0.315,0.315
61961184245516310550067899255664757481236663380415293951907975867285094454907,20250927-LEE-BOU,Leeds,Bournemouth,D,1758981600,yes,21998.687648,,0.29,0.29
87998411265377031742098708401910140776734732341918499719750702350215967854145,20250927-LEE-BOU,Leeds,Bournemouth,A,1758981600,no,109139.086695,,0.395,0.405
24801315604478457635153651291578645268466239037803438921601452191857087130345,20250927-NFO-SUN,Nott'm Forest,Sunderland,H,1758990600,no,723756.07603,,0.545,0.56
85053338217105165607059893851104355285363685678599244087703630339302071041860,20250927-NFO-SUN,Nott'm Forest,Sunderland,D,1758990600,no,30790.371503,,0.255,0.255
13225702026656424480864233427087285902434507056228956654095538437562570726322,20250927-NFO-SUN,Nott'm Forest,Sunderland,A,1758990600,yes,108579.071826,,0.195,0.185
23035515518940173246988604751681763574685399808771583134431517336823804517304,20250927-TOT-WOL,Tottenham,Wolves,H,1758999600,no,748097.14206,,0.655,0.625
85015182180644957913652465984479547006477574886416114144344043686328171867094,20250927-TOT-WOL,Tottenham,Wolves,D,1758999600,yes,49090.633988,,0.195,0.23
34408507652389386584715745319728605873215023736860280794230948694028504812549,20250927-TOT-WOL,Tottenham,Wolves,A,1758999600,no,165402.732685,,0.145,0.15
102540300297896573233701908022954613174680388893697105254399545681077321657781,20250928-AVL-FUL,Aston Villa,Fulham,H,1759064400,yes,882461.994728,,0.415,0.415
7078730266754912681748902897876576622146202724327282217393035403198192518551,20250928-AVL-FUL,Aston Villa,Fulham,D,1759064400,no,59906.606451,,0.305,0.3
4535954181301267352462600209690042566875728414800639222742629855918498902818,20250928-AVL-FUL,Aston Villa,Fulham,A,1759064400,no,440336.552387,,0.28,0.29
80568896035573809229328013760902374552340483292835385702283730727634801937345,20250928-NEW-ARS,Newcastle,Arsenal,H,1759073400,no,217760.351403,,0.265,0.255
91283374382333458835873369823955972083492315672171515165227536479433976874026,20250928-NEW-ARS,Newcastle,Arsenal,D,1759073400,no,80256.92366,,0.29,0.295
102568883076945460769120593809507945580506089174576993908151303470005033792255,20250928-NEW-ARS,Newcastle,Arsenal,A,1759073400,yes,788770.420495,,0.455,0.465
85802658614434705892427744966084846743933228591181750205305618972690554243484,20250929-EVE-WHU,Everton,West Ham,H,1759172400,no,485083.236371,,0.575,0.575
24147758548637741117177517518672502741327126118291294886494281072550610592348,20250929-EVE-WHU,Everton,West Ham,D,1759172400,yes,96521.642145,,0.255,0.25
32273849326788654576928016739242685591647982440756087362533070345884423795579,20250929-EVE-WHU,Everton,West Ham,A,1759172400,no,124672.094887,,0.18,0.175
42185264129358743733266443689980709046472192763657799244287003182004174514936,20251003-BOU-FUL,Bournemouth,Fulham,H,1759518000,yes,645032.171295,,0.515,0.495
100509225571969116307196534687138016539347908156222813706767963867848749941806,20251003-BOU-FUL,Bournemouth,Fulham,D,1759518000,no,88004.983058,,0.265,0.275
51368700877288855904783961844663208506795626388492096171474953969475584417510,20251003-BOU-FUL,Bournemouth,Fulham,A,1759518000,no,190116.454006,,0.225,0.235
38498235154610884616047567664891043850120293171796903358025709508201744705479,20251004-LEE-TOT,Leeds,Tottenham,H,1759577400,no,203174.798984,,0.345,0.355
104898252995899977497579176161720842778333936267211567530512291533694601892745,20251004-LEE-TOT,Leeds,Tottenham,D,1759577400,no,110082.131922,,0.28,0.285
11702559920818087234237241116819780669666801683957461607965365478711248762558,20251004-LEE-TOT,Leeds,Tottenham,A,1759577400,yes,508313.922844,,0.38,0.365
11005660518674461453187960444508197855120766319192230695570176011856712450881,20251004-ARS-WHU,Arsenal,West Ham,H,1759586400,yes,950615.322429,,0.82,0.815
4245761465085924120457711662572956645522970465435956388734713687925747843701,20251004-ARS-WHU,Arsenal,West Ham,D,1759586400,no,64206.335716,,0.125,0.13
8422702513614028916964105309347043209447918169262636695197608930744548276553,20251004-ARS-WHU,Arsenal,West Ham,A,1759586400,no,192245.955208,,0.06,0.055
55470288039443773763511827079691609323825397815470136571529187924602434043052,20251004-MUN-SUN,Man United,Sunderland,H,1759586400,yes,944074.143904,,0.65,0.625
75448175955680022829299137597666700915502092507560736130711772921435754320357,20251004-MUN-SUN,Man United,Sunderland,D,1759586400,no,63327.958385,,0.205,0.22
60096746513577800837830734263581052323777895005491713622813703192020645351548,20251004-MUN-SUN,Man United,Sunderland,A,1759586400,no,291019.675454,,0.145,0.165
98181111600714170239829303244640077707662755846579081192126466839113111836853,20251004-CHE-LIV,Chelsea,Liverpool,H,1759595400,yes,215132.730278,,0.335,0.335
37941357739769460609493997767765829741909450693334356844815642832557154008751,20251004-CHE-LIV,Chelsea,Liverpool,D,1759595400,no,237116.235162,,0.255,0.255
79418484782120544857980311401180508222172098770942324883717879862777107795014,20251004-CHE-LIV,Chelsea,Liverpool,A,1759595400,no,491945.49562,,0.42,0.41
110086233242188036860488464571646630929686371156803589930511855555081745004217,20251005-EVE-CRY,Everton,Crystal Palace,H,1759669200,yes,120967.214997,,0.375,0.365
112145974475288617758423067268587600871538698563807692564393448915619828208265,20251005-EVE-CRY,Everton,Crystal Palace,D,1759669200,no,121803.802775,,0.305,0.315
782989248544421383209871991277589047994513168447064281423771392924653542241,20251005-EVE-CRY,Everton,Crystal Palace,A,1759669200,no,144710.441177,,0.32,0.325
71804087704478261005568396739371052482004053323442948289565903969408632327350,20251005-AVL-BUR,Aston Villa,Burnley,H,1759669200,yes,125873.837635,,0.61,0.595
92052087590180011989181927785216039749018010362999163419351374240383325385549,20251005-AVL-BUR,Aston Villa,Burnley,D,1759669200,no,17912.776331,,0.24,0.245
114231594076421779490961694284089699359693369975598059281066662820715410180414,20251005-AVL-BUR,Aston Villa,Burnley,A,1759669200,no,34697.845182,,0.155,0.155
45923170076947021523802223825831537347695335648054644674001353969421483884709,20251005-WOL-BHA,Wolves,Brighton,H,1759669200,no,108950.934777,,0.26,0.255
89806621723625529628333016381417107689815236863608937671678153783604478462824,20251005-WOL-BHA,Wolves,Brighton,D,1759669200,yes,49244.760345,,0.27,0.27
80344825580796607385274471125343890823029749527393470438644981485744323444412,20251005-WOL-BHA,Wolves,Brighton,A,1759669200,no,317780.446639,,0.475,0.475
111227703939233752984858637446944435461725050118425726756276282903661473915949,20251005-NEW-NFO,Newcastle,Nott'm Forest,H,1759669200,yes,279041.120473,,0.63,0.64
54525139523055598984468358928702872857736558029693510215399010961054667356649,20251005-NEW-NFO,Newcastle,Nott'm Forest,D,1759669200,no,26014.899411,,0.215,0.215
37740393588581761315903120498526776113721039329490839186717529536100091964396,20251005-NEW-NFO,Newcastle,Nott'm Forest,A,1759669200,no,66163.469946,,0.165,0.145
82078800103664262455623784912400081488196964418347975444516663349319328231852,20251005-BRE-MCI,Brentford,Man City,H,1759678200,no,72317.382202,,0.185,0.175
83703141893833625638533919436304412760068605119074207963020764305946171750415,20251005-BRE-MCI,Brentford,Man City,D,1759678200,no,51829.157865,,0.215,0.22
27025198392649576042575186756525052811227596162372532303761079552346022922632,20251005-BRE-MCI,Brentford,Man City,A,1759678200,yes,629845.78505,,0.595,0.605
84556690084553943167185781119336087221475618711338916053133645424698908031105,20251018-NFO-CHE,Nott'm Forest,Chelsea,H,1760787000,no,217169.949566,,0.245,0.285
10577016776449182569207104404747221321199151929674991839230909701659998628429,20251018-NFO-CHE,Nott'm Forest,Chelsea,D,1760787000,no,91069.935098,,0.245,0.265
11956107451349157960152923825024101444945787418141516194442691625615486749654,20251018-NFO-CHE,Nott'm Forest,Chelsea,A,1760787000,yes,1110541.507662,,0.495,0.46
68164832282285104900151128158225424098588558077757957922273027445536988008095,20251018-MCI-EVE,Man City,Everton,H,1760796000,yes,466970.613648,,0.705,0.685
21891166252430321031797135081728814207916223880498098639265067676450252287573,20251018-MCI-EVE,Man City,Everton,D,1760796000,no,129153.614982,,0.185,0.205
65431728319529530742548268181634465439965909544148372708181092218690226882519,20251018-MCI-EVE,Man City,Everton,A,1760796000,no,240163.820573,,0.115,0.105
69378826218880177324247046965842012836300811138689031590876770129612095010050,20251018-CRY-BOU,Crystal Palace,Bournemouth,H,1760796000,no,299997.273055,,0.43,0.435
90666796415849228065072431991156156594352346046658918857792156972634870969926,20251018-CRY-BOU,Crystal Palace,Bournemouth,D,1760796000,yes,54224.840476,,0.285,0.285
19583388496267984061905780020661362953653866852537706373828622777149139116013,20251018-CRY-BOU,Crystal Palace,Bournemouth,A,1760796000,no,82928.14082,,0.285,0.285
24244779338400635256632224922634622037254932677465725416909602950707238030715,20251018-BHA-NEW,Brighton,Newcastle,H,1760796000,yes,60538.750664,,0.355,0.325
85165156414032813942224490569695151947891567101471705342597412092455896308420,20251018-BHA-NEW,Brighton,Newcastle,D,1760796000,no,65899.379487,,0.275,0.285
72308157081068167596687686718080015057489477657650551534558066322914539140251,20251018-BHA-NEW,Brighton,Newcastle,A,1760796000,no,123412.932301,,0.365,0.385
77125153411207112951988573115535841870168851091252059333370115665068924869751,20251018-BUR-LEE,Burnley,Leeds,H,1760796000,yes,43752.083052,,0.275,0.27
52547007702269955088382709287150204921606254566795837510146165763020659527216,20251018-BUR-LEE,Burnley,Leeds,D,1760796000,no,10489.897092,,0.3,0.3
72204695366765582704435450997768821776072664651777656079912670285611802291951,20251018-BUR-LEE,Burnley,Leeds,A,1760796000,no,21239.570299,,0.425,0.435
58096848144470244025784005817792567297603332656013719232526220031724001218815,20251018-SUN-WOL,Sunderland,Wolves,H,1760796000,yes,144476.987152,,0.395,0.37
113155509794031132510342559185679278875479005931884802768706130305627013824429,20251018-SUN-WOL,Sunderland,Wolves,D,1760796000,no,32553.329058,,0.32,0.32
5563377621186130998086458066232029091970855771427882192761347742106072507732,20251018-SUN-WOL,Sunderland,Wolves,A,1760796000,no,50078.260587,,0.295,0.31
57685340279874476101099131531265493405609442947977220878995602029591419856110,20251018-FUL-ARS,Fulham,Arsenal,H,1760805000,no,140966.088595,,0.145,0.12
103915638422385783449742513791033380868427553161526287343813696541410037518616,20251018-FUL-ARS,Fulham,Arsenal,D,1760805000,no,29170.002431,,0.215,0.225
33832873952816753330168335590611943372523250096814368936641275543928664197836,20251018-FUL-ARS,Fulham,Arsenal,A,1760805000,yes,530902.329802,,0.645,0.66
38217875790244536886959622740074895186938858306011557088513377836543331958796,20251019-TOT-AVL,Tottenham,Aston Villa,H,1760878800,no,359496.097611,,0.465,0.45
110184782678325717295156525779636835192474679432547167081465333620610024620573,20251019-TOT-AVL,Tottenham,Aston Villa,D,1760878800,no,66839.656529,,0.275,0.275
86862837143875775193730443237586505764146822011500444449316290643885855217363,20251019-TOT-AVL,Tottenham,Aston Villa,A,1760878800,yes,148291.108746,,0.265,0.275
75867628776888307820276572545786747084452180200045110793369927488887823537305,20251019-LIV-MUN,Liverpool,Man United,H,1760887800,no,979172.437216,,0.605,0.605
28875824918170484568165456347241238893557026896169757505469688867397884536206,20251019-LIV-MUN,Liverpool,Man United,D,1760887800,no,126714.846285,,0.215,0.215
106243820699200298918626747574812814135423724068041270149492311681352070397610,20251019-LIV-MUN,Liverpool,Man United,A,1760887800,yes,1348924.985269,,0.185,0.185
47449418163889333875825368332541708066106013566367885671436933178405133581852,20251020-WHU-BRE,West Ham,Brentford,H,1760986800,no,605531.500111,,0.375,0.365
98705815391217556899570306636211374933442548123317230447028213792384324371631,20251020-WHU-BRE,West Ham,Brentford,D,1760986800,no,74170.519212,,0.29,0.285
15075296827223408649123349148285838188168129933874406593237424347802724716485,20251020-WHU-BRE,West Ham,Brentford,A,1760986800,yes,383439.713229,,0.345,0.345
30413884270873456148709223082839466102170770506960488658235965928290123136035,20251024-LEE-WHU,Leeds,West Ham,H,1761332400,yes,350986.771433,,0.53,0.535
46989922153535687834881452526579430325384463679270525339176825823619522825824,20251024-LEE-WHU,Leeds,West Ham,D,1761332400,no,73253.785632,,0.265,0.265
110458542910229477860301044301936279464048264454202209636357323944697297186083,20251024-LEE-WHU,Leeds,West Ham,A,1761332400,no,159434.009348,,0.22,0.215
888835101946803536096381947654396530498260720591119606887678227501094842745,20251025-CHE-SUN,Chelsea,Sunderland,H,1761400800,no,734594.303723,,0.715,0.685
69709253071208231200915696644045113796496831122391040707604554593570194274469,20251025-CHE-SUN,Chelsea,Sunderland,D,1761400800,no,95259.786918,,0.185,0.205
73445949680484275031208321922921460090857439435317711812203062139531462678122,20251025-CHE-SUN,Chelsea,Sunderland,A,1761400800,yes,211797.951278,,0.105,0.115
4752564164110123852147502664421677668357398868170700130117167139963806462766,20251025-NEW-FUL,Newcastle,Fulham,H,1761400800,yes,308262.871199,,0.595,0.595
24933014952535743743187698576993260773490616437283189438886970074146055685714,20251025-NEW-FUL,Newcastle,Fulham,D,1761400800,no,51430.3577,,0.24,0.24
18644131003317160746914508569176953453834769611474455924833789079397350439659,20251025-NEW-FUL,Newcastle,Fulham,A,1761400800,no,103640.345295,,0.17,0.165
94698438020470218907303508910780389839901888626507967548028809742306747105468,20251025-MUN-BHA,Man United,Brighton,H,1761409800,yes,810943.544733,,0.495,0.485
1845158848325203533827933568017573601771511614813725093095092458802641790779,20251025-MUN-BHA,Man United,Brighton,D,1761409800,no,367622.909169,,0.25,0.25
22200996402818691091084074181329040542273135248017587687603968240866560941822,20251025-MUN-BHA,Man United,Brighton,A,1761409800,no,144876.21279,,0.265,0.275
8386875852040807135220685621123942947941235906195356595635047422129036309149,20251025-BRE-LIV,Brentford,Liverpool,H,1761418800,yes,184198.728914,,0.215,0.225
39522802555111372096520875155797635612830956741888340309736244462898683678951,20251025-BRE-LIV,Brentford,Liverpool,D,1761418800,no,43126.150153,,0.23,0.235
6675134789009206991735085546882274500162717407135928738552414393244894614263,20251025-BRE-LIV,Brentford,Liverpool,A,1761418800,no,1009541.793422,,0.565,0.535
41854566857946474152889490581884158904215205700731928540325448994019457296166,20251026-AVL-MCI,Aston Villa,Man City,H,1761487200,yes,185538.249375,,0.215,0.205
22884517954815607027543163169542679014420954445609242916218319356847374325963,20251026-AVL-MCI,Aston Villa,Man City,D,1761487200,no,30335.448228,,0.24,0.245
96161850582229977991959252692295515312901135397261712728941044288212125923875,20251026-AVL-MCI,Aston Villa,Man City,A,1761487200,no,866534.06624,,0.55,0.545
46173454324056495094490928340723174994948432585109353528214637578166683666974,20251026-ARS-CRY,Arsenal,Crystal Palace,H,1761487200,yes,493211.141453,,0.7,0.705
3807888849620464236219409098606748312498655535236498107002712451243030499377,20251026-ARS-CRY,Arsenal,Crystal Palace,D,1761487200,no,26105.449319,,0.195,0.195
75550642393299330532368705341990032139805320398708046355089482433826433688153,20251026-ARS-CRY,Arsenal,Crystal Palace,A,1761487200,no,144152.510507,,0.115,0.105
81556307628776634439581366854393217473422692958320897223046640762349951964450,20251026-WOL-BUR,Wolves,Burnley,H,1761487200,no,160907.53301,,0.49,0.505
44768961817316164444516507839928289879342150849919788201576736389024557270278,20251026-WOL-BUR,Wolves,Burnley,D,1761487200,no,54330.772586,,0.295,0.285
87116751004686954788854152075351167814527491842826055395856748791346451786860,20251026-WOL-BUR,Wolves,Burnley,A,1761487200,yes,53591.833068,,0.22,0.215
49502848774838778197946843062206975614396266968899555676801938288375103338358,20251026-BOU-NFO,Bournemouth,Nott'm Forest,H,1761487200,yes,654911.034088,,0.535,0.515
23763751929921144348761966645397679046653677321814696381326652585755956735632,20251026-BOU-NFO,Bournemouth,Nott'm Forest,D,1761487200,no,9675.710794,,0.255,0.265
2363202774710173173949935571801365825166896196689318889193121525565742543241,20251026-BOU-NFO,Bournemouth,Nott'm Forest,A,1761487200,no,40706.058869,,0.215,0.225
42959137075382614082044321213996356279524692220624452692972615226818375097521,20251026-EVE-TOT,Everton,Tottenham,H,1761496200,no,176481.918608,,0.4,0.415
56184825888306353496708354771777370006291288027320917334767856480057428438025,20251026-EVE-TOT,Everton,Tottenham,D,1761496200,no,94910.405617,,0.295,0.295
51464467082992407379889994607471583710622456708923024211102971638443341516200,20251026-EVE-TOT,Everton,Tottenham,A,1761496200,yes,363457.301579,,0.315,0.295
20625073438238381128236795698050947188605653655017505658415586673985549127988,20251101-NFO-MUN,Nott'm Forest,Man United,H,1762009200,no,145204.622017,,0.275,0.275
40228806116937968871434068435768770948170275497127664760204050854837302048975,20251101-NFO-MUN,Nott'm Forest,Man United,D,1762009200,yes,157790.409332,,0.255,0.26
103569050170909104706023378399781673051799357384399289015051987639227019675748,20251101-NFO-MUN,Nott'm Forest,Man United,A,1762009200,no,1788892.75907,,0.485,0.465
20297924756595012006374113581576958118297719690775790247347722384746040763787,20251101-BUR-ARS,Burnley,Arsenal,H,1762009200,no,283114.857166,,0.075,0.065
19441584299526902094058056806722634613506855500559270869185822089785856543014,20251101-BUR-ARS,Burnley,Arsenal,D,1762009200,no,46211.279334,,0.155,0.155
27789924515919568549419366797111465531161680282098523302669025621911726780565,20251101-BUR-ARS,Burnley,Arsenal,A,1762009200,yes,516060.53809,,0.775,0.78
22406641693320452711955013644365041723386895398389347821604571947266871173732,20251101-BHA-LEE,Brighton,Leeds,H,1762009200,yes,263578.838532,,0.505,0.485
107634177541594452113750669662415495630590078826608111059729154949674221837753,20251101-BHA-LEE,Brighton,Leeds,D,1762009200,no,14543.144597,,0.26,0.265
64841468773620081357998965457024065332145043881015128584305977994633309889236,20251101-BHA-LEE,Brighton,Leeds,A,1762009200,no,36806.847886,,0.23,0.245
93788187321418077540225868484089410965385415707214957120036131180285054750996,20251101-CRY-BRE,Crystal Palace,Brentford,H,1762009200,yes,60895.034841,,0.505,0.475
112344692299394760483577980630524223661091836553482489483724215046629928517616,20251101-CRY-BRE,Crystal Palace,Brentford,D,1762009200,no,13360.281687,,0.26,0.27
27352787921351437132150938098595737708780522324140026245889538071755084615932,20251101-CRY-BRE,Crystal Palace,Brentford,A,1762009200,no,38088.675069,,0.24,0.26
38852838438906629076432013771409504992885841512121685778913900276596782991394,20251101-FUL-WOL,Fulham,Wolves,H,1762009200,yes,177609.05224,,0.525,0.54
52584044849637038766161586164721293697085804693888108456734538267403957168833,20251101-FUL-WOL,Fulham,Wolves,D,1762009200,no,115740.134384,,0.27,0.255
2399208032788882042077627068039752993521461862759669094082595192039067427757,20251101-FUL-WOL,Fulham,Wolves,A,1762009200,no,129157.718704,,0.205,0.195
11020630288858196454442019628788722756448439383339324474431323043850376775556,20251101-TOT-CHE,Tottenham,Chelsea,H,1762018200,no,219789.955789,,0.35,0.325
35142638605244559944796574627259648429088640204093180662488137544944969802261,20251101-TOT-CHE,Tottenham,Chelsea,D,1762018200,no,54952.351878,,0.27,0.285
71303597829162568661397974813628126423734571515484489377713757261206741893093,20251101-TOT-CHE,Tottenham,Chelsea,A,1762018200,yes,346225.989401,,0.38,0.395
76396841637719050828850845750189348745013327017584506369811904645440684289114,20251101-LIV-AVL,Liverpool,Aston Villa,H,1762027200,yes,843498.22826,,0.595,0.585
95977030161426037525723914089505571015282182313748172431641679969079009535257,20251101-LIV-AVL,Liverpool,Aston Villa,D,1762027200,no,126099.527119,,0.225,0.22
64863053352397272888509104198673331741150246753142312433298873623814873288145,20251101-LIV-AVL,Liverpool,Aston Villa,A,1762027200,no,234453.108177,,0.19,0.205
44651080017984929372613859058170995420748465145653005178914249287357555709017,20251102-WHU-NEW,West Ham,Newcastle,H,1762092000,yes,407625.706419,,0.175,0.175
89757719812439231099640547163145814725159901776300373408286108556907929619029,20251102-WHU-NEW,West Ham,Newcastle,D,1762092000,no,114416.514181,,0.225,0.225
46000046985514434577431550242235274477153636290761815480157224091972435981176,20251102-WHU-NEW,West Ham,Newcastle,A,1762092000,no,686067.875069,,0.605,0.615
84673413762267042461633471837220391713807836630057158934238576361229687048441,20251102-MCI-BOU,Man City,Bournemouth,H,1762101000,yes,832429.659722,,0.64,0.665
49978321378721537495392400396733855773615009780031426380292254722697683987019,20251102-MCI-BOU,Man City,Bournemouth,D,1762101000,no,195912.053593,,0.2,0.195
46004765427558141927715646241718555479494374557401120200506544747461348870863,20251102-MCI-BOU,Man City,Bournemouth,A,1762101000,no,382208.059469,,0.16,0.145
71249091254211506286938845820928710151975200810453000842256222185754994496508,20251103-SUN-EVE,Sunderland,Everton,H,1762200000,no,606483.78548,,0.365,0.33
18809711699862768492674701287220546252258474761803822311168673900892070537488,20251103-SUN-EVE,Sunderland,Everton,D,1762200000,yes,86320.283165,,0.305,0.305
104998164425085238952877845740577516719765289055911174772803920833089435984517,20251103-SUN-EVE,Sunderland,Everton,A,1762200000,no,260536.614045,,0.335,0.365
17373910141890758016991601629005361920259183800273403928292829644300221188895,20251108-TOT-MUN,Tottenham,Man United,H,1762605000,no,614787.624804,,0.355,0.335
9848535614054876445864723698632623434185284100722073774574437794731106225945,20251108-TOT-MUN,Tottenham,Man United,D,1762605000,yes,182947.143449,,0.265,0.275
103846748679703395051244886889287058548609996262849149276174877585847895198149,20251108-TOT-MUN,Tottenham,Man United,A,1762605000,no,585423.593286,,0.375,0.395
7859231871335997096519041904221495757368963426798063477454999255937448445666,20251108-WHU-BUR,West Ham,Burnley,H,1762614000,yes,359792.569926,,0.505,0.525
99391088321640665648285008064758365926339272427049878366502885352299910649070,20251108-WHU-BUR,West Ham,Burnley,D,1762614000,no,56249.062775,,0.27,0.265
78488344142879508877041321743243989292403700714805123839513720586018503994589,20251108-WHU-BUR,West Ham,Burnley,A,1762614000,no,61473.374789,,0.23,0.205
111873208247747923739028325321530654490431271238494133472577471988420443138104,20251108-EVE-FUL,Everton,Fulham,H,1762614000,yes,183256.628384,,0.435,0.425
1857052257767030946002293605260860724157069190543113689292464508562013402916,20251108-EVE-FUL,Everton,Fulham,D,1762614000,no,37314.964858,,0.285,0.295
65700224170052679929575561491385573158073065942016516197142108079778038599866,20251108-EVE-FUL,Everton,Fulham,A,1762614000,no,79467.825871,,0.275,0.285
110432426421170574526121259811859695782649726464567874934165030176719041876579,20251108-SUN-ARS,Sunderland,Arsenal,H,1762623000,no,321463.662739,,0.105,0.12
56438536774694101678083728957253863979532968374699362910805811439437426723089,20251108-SUN-ARS,Sunderland,Arsenal,D,1762623000,yes,258814.142051,,0.195,0.21
91364923851892472910799455018651015557603915675413846424008527948425152812933,20251108-SUN-ARS,Sunderland,Arsenal,A,1762623000,no,918247.229582,,0.71,0.675
18316994539837355246165660892539994590256319378998948303737559556219780354392,20251108-CHE-WOL,Chelsea,Wolves,H,1762632000,yes,1087001.020153,,0.72,0.715
105738236260845103719895486741467535844667018771249582166797415062532650727885,20251108-CHE-WOL,Chelsea,Wolves,D,1762632000,no,135187.554508,,0.175,0.185
94618225126005156105993537257527566602276894328834878501800479929161396756112,20251108-CHE-WOL,Chelsea,Wolves,A,1762632000,no,205802.92963,,0.105,0.11
109941314796604936813003043754548763390892421279826376357590263254942096609313,20251109-NFO-LEE,Nott'm Forest,Leeds,H,1762696800,yes,205286.195328,,0.415,0.42
80355744196179784913903436052695505096677900200799810705749968401420538869361,20251109-NFO-LEE,Nott'm Forest,Leeds,D,1762696800,no,24490.639108,,0.285,0.295
102320341900039086511219129304466073780357238082143077506163963169104490719816,20251109-NFO-LEE,Nott'm Forest,Leeds,A,1762696800,no,39489.503803,,0.295,0.285
44623110248227182263524920709598432835467185438698898378400926229226251167932,20251109-AVL-BOU,Aston Villa,Bournemouth,H,1762696800,yes,357299.755649,,0.415,0.425
74655874091254935900453596134895619498881794779751550714671032631365783284563,20251109-AVL-BOU,Aston Villa,Bournemouth,D,1762696800,no,57562.023843,,0.285,0.28
98088767910008625418382803186104668675749871451088740835243801395922131532380,20251109-AVL-BOU,Aston Villa,Bournemouth,A,1762696800,no,143753.828803,,0.305,0.295
64055666650155411170485937074797756841170116032511891533923083603622334554982,20251109-CRY-BHA,Crystal Palace,Brighton,H,1762696800,no,200033.15942,,0.43,0.425
105785229752898587322019138712252666969189406627594383550456257140796044888059,20251109-CRY-BHA,Crystal Palace,Brighton,D,1762696800,yes,49814.009505,,0.275,0.28
109395310745449412389467595733447626739703500338530435190627351581304236981207,20251109-CRY-BHA,Crystal Palace,Brighton,A,1762696800,no,33776.497755,,0.3,0.305
4608552777831000365154441810273181476609532234368097032276519496659676487005,20251109-BRE-NEW,Brentford,Newcastle,H,1762696800,yes,134097.507485,,0.335,0.325
24749486571027818930565465430018779940588867889700365055511658133549057766075,20251109-BRE-NEW,Brentford,Newcastle,D,1762696800,no,15402.66838,,0.285,0.285
29543929173271959361545934724474163781887749681893064417042280067108835484258,20251109-BRE-NEW,Brentford,Newcastle,A,1762696800,no,213932.575359,,0.385,0.395
61206865398391730395029261403231535078840905711641196825285863647343934241721,20251109-MCI-LIV,Man City,Liverpool,H,1762705800,yes,1034301.660056,,0.515,0.505
68637875330411988700125420387919754183145855665755114007887015873476898715653,20251109-MCI-LIV,Man City,Liverpool,D,1762705800,no,100417.338263,,0.24,0.245
35026000446693241386077930327760803957792560228640115807965179683058587233005,20251109-MCI-LIV,Man City,Liverpool,A,1762705800,no,315406.252854,,0.25,0.255
103451617983302356160465522954024281462753653018414755351961247001020266093732,20251122-BUR-CHE,Burnley,Chelsea,H,1763814600,no,437816.158131,,0.125,0.135
33821306334371388520772431085453200409272612772395761148037728229266315155726,20251122-BUR-CHE,Burnley,Chelsea,D,1763814600,no,51496.312188,,0.205,0.215
86860164703827185398860710547180624542494210977670582299241584757213635442852,20251122-BUR-CHE,Burnley,Chelsea,A,1763814600,yes,917744.320912,,0.665,0.645
7971018049144933272731752732794610700814876992419213256094492094292258818078,20251122-WOL-CRY,Wolves,Crystal Palace,H,1763823600,no,252988.787956,,0.235,0.205
51782012366417888442619593978885009409743343557970105915986537283537875028232,20251122-WOL-CRY,Wolves,Crystal Palace,D,1763823600,no,22199.440623,,0.265,0.26
113784400178880964937110967057972273955687377933107022273367233498025829062954,20251122-WOL-CRY,Wolves,Crystal Palace,A,1763823600,yes,201640.486279,,0.5,0.53
52043913548795707738778966594686565735480302425037940301808454257764625832499,20251122-FUL-SUN,Fulham,Sunderland,H,1763823600,yes,674793.177192,,0.455,0.445
106493817514109163937223242223556124070892238711835255330912402705738376269910,20251122-FUL-SUN,Fulham,Sunderland,D,1763823600,no,40741.365052,,0.295,0.295
94058084160477955014484550718507994496571931855711067230922824745156344103329,20251122-FUL-SUN,Fulham,Sunderland,A,1763823600,no,249506.700686,,0.255,0.255
59836438890228718812942197353227254915588388377230371194886290700909906489454,20251122-BOU-WHU,Bournemouth,West Ham,H,1763823600,no,265969.325851,,0.585,0.565
44035496012752091367239000486930575455719342210651073318443917490512109814064,20251122-BOU-WHU,Bournemouth,West Ham,D,1763823600,yes,37108.874337,,0.235,0.24
55355116950602691588053234465927682467658569105887338389206903371942848339113,20251122-BOU-WHU,Bournemouth,West Ham,A,1763823600,no,124559.841775,,0.185,0.19
16541023344743453897130240660481186098927754597454411707492516750385797672251,20251122-LIV-NFO,Liverpool,Nott'm Forest,H,1763823600,no,702382.923991,,0.675,0.685
24451054205034796178940682251691607832425621922917989871479641584862940121307,20251122-LIV-NFO,Liverpool,Nott'm Forest,D,1763823600,no,95857.089231,,0.195,0.195
33127280354228598354434689277771502361866329171707675191025129912677773301456,20251122-LIV-NFO,Liverpool,Nott'm Forest,A,1763823600,yes,188350.680333,,0.135,0.115
68814519834214889086618165430884466373096106139347865933108581962363703422251,20251122-BHA-BRE,Brighton,Brentford,H,1763823600,yes,225904.809867,,0.495,0.48
71871880503322301672687937067896656928929176455392969413776028479255725292834,20251122-BHA-BRE,Brighton,Brentford,D,1763823600,no,32969.485813,,0.26,0.275
71556545852505981341319414524709068850306955410858024753837544553940295043110,20251122-BHA-BRE,Brighton,Brentford,A,1763823600,no,75855.165123,,0.245,0.245
19661031181767304289173227833213063862004276722274976561609690328499685168321,20251122-NEW-MCI,Newcastle,Man City,H,1763832600,yes,363585.186129,,0.255,0.245
27110749649230942696584855640391051418934743995544682068052266251928516803620,20251122-NEW-MCI,Newcastle,Man City,D,1763832600,no,72816.236448,,0.255,0.26
11562423650603571498492310512490336890601019419653982034431817934396244229528,20251122-NEW-MCI,Newcastle,Man City,A,1763832600,no,1591542.326108,,0.485,0.5
8501061246354536740917859849637642675190705094334131906604095455044569943554,20251123-LEE-AVL,Leeds,Aston Villa,H,1763906400,no,551417.026076,,0.325,0.325
12121308906282843491668905538707786763887913038633921771272173546102758956828,20251123-LEE-AVL,Leeds,Aston Villa,D,1763906400,no,64796.393681,,0.295,0.285
104502574357302290244560738478338154687200375740120896175880491528828507522399,20251123-LEE-AVL,Leeds,Aston Villa,A,1763906400,yes,839759.270639,,0.385,0.385
87608425176278030820297789843277366369791070090612290470661696907839688144236,20251123-ARS-TOT,Arsenal,Tottenham,H,1763915400,yes,1575910.851915,,0.685,0.685
106994602364191144324662035057418327191362059049234905378436322747434545341797,20251123-ARS-TOT,Arsenal,Tottenham,D,1763915400,no,64452.146147,,0.205,0.21
63937915144910677648333953836835296215506954576963775192409798480204041133960,20251123-ARS-TOT,Arsenal,Tottenham,A,1763915400,no,344634.742233,,0.115,0.115
46151681342688059023872656019616302615486711213662962987603473741764534940481,20251124-MUN-EVE,Man United,Everton,H,1764014400,no,1283974.812089,,0.555,0.535
97518417287802493021784461529470757015515945792495698991437058084254321796622,20251124-MUN-EVE,Man United,Everton,D,1764014400,no,113459.780164,,0.255,0.245
106378106689140010831108416614712758854257439358672258044179964742219670623504,20251124-MUN-EVE,Man United,Everton,A,1764014400,yes,826823.261226,,0.2,0.225
90682497416242449797728482899105593767726066092436604645002167300430742262646,20251129-SUN-BOU,Sunderland,Bournemouth,H,1764428400,yes,304364.833706,,0.305,0.305
42288783268208738832139366302956349867758169347485886816076357932275898848608,20251129-SUN-BOU,Sunderland,Bournemouth,D,1764428400,no,62991.594683,,0.285,0.295
103281396097021614203457643239004980184445241261442336216580542278066218007001,20251129-SUN-BOU,Sunderland,Bournemouth,A,1764428400,no,210679.076653,,0.415,0.405
67908422799877804654391139227333567643391774543129390917223762075925956941825,20251129-BRE-BUR,Brentford,Burnley,H,1764428400,yes,375330.748536,,0.675,0.645
98299656843725830005386525612011751301452717991825248020781551671199879052303,20251129-BRE-BUR,Brentford,Burnley,D,1764428400,no,52687.694129,,0.205,0.215
113130037575022283012192709474416487990614841289195009471674890056287671600469,20251129-BRE-BUR,Brentford,Burnley,A,1764428400,no,53409.687716,,0.13,0.135
14736568877769189718369157188102701087514491779285827849796895505079784010180,20251129-MCI-LEE,Man City,Leeds,H,1764428400,yes,1586687.8494,,0.795,0.785
26244253944623448869889007850221241546265689651387052077003034777621941692808,20251129-MCI-LEE,Man City,Leeds,D,1764428400,no,127032.150281,,0.135,0.145
45321603679022322703476642682147651814055898519148977921802271615211068121910,20251129-MCI-LEE,Man City,Leeds,A,1764428400,no,484611.110389,,0.075,0.075
77987296471146266006084837946940752978707377006100379699677530850985308223809,20251129-EVE-NEW,Everton,Newcastle,H,1764437400,no,179594.372488,,0.35,0.345
58304002950995270785072693077873424806764928714885860133119637693900613807157,20251129-EVE-NEW,Everton,Newcastle,D,1764437400,no,46143.165231,,0.295,0.295
35548190694413524545435877931652318198588169614761188760421416936874971228160,20251129-EVE-NEW,Everton,Newcastle,A,1764437400,yes,257673.258259,,0.365,0.375
17706813304091430194717742413909455987633908522820989919955279827416100808251,20251129-TOT-FUL,Tottenham,Fulham,H,1764446400,no,344662.967692,,0.425,0.42
91762722481191116799095664206863322168112735911351223624110080454546095655658,20251129-TOT-FUL,Tottenham,Fulham,D,1764446400,no,36974.346059,,0.285,0.285
77487661395831993394493798019309972382023862456532194450428120559464264358276,20251129-TOT-FUL,Tottenham,Fulham,A,1764446400,yes,396739.725296,,0.28,0.295
22525974484505916827605283018193371452430332778687636015777549653695398399605,20251130-CRY-MUN,Crystal Palace,Man United,H,1764504000,no,1444448.136069,,0.425,0.425
62500075018756615081184762574808068385092790657382003861408965894794483652996,20251130-CRY-MUN,Crystal Palace,Man United,D,1764504000,no,84301.096651,,0.265,0.275
14722846465107928828154913886855539166496711535203350633132967259720063173315,20251130-CRY-MUN,Crystal Palace,Man United,A,1764504000,yes,637617.76262,,0.31,0.305
16195640162716413655722661014774387717139281884337962992039589457950940105403,20251130-WHU-LIV,West Ham,Liverpool,H,1764511500,no,273475.881263,,0.225,0.195
107724594617267245608427500044270462523692652603803681329066663730718261484118,20251130-WHU-LIV,West Ham,Liverpool,D,1764511500,no,67299.638713,,0.225,0.215
51311130433689128195227485520467960093542103208753034324834513167961210148885,20251130-WHU-LIV,West Ham,Liverpool,A,1764511500,yes,869381.732108,,0.56,0.595
94457946650182902863561585812126718662660575342532835050580146153172534460664,20251130-NFO-BHA,Nott'm Forest,Brighton,H,1764511500,no,132624.350315,,0.355,0.355
36535649587694518435000163301430563814208393075704330460513130865976373903365,20251130-NFO-BHA,Nott'm Forest,Brighton,D,1764511500,no,19560.657001,,0.285,0.28
17389346190256488190598657955882584336379638905265445761456813788325464236912,20251130-NFO-BHA,Nott'm Forest,Brighton,A,1764511500,yes,233199.309211,,0.365,0.365
61693554841053518328739880874851592203014307690691218153911285461422546201859,20251130-AVL-WOL,Aston Villa,Wolves,H,1764511500,yes,1115371.052554,,0.655,0.655
80866933580122701554668569574922098602918753232331750529305107587133165357979,20251130-AVL-WOL,Aston Villa,Wolves,D,1764511500,no,45975.468989,,0.21,0.215
2285658822264115780661947757220955630523054541159203867193687464241439990176,20251130-AVL-WOL,Aston Villa,Wolves,A,1764511500,no,281125.919944,,0.14,0.135
93484603225779633766383732262593341224683896967922366957539904584248019202663,20251130-CHE-ARS,Chelsea,Arsenal,H,1764520200,no,964783.695567,,0.285,0.285
26436928589188521916727122975216969034133298393090327148349261603223344961755,20251130-CHE-ARS,Chelsea,Arsenal,D,1764520200,yes,159004.031749,,0.29,0.305
63713716447719278548655275522444481073380433546434834146374640487131953358898,20251130-CHE-ARS,Chelsea,Arsenal,A,1764520200,no,1109663.217862,,0.425,0.415
109284637584895126602145690285836186714450892039908383698135370178709651752794,20251202-BOU-EVE,Bournemouth,Everton,H,1764703800,no,437533.05037,,0.455,0.455
43152784079487588758364441119108341318749158167871084537729331037934044624182,20251202-BOU-EVE,Bournemouth,Everton,D,1764703800,no,90569.651284,,0.285,0.285
7434268329688179177839869305197462536622310889243158721271546728258406676100,20251202-BOU-EVE,Bournemouth,Everton,A,1764703800,yes,217277.542413,,0.255,0.265
99308056660277198372967081230221856962157716526802521595619023664994260403036,20251202-FUL-MCI,Fulham,Man City,H,1764703800,no,1244426.706874,,0.185,0.18
99374056358922528619832169832306766462488804451157008212411552028549791820820,20251202-FUL-MCI,Fulham,Man City,D,1764703800,no,85989.52056,,0.225,0.225
59666921803801010302722157375880703905245557107410431339252296972858797220910,20251202-FUL-MCI,Fulham,Man City,A,1764703800,yes,1871013.997153,,0.585,0.595
26613626861545519136607173408594337303129744743793496138152622912566440939458,20251202-NEW-TOT,Newcastle,Tottenham,H,1764706500,no,1238984.475626,,0.565,0.535
70177701423962355712813732586004175582403668061416173267146550585395213470492,20251202-NEW-TOT,Newcastle,Tottenham,D,1764706500,yes,101615.144503,,0.235,0.245
60670296023936128800196105618644864450401310859558685555109788165202509459447,20251202-NEW-TOT,Newcastle,Tottenham,A,1764706500,no,257565.755627,,0.205,0.225
96449382854586257284082679936560117767717387700602454235352109931580450352811,20251203-BUR-CRY,Burnley,Crystal Palace,H,1764790200,no,910598.862991,,0.195,0.185
19918105042639564444082031338688989420474192017986235436386852240153345006684,20251203-BUR-CRY,Burnley,Crystal Palace,D,1764790200,no,54310.553991,,0.255,0.26
54751789796999259438253560750277445192369909765729455476836805466990709268468,20251203-BUR-CRY,Burnley,Crystal Palace,A,1764790200,yes,629848.693028,,0.555,0.555
96116355121402431541311080040920644142509313339377244285596627584047662255619,20251203-BHA-AVL,Brighton,Aston Villa,H,1764790200,no,519725.67351,,0.455,0.42
2854333825919684016276252178393320009125333484229687936492729124975428449318,20251203-BHA-AVL,Brighton,Aston Villa,D,1764790200,no,53437.976032,,0.27,0.285
37640962318272171387605299111475282476139537562381305555268032000623957135441,20251203-BHA-AVL,Brighton,Aston Villa,A,1764790200,yes,339941.911625,,0.275,0.295
52000401250827069237125967218132497706438538242032825930890396372452860620015,20251203-ARS-BRE,Arsenal,Brentford,H,1764790200,yes,1857585.0258,,0.715,0.685
24141807436313989298770874348024266318516359814353562178279239453082839318570,20251203-ARS-BRE,Arsenal,Brentford,D,1764790200,no,62659.356244,,0.185,0.205
56379403697732983665035427247233357091703107805101586582226304606007679643590,20251203-ARS-BRE,Arsenal,Brentford,A,1764790200,no,194040.370124,,0.1,0.115
5190721216541860803456585827206388804309677204924162843013007011739903936686,20251203-WOL-NFO,Wolves,Nott'm Forest,H,1764790200,no,1043374.342965,,0.295,0.305
45017332882742993157656941516833808617965723539504458948553462487201340055596,20251203-WOL-NFO,Wolves,Nott'm Forest,D,1764790200,no,42327.49302,,0.285,0.295
75557221621574814370885353856666988049414540629986780246515412247507366480536,20251203-WOL-NFO,Wolves,Nott'm Forest,A,1764790200,yes,793219.300541,,0.425,0.415
43668143360666477437894293897127533769927093430766747094481398883645857384151,20251203-LEE-CHE,Leeds,Chelsea,H,1764792900,yes,1457779.784486,,0.215,0.235
42047791306963561605339348041830707329709379716192928823478253540429291753319,20251203-LEE-CHE,Leeds,Chelsea,D,1764792900,no,180656.911512,,0.235,0.265
71300512229176476537974214949657184637916412084275602679689570299848416784559,20251203-LEE-CHE,Leeds,Chelsea,A,1764792900,no,2781944.259954,,0.55,0.505
18113682605379011762895587551442589775153604792293945073066235550642554631394,20251203-LIV-SUN,Liverpool,Sunderland,H,1764792900,no,1891319.737577,,0.715,0.725
49879974156798137108823212335386573705765905132331983907847055599073172820581,20251203-LIV-SUN,Liverpool,Sunderland,D,1764792900,yes,204736.632953,,0.175,0.175
6814264268295952824088663703997375240590047654061809969327469162755708441391,20251203-LIV-SUN,Liverpool,Sunderland,A,1764792900,no,360418.813118,,0.115,0.105
